2026-07-21T10:57:12.650216+02:00 HOST-REDACTED-B systemd[1]: Manage Sound Card State (restore and store) was skipped because of an unmet condition check (ConditionPathExists=/etc/alsa/state-daemon.conf).
2026-07-21T10:57:12.650232+02:00 HOST-REDACTED-B systemd[1]: Reached target Sound Card.
2026-07-21T10:57:12.650857+02:00 HOST-REDACTED-B systemd[1]: Starting Avahi mDNS/DNS-SD Stack...
2026-07-21T10:57:12.651562+02:00 HOST-REDACTED-B systemd[1]: Starting Bluetooth service...
2026-07-21T10:57:12.652173+02:00 HOST-REDACTED-B systemd[1]: Starting Hardware Specific CEC Configuration...
2026-07-21T10:57:12.652774+02:00 HOST-REDACTED-B systemd[1]: Started Service for enabling and controlling dmem cgroup limits for boosting foreground games, system-level.
2026-07-21T10:57:12.656835+02:00 HOST-REDACTED-B dbus-broker-launch[1177]: Ready
2026-07-21T10:57:12.662861+02:00 HOST-REDACTED-B kernel: Bluetooth: hci0: AOSP extensions version v1.00
2026-07-21T10:57:12.662997+02:00 HOST-REDACTED-B systemd[1]: Starting firewalld - dynamic firewall daemon...
2026-07-21T10:57:12.663141+02:00 HOST-REDACTED-B systemd[1]: Remove flathub beta repo was skipped because no trigger condition checks were met.
2026-07-21T10:57:12.663794+02:00 HOST-REDACTED-B systemd[1]: Started GPU performance capture daemon.
2026-07-21T10:57:12.663885+02:00 HOST-REDACTED-B systemd[1]: Disable invalid SD card entries in /etc/fstab was skipped because of an unmet condition check (ConditionPathExists=/var/lib/overlays/etc/upper/fstab).
2026-07-21T10:57:12.664634+02:00 HOST-REDACTED-B systemd[1]: Starting Jupiter BIOS Update Service...
2026-07-21T10:57:12.665485+02:00 HOST-REDACTED-B systemd[1]: Started Jupiter fan control.
2026-07-21T10:57:12.666497+02:00 HOST-REDACTED-B systemd[1]: Starting kdumpst loader boot-time service...
2026-07-21T10:57:12.667573+02:00 HOST-REDACTED-B systemd[1]: Starting Hardware Specific Pipewire Configuration...
2026-07-21T10:57:12.667745+02:00 HOST-REDACTED-B systemd[1]: SSH Key Generation was skipped because no trigger condition checks were met.
2026-07-21T10:57:12.668829+02:00 HOST-REDACTED-B systemd[1]: Starting set multiple CFS tunings in sched debugfs...
2026-07-21T10:57:12.669640+02:00 HOST-REDACTED-B systemd[1]: Started "SteamOS Devkit Service".
2026-07-21T10:57:12.670466+02:00 HOST-REDACTED-B systemd[1]: Starting Append SteamOS info to kernel log...
2026-07-21T10:57:12.670520+02:00 HOST-REDACTED-B systemd[1]: Finish migration from OOBE build was skipped because of an unmet condition check (ConditionPathIsDirectory=/home/doorstop).
2026-07-21T10:57:12.671012+02:00 HOST-REDACTED-B jupiter-biosupdate[1237]: Performing BIOS updates
2026-07-21T10:57:12.671318+02:00 HOST-REDACTED-B systemd[1]: Starting Create UID 1000 homedir on first boot/after factory reset...
2026-07-21T10:57:12.673228+02:00 HOST-REDACTED-B systemd[1]: Started SteamOS log submitter service - sends error logs to Valve.
2026-07-21T10:57:12.673852+02:00 HOST-REDACTED-B kernel: amdgpu 0000:09:00.0: amdgpu: RAS: optional ras ta ucode is not available
2026-07-21T10:57:12.675718+02:00 HOST-REDACTED-B systemd[1]: Starting SteamOS Manager Daemon...
2026-07-21T10:57:12.675876+02:00 HOST-REDACTED-B systemd[1]: Run tasks on the first boot after an OS update was skipped because of an unmet condition check (ConditionPathExists=/var/lib/steamos-atomupd/system-updated).
2026-07-21T10:57:12.676827+02:00 HOST-REDACTED-B systemd[1]: Starting Set default plasma global theme...
2026-07-21T10:57:12.677857+02:00 HOST-REDACTED-B kernel: amdgpu 0000:09:00.0: amdgpu: RAP: optional rap ta ucode is not available
2026-07-21T10:57:12.678107+02:00 HOST-REDACTED-B kernel: amdgpu 0000:09:00.0: amdgpu: SECUREDISPLAY: optional securedisplay ta ucode is not available
2026-07-21T10:57:12.678324+02:00 HOST-REDACTED-B kernel: amdgpu 0000:09:00.0: amdgpu: smu driver if version = 0x0000002e, smu fw if version = 0x00000032, smu fw program = 0, smu fw version = 0x00664500 (102.69.0)
2026-07-21T10:57:12.678540+02:00 HOST-REDACTED-B kernel: amdgpu 0000:09:00.0: amdgpu: SMU driver if version not matched
2026-07-21T10:57:12.678725+02:00 HOST-REDACTED-B systemd[1]: SteamOS Settings Importer was skipped because of an unmet condition check (ConditionPathIsDirectory=/efi/settings).
2026-07-21T10:57:12.679110+02:00 HOST-REDACTED-B pipewire-hwconfig[1242]: Checking for wireplumber hardware profile matching asus, system product name
2026-07-21T10:57:12.679279+02:00 HOST-REDACTED-B pipewire-hwconfig[1242]: Installing pipewire hardware profile from '/usr/share/pipewire/hardware-profiles/default' in /run/pipewire
2026-07-21T10:57:12.679894+02:00 HOST-REDACTED-B unknown: SteamOS System Info: SteamOS
2026-07-21T10:57:12.680016+02:00 HOST-REDACTED-B jupiter-biosupdate[1237]: Skipping update due to unsupported hardware revision
2026-07-21T10:57:12.681434+02:00 HOST-REDACTED-B systemd[1]: Starting User Login Management...
2026-07-21T10:57:12.681481+02:00 HOST-REDACTED-B systemd[1]: TPM PCR Barrier (User) was skipped because of an unmet condition check (ConditionSecurity=measured-uki).
2026-07-21T10:57:12.682254+02:00 HOST-REDACTED-B systemd[1]: Starting Hardware Specific Wireplumber Configuration...
2026-07-21T10:57:12.682303+02:00 HOST-REDACTED-B root[1259]: Not all CFS debugfs settings applied successfuly
2026-07-21T10:57:12.683899+02:00 HOST-REDACTED-B systemd[1]: Finished Hardware Specific CEC Configuration.
2026-07-21T10:57:12.684193+02:00 HOST-REDACTED-B systemd[1]: jupiter-biosupdate.service: Deactivated successfully.
2026-07-21T10:57:12.684376+02:00 HOST-REDACTED-B systemd[1]: Finished Jupiter BIOS Update Service.
2026-07-21T10:57:12.684689+02:00 HOST-REDACTED-B systemd[1]: Finished set multiple CFS tunings in sched debugfs.
2026-07-21T10:57:12.684974+02:00 HOST-REDACTED-B systemd[1]: Finished Create UID 1000 homedir on first boot/after factory reset.
2026-07-21T10:57:12.685853+02:00 HOST-REDACTED-B unknown: SteamOS System Info: Partition:
2026-07-21T10:57:12.685875+02:00 HOST-REDACTED-B unknown: B
2026-07-21T10:57:12.685899+02:00 HOST-REDACTED-B unknown: SteamOS System Info: Hardware identifiers:
2026-07-21T10:57:12.686658+02:00 HOST-REDACTED-B systemd[1]: steamos-set-plasma-theme.service: Deactivated successfully.
2026-07-21T10:57:12.686931+02:00 HOST-REDACTED-B systemd[1]: Finished Set default plasma global theme.
2026-07-21T10:57:12.687172+02:00 HOST-REDACTED-B pipewire-hwconfig[1279]: '/usr/share/pipewire/hardware-profiles/default/pipewire.conf.d/context-properties.conf' -> '/run/pipewire/pipewire.conf.d/context-properties.conf'
2026-07-21T10:57:12.687906+02:00 HOST-REDACTED-B unknown: SteamOS System Info:        board_identifier: SERIAL-REDACTED-1
2026-07-21T10:57:12.690027+02:00 HOST-REDACTED-B systemd[1]: Finished Hardware Specific Pipewire Configuration.
2026-07-21T10:57:12.693856+02:00 HOST-REDACTED-B unknown: SteamOS System Info:        product_identifier: SERIAL-REDACTED-2
2026-07-21T10:57:12.691060+02:00 HOST-REDACTED-B (udev-worker)[653]: input20::compose: Process '/usr/bin/chown USER-REDACTED:USER-REDACTED '/sys/class/leds/input20::compose/multi_intensity'' failed with exit code 1.
2026-07-21T10:57:12.692440+02:00 HOST-REDACTED-B avahi-daemon[1230]: Found user 'avahi' (UID 972) and group 'avahi' (GID 972).
2026-07-21T10:57:12.691539+02:00 HOST-REDACTED-B (udev-worker)[659]: input20::scrolllock: Process '/usr/bin/chown USER-REDACTED:USER-REDACTED '/sys/class/leds/input20::scrolllock/multi_intensity_startup'' failed with exit code 1.
2026-07-21T10:57:12.692896+02:00 HOST-REDACTED-B avahi-daemon[1230]: Successfully dropped root privileges.
2026-07-21T10:57:12.692919+02:00 HOST-REDACTED-B (udev-worker)[658]: input20::capslock: Process '/usr/bin/chown USER-REDACTED:USER-REDACTED '/sys/class/leds/input20::capslock/multi_intensity'' failed with exit code 1.
2026-07-21T10:57:12.693065+02:00 HOST-REDACTED-B avahi-daemon[1230]: avahi-daemon 0.8 starting up.
2026-07-21T10:57:12.693094+02:00 HOST-REDACTED-B (udev-worker)[650]: input20::numlock: Process '/usr/bin/chown USER-REDACTED:USER-REDACTED '/sys/class/leds/input20::numlock/multi_intensity_startup'' failed with exit code 1.
2026-07-21T10:57:12.693432+02:00 HOST-REDACTED-B (udev-worker)[652]: input20::kana: Process '/usr/bin/chown USER-REDACTED:USER-REDACTED '/sys/class/leds/input20::kana/multi_intensity'' failed with exit code 1.
2026-07-21T10:57:12.693994+02:00 HOST-REDACTED-B systemd[1]: Started Avahi mDNS/DNS-SD Stack.
2026-07-21T10:57:12.695111+02:00 HOST-REDACTED-B (udev-worker)[659]: input20::scrolllock: Process '/usr/bin/chown USER-REDACTED:USER-REDACTED '/sys/class/leds/input20::scrolllock/profile'' failed with exit code 1.
2026-07-21T10:57:12.694586+02:00 HOST-REDACTED-B avahi-daemon[1230]: Successfully called chroot().
2026-07-21T10:57:12.694594+02:00 HOST-REDACTED-B avahi-daemon[1230]: Successfully dropped remaining capabilities.
2026-07-21T10:57:12.695081+02:00 HOST-REDACTED-B avahi-daemon[1230]: No service file found in /etc/avahi/services.
2026-07-21T10:57:12.695908+02:00 HOST-REDACTED-B unknown: SteamOS System Info: Battery:
2026-07-21T10:57:12.695925+02:00 HOST-REDACTED-B unknown: SteamOS System Info:        No battery found!
2026-07-21T10:57:12.695937+02:00 HOST-REDACTED-B unknown: SteamOS System Info: Boot Config:
2026-07-21T10:57:12.695160+02:00 HOST-REDACTED-B avahi-daemon[1230]: *** WARNING: Detected another IPv4 mDNS stack running on this host. This makes mDNS unreliable and is thus not recommended. ***
2026-07-21T10:57:12.695188+02:00 HOST-REDACTED-B avahi-daemon[1230]: *** WARNING: Detected another IPv6 mDNS stack running on this host. This makes mDNS unreliable and is thus not recommended. ***
2026-07-21T10:57:12.695303+02:00 HOST-REDACTED-B avahi-daemon[1230]: Joining mDNS multicast group on interface lo.IPv6 with address ::1.
2026-07-21T10:57:12.695312+02:00 HOST-REDACTED-B avahi-daemon[1230]: New relevant interface lo.IPv6 for mDNS.
2026-07-21T10:57:12.695317+02:00 HOST-REDACTED-B avahi-daemon[1230]: Joining mDNS multicast group on interface lo.IPv4 with address 127.0.0.1.
2026-07-21T10:57:12.695324+02:00 HOST-REDACTED-B avahi-daemon[1230]: New relevant interface lo.IPv4 for mDNS.
2026-07-21T10:57:12.695328+02:00 HOST-REDACTED-B avahi-daemon[1230]: Network interface enumeration completed.
2026-07-21T10:57:12.695394+02:00 HOST-REDACTED-B avahi-daemon[1230]: Server startup complete. Host name is HOST-REDACTED-B.local. Local service cookie is 3982568884.
2026-07-21T10:57:12.697816+02:00 HOST-REDACTED-B bluetoothd[1231]: Bluetooth daemon 5.83
2026-07-21T10:57:12.697858+02:00 HOST-REDACTED-B (udev-worker)[650]: input20::numlock: Process '/usr/bin/chown USER-REDACTED:USER-REDACTED '/sys/class/leds/input20::numlock/profile'' failed with exit code 1.
2026-07-21T10:57:12.698137+02:00 HOST-REDACTED-B (udev-worker)[658]: input20::capslock: Process '/usr/bin/chown USER-REDACTED:USER-REDACTED '/sys/class/leds/input20::capslock/multi_intensity_startup'' failed with exit code 1.
2026-07-21T10:57:12.698626+02:00 HOST-REDACTED-B (udev-worker)[659]: input20::scrolllock: Process '/usr/bin/chown USER-REDACTED:USER-REDACTED '/sys/class/leds/input20::scrolllock/speed'' failed with exit code 1.
2026-07-21T10:57:12.699313+02:00 HOST-REDACTED-B (udev-worker)[652]: input20::kana: Process '/usr/bin/chown USER-REDACTED:USER-REDACTED '/sys/class/leds/input20::kana/multi_intensity_startup'' failed with exit code 1.
2026-07-21T10:57:12.700952+02:00 HOST-REDACTED-B systemd[1]: Started Bluetooth service.
2026-07-21T10:57:12.700992+02:00 HOST-REDACTED-B bluetoothd[1231]: Starting SDP server
2026-07-21T10:57:12.701229+02:00 HOST-REDACTED-B systemd[1]: Reached target Bluetooth Support.
2026-07-21T10:57:12.701394+02:00 HOST-REDACTED-B (udev-worker)[650]: input20::numlock: Process '/usr/bin/chown USER-REDACTED:USER-REDACTED '/sys/class/leds/input20::numlock/speed'' failed with exit code 1.
2026-07-21T10:57:12.702456+02:00 HOST-REDACTED-B (udev-worker)[659]: input20::scrolllock: Process '/usr/bin/chown USER-REDACTED:USER-REDACTED '/sys/class/leds/input20::scrolllock/delay'' failed with exit code 1.
2026-07-21T10:57:12.702811+02:00 HOST-REDACTED-B (udev-worker)[652]: input20::kana: Process '/usr/bin/chown USER-REDACTED:USER-REDACTED '/sys/class/leds/input20::kana/profile'' failed with exit code 1.
2026-07-21T10:57:12.702883+02:00 HOST-REDACTED-B (udev-worker)[653]: input20::compose: Process '/usr/bin/chown USER-REDACTED:USER-REDACTED '/sys/class/leds/input20::compose/multi_intensity_startup'' failed with exit code 1.
2026-07-21T10:57:12.703930+02:00 HOST-REDACTED-B (udev-worker)[658]: input20::capslock: Process '/usr/bin/chown USER-REDACTED:USER-REDACTED '/sys/class/leds/input20::capslock/profile'' failed with exit code 1.
2026-07-21T10:57:12.705841+02:00 HOST-REDACTED-B (udev-worker)[649]: input20::scrolllock: Process '/usr/bin/chown USER-REDACTED:USER-REDACTED '/sys/class/leds/input20::scrolllock/brightness'' failed with exit code 1.
2026-07-21T10:57:12.706082+02:00 HOST-REDACTED-B (udev-worker)[650]: input20::numlock: Process '/usr/bin/chown USER-REDACTED:USER-REDACTED '/sys/class/leds/input20::numlock/delay'' failed with exit code 1.
2026-07-21T10:57:12.706468+02:00 HOST-REDACTED-B (udev-worker)[658]: input20::capslock: Process '/usr/bin/chown USER-REDACTED:USER-REDACTED '/sys/class/leds/input20::capslock/speed'' failed with exit code 1.
2026-07-21T10:57:12.707144+02:00 HOST-REDACTED-B wireplumber-hwconfig[1275]: Checking for wireplumber hardware profile matching asus, system product name
2026-07-21T10:57:12.707301+02:00 HOST-REDACTED-B (udev-worker)[652]: input20::kana: Process '/usr/bin/chown USER-REDACTED:USER-REDACTED '/sys/class/leds/input20::kana/speed'' failed with exit code 1.
2026-07-21T10:57:12.707537+02:00 HOST-REDACTED-B wireplumber-hwconfig[1275]: Installing wireplumber hardware profile from '/usr/share/wireplumber/hardware-profiles/default' in /run/wireplumber
2026-07-21T10:57:12.707587+02:00 HOST-REDACTED-B (udev-worker)[653]: input20::compose: Process '/usr/bin/chown USER-REDACTED:USER-REDACTED '/sys/class/leds/input20::compose/profile'' failed with exit code 1.
2026-07-21T10:57:12.708858+02:00 HOST-REDACTED-B kernel: Bluetooth: BNEP (Ethernet Emulation) ver 1.3
2026-07-21T10:57:12.708901+02:00 HOST-REDACTED-B kernel: Bluetooth: BNEP filters: protocol multicast
2026-07-21T10:57:12.708924+02:00 HOST-REDACTED-B kernel: Bluetooth: BNEP socket layer initialized
2026-07-21T10:57:12.709810+02:00 HOST-REDACTED-B bluetoothd[1231]: Bluetooth management interface 1.23 initialized
2026-07-21T10:57:12.709972+02:00 HOST-REDACTED-B bluetoothd[1231]: Battery Provider Manager created
2026-07-21T10:57:12.710855+02:00 HOST-REDACTED-B kernel: Bluetooth: MGMT ver 1.23
2026-07-21T10:57:12.710887+02:00 HOST-REDACTED-B unknown: SteamOS System Info:        A       boot-attempts        0
2026-07-21T10:57:12.711320+02:00 HOST-REDACTED-B (udev-worker)[650]: input20::numlock: Process '/usr/bin/chown USER-REDACTED:USER-REDACTED '/sys/class/leds/input20::numlock/brightness'' failed with exit code 1.
2026-07-21T10:57:12.713723+02:00 HOST-REDACTED-B (udev-worker)[652]: input20::kana: Process '/usr/bin/chown USER-REDACTED:USER-REDACTED '/sys/class/leds/input20::kana/delay'' failed with exit code 1.
2026-07-21T10:57:12.714203+02:00 HOST-REDACTED-B (udev-worker)[649]: input20::scrolllock: Process '/usr/bin/chown USER-REDACTED:USER-REDACTED '/sys/class/leds/input20::scrolllock/brightness_scale'' failed with exit code 1.
2026-07-21T10:57:12.714633+02:00 HOST-REDACTED-B (udev-worker)[653]: input20::compose: Process '/usr/bin/chown USER-REDACTED:USER-REDACTED '/sys/class/leds/input20::compose/speed'' failed with exit code 1.
2026-07-21T10:57:12.715295+02:00 HOST-REDACTED-B wireplumber-hwconfig[1373]: '/usr/share/wireplumber/hardware-profiles/default/wireplumber.conf.d/access.conf' -> '/run/wireplumber/wireplumber.conf.d/access.conf'
2026-07-21T10:57:12.715935+02:00 HOST-REDACTED-B systemd[1]: Starting Hostname Service...
2026-07-21T10:57:12.716888+02:00 HOST-REDACTED-B unknown: SteamOS System Info:        A          boot-count        3
2026-07-21T10:57:12.717664+02:00 HOST-REDACTED-B wireplumber-hwconfig[1379]: '/usr/share/wireplumber/hardware-profiles/default/wireplumber.conf.d/alsa-loopback.conf' -> '/run/wireplumber/wireplumber.conf.d/alsa-loopback.conf'
2026-07-21T10:57:12.718855+02:00 HOST-REDACTED-B kernel: NET: Registered PF_ALG protocol family
2026-07-21T10:57:12.719856+02:00 HOST-REDACTED-B unknown: SteamOS System Info:        A   boot-requested-at        20260720152911
2026-07-21T10:57:12.720091+02:00 HOST-REDACTED-B wireplumber-hwconfig[1384]: '/usr/share/wireplumber/hardware-profiles/default/wireplumber.conf.d/alsa-ps-controller.conf' -> '/run/wireplumber/wireplumber.conf.d/alsa-ps-controller.conf'
2026-07-21T10:57:12.722370+02:00 HOST-REDACTED-B steamos-manager[1253]: 2026-07-21T08:57:12.722300Z  INFO steamos_manager::daemon::config: No state file found, reloading default state
2026-07-21T10:57:12.722553+02:00 HOST-REDACTED-B steamos-manager[1253]: 2026-07-21T08:57:12.722375Z  INFO steamos_manager: No config file /usr/share/steamos-manager/system.d/config.toml found
2026-07-21T10:57:12.722553+02:00 HOST-REDACTED-B steamos-manager[1253]: 2026-07-21T08:57:12.722395Z  INFO steamos_manager: No config file /etc/steamos-manager/config.toml found
2026-07-21T10:57:12.722739+02:00 HOST-REDACTED-B wireplumber-hwconfig[1391]: '/usr/share/wireplumber/hardware-profiles/default/wireplumber.conf.d/bluez.conf' -> '/run/wireplumber/wireplumber.conf.d/bluez.conf'
2026-07-21T10:57:12.723957+02:00 HOST-REDACTED-B kernel: amdgpu 0000:09:00.0: amdgpu: SMU is initialized successfully!
2026-07-21T10:57:12.724303+02:00 HOST-REDACTED-B unknown: SteamOS System Info:        A           boot-time        20260720153020
2026-07-21T10:57:12.724804+02:00 HOST-REDACTED-B (udev-worker)[650]: input20::numlock: Process '/usr/bin/chown USER-REDACTED:USER-REDACTED '/sys/class/leds/input20::numlock/brightness_scale'' failed with exit code 1.
2026-07-21T10:57:12.724932+02:00 HOST-REDACTED-B (udev-worker)[658]: input20::capslock: Process '/usr/bin/chown USER-REDACTED:USER-REDACTED '/sys/class/leds/input20::capslock/delay'' failed with exit code 1.
2026-07-21T10:57:12.725180+02:00 HOST-REDACTED-B steamos-manager[1253]: 2026-07-21T08:57:12.725162Z  INFO steamos_manager: Starting SLS log receiver
2026-07-21T10:57:12.725913+02:00 HOST-REDACTED-B kernel: amdgpu 0000:09:00.0: amdgpu: [drm] Display Core v3.2.334 initialized on DCN 4.0.1
2026-07-21T10:57:12.726159+02:00 HOST-REDACTED-B kernel: amdgpu 0000:09:00.0: amdgpu: [drm] DP-HDMI FRL PCON supported
2026-07-21T10:57:12.725864+02:00 HOST-REDACTED-B (udev-worker)[653]: input20::compose: Process '/usr/bin/chown USER-REDACTED:USER-REDACTED '/sys/class/leds/input20::compose/delay'' failed with exit code 1.
2026-07-21T10:57:12.725966+02:00 HOST-REDACTED-B (udev-worker)[659]: input20::kana: Process '/usr/bin/chown USER-REDACTED:USER-REDACTED '/sys/class/leds/input20::kana/brightness'' failed with exit code 1.
2026-07-21T10:57:12.727075+02:00 HOST-REDACTED-B (udev-worker)[649]: input20::scrolllock: Process '/usr/bin/chown USER-REDACTED:USER-REDACTED '/sys/class/leds/input20::scrolllock/brightness_startup'' failed with exit code 1.
2026-07-21T10:57:12.727258+02:00 HOST-REDACTED-B steamos-manager[1253]: 2026-07-21T08:57:12.727133Z  INFO steamos_manager: Starting ftrace
2026-07-21T10:57:12.727258+02:00 HOST-REDACTED-B steamos-manager[1253]: 2026-07-21T08:57:12.727177Z  INFO steamos_manager: Starting inputplumber
2026-07-21T10:57:12.727303+02:00 HOST-REDACTED-B steamos-manager[1253]: 2026-07-21T08:57:12.727289Z  INFO steamos_manager: Starting sysfs-writer
2026-07-21T10:57:12.727719+02:00 HOST-REDACTED-B steamos-manager[1253]: 2026-07-21T08:57:12.727706Z  INFO steamos_manager::inputplumber: Can't query initial InputPlumber devices: org.freedesktop.DBus.Error.ServiceUnknown: The name is not activatable
2026-07-21T10:57:12.727904+02:00 HOST-REDACTED-B steamos-manager[1253]: 2026-07-21T08:57:12.727894Z  INFO steamos_manager: Starting ds-inhibitor
2026-07-21T10:57:12.728308+02:00 HOST-REDACTED-B (udev-worker)[650]: input20::numlock: Process '/usr/bin/chown USER-REDACTED:USER-REDACTED '/sys/class/leds/input20::numlock/brightness_startup'' failed with exit code 1.
2026-07-21T10:57:12.729111+02:00 HOST-REDACTED-B wireplumber-hwconfig[1393]: '/usr/share/wireplumber/hardware-profiles/default/wireplumber.conf.d/component-rules.conf' -> '/run/wireplumber/wireplumber.conf.d/component-rules.conf'
2026-07-21T10:57:12.731241+02:00 HOST-REDACTED-B kernel: amdgpu 0000:09:00.0: amdgpu: [drm] DMUB hardware initialized: version=0x0A000601
2026-07-21T10:57:12.731463+02:00 HOST-REDACTED-B unknown: SteamOS System Info:        A             comment        [2026-07-20 17:30:20 +0200] bootconf mode: boot-ok
2026-07-21T10:57:12.731694+02:00 HOST-REDACTED-B wireplumber-hwconfig[1408]: '/usr/share/wireplumber/hardware-profiles/default/wireplumber.conf.d/stream.conf' -> '/run/wireplumber/wireplumber.conf.d/stream.conf'
2026-07-21T10:57:12.732273+02:00 HOST-REDACTED-B systemd[1]: Started SteamOS Manager Daemon.
2026-07-21T10:57:12.732911+02:00 HOST-REDACTED-B systemd[1]: vpower daemon was skipped because of an unmet condition check (ConditionPathExistsGlob=/sys/class/power_supply/BAT[0-9]).
2026-07-21T10:57:12.733676+02:00 HOST-REDACTED-B (udev-worker)[658]: input20::capslock: Process '/usr/bin/chown USER-REDACTED:USER-REDACTED '/sys/class/leds/input20::capslock/brightness'' failed with exit code 1.
2026-07-21T10:57:12.734643+02:00 HOST-REDACTED-B (udev-worker)[650]: input20::numlock: Process '/usr/bin/chown USER-REDACTED:USER-REDACTED '/sys/class/leds/input20::numlock/effect'' failed with exit code 1.
2026-07-21T10:57:12.735266+02:00 HOST-REDACTED-B unknown: SteamOS System Info:        A       image-invalid        0
2026-07-21T10:57:12.735468+02:00 HOST-REDACTED-B (udev-worker)[659]: input20::kana: Process '/usr/bin/chown USER-REDACTED:USER-REDACTED '/sys/class/leds/input20::kana/brightness_scale'' failed with exit code 1.
2026-07-21T10:57:12.735710+02:00 HOST-REDACTED-B systemd[1]: Finished Hardware Specific Wireplumber Configuration.
2026-07-21T10:57:12.735796+02:00 HOST-REDACTED-B (udev-worker)[649]: input20::scrolllock: Process '/usr/bin/chown USER-REDACTED:USER-REDACTED '/sys/class/leds/input20::scrolllock/effect'' failed with exit code 1.
2026-07-21T10:57:12.738807+02:00 HOST-REDACTED-B (udev-worker)[658]: input20::capslock: Process '/usr/bin/chown USER-REDACTED:USER-REDACTED '/sys/class/leds/input20::capslock/brightness_scale'' failed with exit code 1.
2026-07-21T10:57:12.738983+02:00 HOST-REDACTED-B systemd-logind[1274]: Watching system buttons on /dev/input/event1 (Power Button)
2026-07-21T10:57:12.739005+02:00 HOST-REDACTED-B systemd-logind[1274]: Watching system buttons on /dev/input/event0 (Power Button)
2026-07-21T10:57:12.739203+02:00 HOST-REDACTED-B (udev-worker)[649]: input20::scrolllock: Process '/usr/bin/chown USER-REDACTED:USER-REDACTED '/sys/class/leds/input20::scrolllock/enabled'' failed with exit code 1.
2026-07-21T10:57:12.739883+02:00 HOST-REDACTED-B (udev-worker)[650]: input20::numlock: Process '/usr/bin/chown USER-REDACTED:USER-REDACTED '/sys/class/leds/input20::numlock/enabled'' failed with exit code 1.
2026-07-21T10:57:12.740148+02:00 HOST-REDACTED-B (udev-worker)[659]: input20::kana: Process '/usr/bin/chown USER-REDACTED:USER-REDACTED '/sys/class/leds/input20::kana/brightness_startup'' failed with exit code 1.
2026-07-21T10:57:12.742416+02:00 HOST-REDACTED-B (udev-worker)[649]: input20::scrolllock: Process '/usr/bin/chown USER-REDACTED:USER-REDACTED '/sys/class/leds/input20::scrolllock/mode'' failed with exit code 1.
2026-07-21T10:57:12.742731+02:00 HOST-REDACTED-B (udev-worker)[650]: input20::numlock: Process '/usr/bin/chown USER-REDACTED:USER-REDACTED '/sys/class/leds/input20::numlock/mode'' failed with exit code 1.
2026-07-21T10:57:12.743035+02:00 HOST-REDACTED-B (udev-worker)[659]: input20::kana: Process '/usr/bin/chown USER-REDACTED:USER-REDACTED '/sys/class/leds/input20::kana/effect'' failed with exit code 1.
2026-07-21T10:57:12.743856+02:00 HOST-REDACTED-B unknown: SteamOS System Info:        B       boot-attempts        1
2026-07-21T10:57:12.744657+02:00 HOST-REDACTED-B (udev-worker)[658]: input20::capslock: Process '/usr/bin/chown USER-REDACTED:USER-REDACTED '/sys/class/leds/input20::capslock/brightness_startup'' failed with exit code 1.
2026-07-21T10:57:12.746697+02:00 HOST-REDACTED-B (udev-worker)[650]: input20::numlock: Process '/usr/bin/chown USER-REDACTED:USER-REDACTED '/sys/class/leds/input20::numlock/multi_intensity'' failed with exit code 1.
2026-07-21T10:57:12.747345+02:00 HOST-REDACTED-B (udev-worker)[658]: input20::capslock: Process '/usr/bin/chown USER-REDACTED:USER-REDACTED '/sys/class/leds/input20::capslock/effect'' failed with exit code 1.
2026-07-21T10:57:12.747502+02:00 HOST-REDACTED-B (udev-worker)[659]: input20::kana: Process '/usr/bin/chown USER-REDACTED:USER-REDACTED '/sys/class/leds/input20::kana/enabled'' failed with exit code 1.
2026-07-21T10:57:12.747855+02:00 HOST-REDACTED-B kernel: PEFILE: Unsigned PE binary
2026-07-21T10:57:12.749873+02:00 HOST-REDACTED-B unknown: SteamOS System Info:        B          boot-count        17
2026-07-21T10:57:12.750467+02:00 HOST-REDACTED-B (udev-worker)[650]: input20::numlock: Process '/usr/bin/chown USER-REDACTED:USER-REDACTED '/sys/class/leds/input20::numlock/multi_intensity_startup'' failed with exit code 1.
2026-07-21T10:57:12.750535+02:00 HOST-REDACTED-B (udev-worker)[658]: input20::capslock: Process '/usr/bin/chown USER-REDACTED:USER-REDACTED '/sys/class/leds/input20::capslock/enabled'' failed with exit code 1.
2026-07-21T10:57:12.750840+02:00 HOST-REDACTED-B (udev-worker)[659]: input20::kana: Process '/usr/bin/chown USER-REDACTED:USER-REDACTED '/sys/class/leds/input20::kana/mode'' failed with exit code 1.
2026-07-21T10:57:12.751404+02:00 HOST-REDACTED-B systemd-logind[1274]: New seat seat0.
2026-07-21T10:57:12.753514+02:00 HOST-REDACTED-B (udev-worker)[658]: input20::capslock: Process '/usr/bin/chown USER-REDACTED:USER-REDACTED '/sys/class/leds/input20::capslock/mode'' failed with exit code 1.
2026-07-21T10:57:12.753852+02:00 HOST-REDACTED-B unknown: SteamOS System Info:        B   boot-requested-at        20260720174117
2026-07-21T10:57:12.755870+02:00 HOST-REDACTED-B earlyoom[1229]: earlyoom 1.8.2
2026-07-21T10:57:12.756053+02:00 HOST-REDACTED-B earlyoom[1229]: Notifying through D-Bus
2026-07-21T10:57:12.756053+02:00 HOST-REDACTED-B earlyoom[1229]: Will avoid killing process names that match regex '(^|/)(init|systemd|Xorg|sshd)$'
2026-07-21T10:57:12.756053+02:00 HOST-REDACTED-B earlyoom[1229]: mem total: 31727 MiB, user mem total: 30891 MiB, swap total: 16887 MiB
2026-07-21T10:57:12.756053+02:00 HOST-REDACTED-B earlyoom[1229]: sending SIGTERM when mem avail <=  1.26% and swap free <=  2.37%,
2026-07-21T10:57:12.756053+02:00 HOST-REDACTED-B earlyoom[1229]:         SIGKILL when mem avail <=  0.95% and swap free <=  1.78%
2026-07-21T10:57:12.756185+02:00 HOST-REDACTED-B (udev-worker)[649]: input20::scrolllock: Process '/usr/bin/chown USER-REDACTED:USER-REDACTED '/sys/class/leds/input20::scrolllock/multi_intensity'' failed with exit code 1.
2026-07-21T10:57:12.759099+02:00 HOST-REDACTED-B (udev-worker)[659]: input20::kana: Process '/usr/bin/chown USER-REDACTED:USER-REDACTED '/sys/class/leds/input20::kana/multi_intensity'' failed with exit code 1.
2026-07-21T10:57:12.759855+02:00 HOST-REDACTED-B unknown: SteamOS System Info:        B           boot-time        20260721064918
2026-07-21T10:57:12.760426+02:00 HOST-REDACTED-B (udev-worker)[658]: input20::capslock: Process '/usr/bin/chown USER-REDACTED:USER-REDACTED '/sys/class/leds/input20::capslock/multi_intensity'' failed with exit code 1.
2026-07-21T10:57:12.761312+02:00 HOST-REDACTED-B (udev-worker)[650]: input20::numlock: Process '/usr/bin/chown USER-REDACTED:USER-REDACTED '/sys/class/leds/input20::numlock/profile'' failed with exit code 1.
2026-07-21T10:57:12.761787+02:00 HOST-REDACTED-B (udev-worker)[649]: input20::scrolllock: Process '/usr/bin/chown USER-REDACTED:USER-REDACTED '/sys/class/leds/input20::scrolllock/multi_intensity_startup'' failed with exit code 1.
2026-07-21T10:57:12.763859+02:00 HOST-REDACTED-B unknown: SteamOS System Info:        B             comment        [2026-07-21 08:49:18 +0200] bootconf mode: boot-ok
2026-07-21T10:57:12.764207+02:00 HOST-REDACTED-B earlyoom[1229]: mem avail: 30762 of 30890 MiB (99.58%), swap free: 16887 of 16887 MiB (100.00%)
2026-07-21T10:57:12.764508+02:00 HOST-REDACTED-B systemd[1]: Started User Login Management.
2026-07-21T10:57:12.765705+02:00 HOST-REDACTED-B (udev-worker)[658]: input20::capslock: Process '/usr/bin/chown USER-REDACTED:USER-REDACTED '/sys/class/leds/input20::capslock/multi_intensity_startup'' failed with exit code 1.
2026-07-21T10:57:12.767892+02:00 HOST-REDACTED-B unknown: SteamOS System Info:        B       image-invalid        0
2026-07-21T10:57:12.773176+02:00 HOST-REDACTED-B systemd[1]: Created slice User Slice of UID 1000.
2026-07-21T10:57:12.773934+02:00 HOST-REDACTED-B systemd[1]: Starting User Runtime Directory /run/user/1000...
2026-07-21T10:57:12.787270+02:00 HOST-REDACTED-B systemd[1]: Started Hostname Service.
2026-07-21T10:57:12.788536+02:00 HOST-REDACTED-B systemd[1]: Finished Append SteamOS info to kernel log.
2026-07-21T10:57:12.789928+02:00 HOST-REDACTED-B (udev-worker)[649]: input20::scrolllock: Process '/usr/bin/chown USER-REDACTED:USER-REDACTED '/sys/class/leds/input20::scrolllock/profile'' failed with exit code 1.
2026-07-21T10:57:12.790141+02:00 HOST-REDACTED-B (udev-worker)[659]: input20::kana: Process '/usr/bin/chown USER-REDACTED:USER-REDACTED '/sys/class/leds/input20::kana/multi_intensity_startup'' failed with exit code 1.
2026-07-21T10:57:12.790212+02:00 HOST-REDACTED-B (udev-worker)[650]: input20::numlock: Process '/usr/bin/chown USER-REDACTED:USER-REDACTED '/sys/class/leds/input20::numlock/speed'' failed with exit code 1.
2026-07-21T10:57:12.790778+02:00 HOST-REDACTED-B (udev-worker)[658]: input20::capslock: Process '/usr/bin/chown USER-REDACTED:USER-REDACTED '/sys/class/leds/input20::capslock/profile'' failed with exit code 1.
2026-07-21T10:57:12.792787+02:00 HOST-REDACTED-B (udev-worker)[649]: input20::scrolllock: Process '/usr/bin/chown USER-REDACTED:USER-REDACTED '/sys/class/leds/input20::scrolllock/speed'' failed with exit code 1.
2026-07-21T10:57:12.792795+02:00 HOST-REDACTED-B (udev-worker)[650]: input20::numlock: Process '/usr/bin/chown USER-REDACTED:USER-REDACTED '/sys/class/leds/input20::numlock/delay'' failed with exit code 1.
2026-07-21T10:57:12.792977+02:00 HOST-REDACTED-B (udev-worker)[659]: input20::kana: Process '/usr/bin/chown USER-REDACTED:USER-REDACTED '/sys/class/leds/input20::kana/profile'' failed with exit code 1.
2026-07-21T10:57:12.793539+02:00 HOST-REDACTED-B (udev-worker)[658]: input20::capslock: Process '/usr/bin/chown USER-REDACTED:USER-REDACTED '/sys/class/leds/input20::capslock/speed'' failed with exit code 1.
2026-07-21T10:57:12.795676+02:00 HOST-REDACTED-B systemd[1]: Finished User Runtime Directory /run/user/1000.
2026-07-21T10:57:12.796520+02:00 HOST-REDACTED-B (udev-worker)[649]: input20::scrolllock: Process '/usr/bin/chown USER-REDACTED:USER-REDACTED '/sys/class/leds/input20::scrolllock/delay'' failed with exit code 1.
2026-07-21T10:57:12.797146+02:00 HOST-REDACTED-B (udev-worker)[659]: input20::kana: Process '/usr/bin/chown USER-REDACTED:USER-REDACTED '/sys/class/leds/input20::kana/speed'' failed with exit code 1.
2026-07-21T10:57:12.797319+02:00 HOST-REDACTED-B (udev-worker)[658]: input20::capslock: Process '/usr/bin/chown USER-REDACTED:USER-REDACTED '/sys/class/leds/input20::capslock/delay'' failed with exit code 1.
2026-07-21T10:57:12.799581+02:00 HOST-REDACTED-B (udev-worker)[659]: input20::kana: Process '/usr/bin/chown USER-REDACTED:USER-REDACTED '/sys/class/leds/input20::kana/delay'' failed with exit code 1.
2026-07-21T10:57:12.802444+02:00 HOST-REDACTED-B root[1507]: kdumpst: panic kexec loaded successfully
2026-07-21T10:57:12.810010+02:00 HOST-REDACTED-B (udev-worker)[658]: input25::capslock: Process '/usr/bin/chown USER-REDACTED:USER-REDACTED '/sys/class/leds/input25::capslock/brightness_scale'' failed with exit code 1.
2026-07-21T10:57:12.810477+02:00 HOST-REDACTED-B (udev-worker)[649]: input25::numlock: Process '/usr/bin/chown USER-REDACTED:USER-REDACTED '/sys/class/leds/input25::numlock/brightness_scale'' failed with exit code 1.
2026-07-21T10:57:12.810835+02:00 HOST-REDACTED-B (udev-worker)[653]: input25::compose: Process '/usr/bin/chown USER-REDACTED:USER-REDACTED '/sys/class/leds/input25::compose/brightness_scale'' failed with exit code 1.
2026-07-21T10:57:12.811369+02:00 HOST-REDACTED-B (udev-worker)[652]: input25::kana: Process '/usr/bin/chown USER-REDACTED:USER-REDACTED '/sys/class/leds/input25::kana/brightness_scale'' failed with exit code 1.
2026-07-21T10:57:12.812047+02:00 HOST-REDACTED-B (udev-worker)[659]: input25::scrolllock: Process '/usr/bin/chown USER-REDACTED:USER-REDACTED '/sys/class/leds/input25::scrolllock/brightness_scale'' failed with exit code 1.
2026-07-21T10:57:12.812218+02:00 HOST-REDACTED-B (udev-worker)[658]: input25::capslock: Process '/usr/bin/chown USER-REDACTED:USER-REDACTED '/sys/class/leds/input25::capslock/brightness_startup'' failed with exit code 1.
2026-07-21T10:57:12.812864+02:00 HOST-REDACTED-B (udev-worker)[649]: input25::numlock: Process '/usr/bin/chown USER-REDACTED:USER-REDACTED '/sys/class/leds/input25::numlock/brightness_startup'' failed with exit code 1.
2026-07-21T10:57:12.813663+02:00 HOST-REDACTED-B (udev-worker)[652]: input25::kana: Process '/usr/bin/chown USER-REDACTED:USER-REDACTED '/sys/class/leds/input25::kana/brightness_startup'' failed with exit code 1.
2026-07-21T10:57:12.813860+02:00 HOST-REDACTED-B (udev-worker)[653]: input25::compose: Process '/usr/bin/chown USER-REDACTED:USER-REDACTED '/sys/class/leds/input25::compose/brightness_startup'' failed with exit code 1.
2026-07-21T10:57:12.814129+02:00 HOST-REDACTED-B (udev-worker)[659]: input25::scrolllock: Process '/usr/bin/chown USER-REDACTED:USER-REDACTED '/sys/class/leds/input25::scrolllock/brightness_startup'' failed with exit code 1.
2026-07-21T10:57:12.815076+02:00 HOST-REDACTED-B (udev-worker)[649]: input25::numlock: Process '/usr/bin/chown USER-REDACTED:USER-REDACTED '/sys/class/leds/input25::numlock/effect'' failed with exit code 1.
2026-07-21T10:57:12.815347+02:00 HOST-REDACTED-B (udev-worker)[658]: input25::capslock: Process '/usr/bin/chown USER-REDACTED:USER-REDACTED '/sys/class/leds/input25::capslock/effect'' failed with exit code 1.
2026-07-21T10:57:12.816449+02:00 HOST-REDACTED-B (udev-worker)[653]: input25::compose: Process '/usr/bin/chown USER-REDACTED:USER-REDACTED '/sys/class/leds/input25::compose/effect'' failed with exit code 1.
2026-07-21T10:57:12.816916+02:00 HOST-REDACTED-B (udev-worker)[659]: input25::scrolllock: Process '/usr/bin/chown USER-REDACTED:USER-REDACTED '/sys/class/leds/input25::scrolllock/effect'' failed with exit code 1.
2026-07-21T10:57:12.817393+02:00 HOST-REDACTED-B (udev-worker)[658]: input25::capslock: Process '/usr/bin/chown USER-REDACTED:USER-REDACTED '/sys/class/leds/input25::capslock/enabled'' failed with exit code 1.
2026-07-21T10:57:12.817484+02:00 HOST-REDACTED-B (udev-worker)[649]: input25::numlock: Process '/usr/bin/chown USER-REDACTED:USER-REDACTED '/sys/class/leds/input25::numlock/enabled'' failed with exit code 1.
2026-07-21T10:57:12.818360+02:00 HOST-REDACTED-B (udev-worker)[653]: input25::compose: Process '/usr/bin/chown USER-REDACTED:USER-REDACTED '/sys/class/leds/input25::compose/enabled'' failed with exit code 1.
2026-07-21T10:57:12.818481+02:00 HOST-REDACTED-B (udev-worker)[652]: input25::kana: Process '/usr/bin/chown USER-REDACTED:USER-REDACTED '/sys/class/leds/input25::kana/effect'' failed with exit code 1.
2026-07-21T10:57:12.819611+02:00 HOST-REDACTED-B gpu-trace[1236]: DEBUG - Daemon mode: True
2026-07-21T10:57:12.819911+02:00 HOST-REDACTED-B (udev-worker)[659]: input25::scrolllock: Process '/usr/bin/chown USER-REDACTED:USER-REDACTED '/sys/class/leds/input25::scrolllock/enabled'' failed with exit code 1.
2026-07-21T10:57:12.819985+02:00 HOST-REDACTED-B gpu-trace[1236]: DEBUG - Verbose output: False
2026-07-21T10:57:12.820010+02:00 HOST-REDACTED-B gpu-trace[1236]: DEBUG - Logfile: /var/log/gpu-trace-daemon.log
2026-07-21T10:57:12.820195+02:00 HOST-REDACTED-B gpu-trace[1236]: DEBUG - Output path: /gpu-trace.zip
2026-07-21T10:57:12.820195+02:00 HOST-REDACTED-B gpu-trace[1236]: DEBUG - Config file: /root/.config/gpu-trace/config.json
2026-07-21T10:57:12.820074+02:00 HOST-REDACTED-B (udev-worker)[649]: input25::numlock: Process '/usr/bin/chown USER-REDACTED:USER-REDACTED '/sys/class/leds/input25::numlock/mode'' failed with exit code 1.
2026-07-21T10:57:12.820288+02:00 HOST-REDACTED-B (udev-worker)[658]: input25::capslock: Process '/usr/bin/chown USER-REDACTED:USER-REDACTED '/sys/class/leds/input25::capslock/mode'' failed with exit code 1.
2026-07-21T10:57:12.820548+02:00 HOST-REDACTED-B gpu-trace[1236]: DEBUG - Found trace-cmd at /usr/bin/trace-cmd
2026-07-21T10:57:12.820689+02:00 HOST-REDACTED-B (udev-worker)[652]: input25::kana: Process '/usr/bin/chown USER-REDACTED:USER-REDACTED '/sys/class/leds/input25::kana/enabled'' failed with exit code 1.
2026-07-21T10:57:12.820996+02:00 HOST-REDACTED-B (udev-worker)[653]: input25::compose: Process '/usr/bin/chown USER-REDACTED:USER-REDACTED '/sys/class/leds/input25::compose/mode'' failed with exit code 1.
2026-07-21T10:57:12.822147+02:00 HOST-REDACTED-B (udev-worker)[649]: input25::numlock: Process '/usr/bin/chown USER-REDACTED:USER-REDACTED '/sys/class/leds/input25::numlock/multi_intensity'' failed with exit code 1.
2026-07-21T10:57:12.822230+02:00 HOST-REDACTED-B (udev-worker)[659]: input25::scrolllock: Process '/usr/bin/chown USER-REDACTED:USER-REDACTED '/sys/class/leds/input25::scrolllock/mode'' failed with exit code 1.
2026-07-21T10:57:12.822463+02:00 HOST-REDACTED-B (udev-worker)[658]: input25::capslock: Process '/usr/bin/chown USER-REDACTED:USER-REDACTED '/sys/class/leds/input25::capslock/multi_intensity'' failed with exit code 1.
2026-07-21T10:57:12.822884+02:00 HOST-REDACTED-B (udev-worker)[652]: input25::kana: Process '/usr/bin/chown USER-REDACTED:USER-REDACTED '/sys/class/leds/input25::kana/mode'' failed with exit code 1.
2026-07-21T10:57:12.823228+02:00 HOST-REDACTED-B (udev-worker)[653]: input25::compose: Process '/usr/bin/chown USER-REDACTED:USER-REDACTED '/sys/class/leds/input25::compose/multi_intensity'' failed with exit code 1.
2026-07-21T10:57:12.824718+02:00 HOST-REDACTED-B (udev-worker)[649]: input25::numlock: Process '/usr/bin/chown USER-REDACTED:USER-REDACTED '/sys/class/leds/input25::numlock/multi_intensity_startup'' failed with exit code 1.
2026-07-21T10:57:12.824755+02:00 HOST-REDACTED-B (udev-worker)[659]: input25::scrolllock: Process '/usr/bin/chown USER-REDACTED:USER-REDACTED '/sys/class/leds/input25::scrolllock/multi_intensity'' failed with exit code 1.
2026-07-21T10:57:12.825250+02:00 HOST-REDACTED-B (udev-worker)[658]: input25::capslock: Process '/usr/bin/chown USER-REDACTED:USER-REDACTED '/sys/class/leds/input25::capslock/multi_intensity_startup'' failed with exit code 1.
2026-07-21T10:57:12.825268+02:00 HOST-REDACTED-B (udev-worker)[652]: input25::kana: Process '/usr/bin/chown USER-REDACTED:USER-REDACTED '/sys/class/leds/input25::kana/multi_intensity'' failed with exit code 1.
2026-07-21T10:57:12.825760+02:00 HOST-REDACTED-B (udev-worker)[653]: input25::compose: Process '/usr/bin/chown USER-REDACTED:USER-REDACTED '/sys/class/leds/input25::compose/multi_intensity_startup'' failed with exit code 1.
2026-07-21T10:57:12.826991+02:00 HOST-REDACTED-B (udev-worker)[659]: input25::scrolllock: Process '/usr/bin/chown USER-REDACTED:USER-REDACTED '/sys/class/leds/input25::scrolllock/multi_intensity_startup'' failed with exit code 1.
2026-07-21T10:57:12.827474+02:00 HOST-REDACTED-B (udev-worker)[652]: input25::kana: Process '/usr/bin/chown USER-REDACTED:USER-REDACTED '/sys/class/leds/input25::kana/multi_intensity_startup'' failed with exit code 1.
2026-07-21T10:57:12.827632+02:00 HOST-REDACTED-B (udev-worker)[658]: input25::capslock: Process '/usr/bin/chown USER-REDACTED:USER-REDACTED '/sys/class/leds/input25::capslock/profile'' failed with exit code 1.
2026-07-21T10:57:12.827850+02:00 HOST-REDACTED-B (udev-worker)[649]: input25::numlock: Process '/usr/bin/chown USER-REDACTED:USER-REDACTED '/sys/class/leds/input25::numlock/profile'' failed with exit code 1.
2026-07-21T10:57:12.828528+02:00 HOST-REDACTED-B systemd-logind[1274]: Watching system buttons on /dev/input/event15 (Logitech K830)
2026-07-21T10:57:12.829559+02:00 HOST-REDACTED-B (udev-worker)[652]: input25::kana: Process '/usr/bin/chown USER-REDACTED:USER-REDACTED '/sys/class/leds/input25::kana/profile'' failed with exit code 1.
2026-07-21T10:57:12.829895+02:00 HOST-REDACTED-B (udev-worker)[649]: input25::numlock: Process '/usr/bin/chown USER-REDACTED:USER-REDACTED '/sys/class/leds/input25::numlock/speed'' failed with exit code 1.
2026-07-21T10:57:12.829983+02:00 HOST-REDACTED-B (udev-worker)[653]: input25::compose: Process '/usr/bin/chown USER-REDACTED:USER-REDACTED '/sys/class/leds/input25::compose/profile'' failed with exit code 1.
2026-07-21T10:57:12.832536+02:00 HOST-REDACTED-B systemd[1]: Finished kdumpst loader boot-time service.
2026-07-21T10:57:12.832733+02:00 HOST-REDACTED-B (udev-worker)[653]: input25::compose: Process '/usr/bin/chown USER-REDACTED:USER-REDACTED '/sys/class/leds/input25::compose/speed'' failed with exit code 1.
2026-07-21T10:57:12.833550+02:00 HOST-REDACTED-B (udev-worker)[649]: input25::numlock: Process '/usr/bin/chown USER-REDACTED:USER-REDACTED '/sys/class/leds/input25::numlock/delay'' failed with exit code 1.
2026-07-21T10:57:12.833734+02:00 HOST-REDACTED-B systemd[1]: SteamOS kdumpst tiny layer service was skipped because of an unmet condition check (ConditionPathExistsGlob=/home/.steamos/offload/var/kdumpst/logs/*).
2026-07-21T10:57:12.833807+02:00 HOST-REDACTED-B (udev-worker)[659]: input25::scrolllock: Process '/usr/bin/chown USER-REDACTED:USER-REDACTED '/sys/class/leds/input25::scrolllock/profile'' failed with exit code 1.
2026-07-21T10:57:12.834255+02:00 HOST-REDACTED-B (udev-worker)[658]: input25::capslock: Process '/usr/bin/chown USER-REDACTED:USER-REDACTED '/sys/class/leds/input25::capslock/speed'' failed with exit code 1.
2026-07-21T10:57:12.834684+02:00 HOST-REDACTED-B (udev-worker)[652]: input25::kana: Process '/usr/bin/chown USER-REDACTED:USER-REDACTED '/sys/class/leds/input25::kana/speed'' failed with exit code 1.
2026-07-21T10:57:12.835107+02:00 HOST-REDACTED-B (udev-worker)[653]: input25::compose: Process '/usr/bin/chown USER-REDACTED:USER-REDACTED '/sys/class/leds/input25::compose/delay'' failed with exit code 1.
2026-07-21T10:57:12.835914+02:00 HOST-REDACTED-B systemd[1]: jupiter-fan-control.service: Deactivated successfully.
2026-07-21T10:57:12.837005+02:00 HOST-REDACTED-B (udev-worker)[659]: input25::scrolllock: Process '/usr/bin/chown USER-REDACTED:USER-REDACTED '/sys/class/leds/input25::scrolllock/speed'' failed with exit code 1.
2026-07-21T10:57:12.837076+02:00 HOST-REDACTED-B (udev-worker)[658]: input25::capslock: Process '/usr/bin/chown USER-REDACTED:USER-REDACTED '/sys/class/leds/input25::capslock/delay'' failed with exit code 1.
2026-07-21T10:57:12.837108+02:00 HOST-REDACTED-B (udev-worker)[652]: input25::kana: Process '/usr/bin/chown USER-REDACTED:USER-REDACTED '/sys/class/leds/input25::kana/delay'' failed with exit code 1.
2026-07-21T10:57:12.839121+02:00 HOST-REDACTED-B (udev-worker)[649]: input25::numlock: Process '/usr/bin/chown USER-REDACTED:USER-REDACTED '/sys/class/leds/input25::numlock/brightness_scale'' failed with exit code 1.
2026-07-21T10:57:12.839652+02:00 HOST-REDACTED-B (udev-worker)[659]: input25::scrolllock: Process '/usr/bin/chown USER-REDACTED:USER-REDACTED '/sys/class/leds/input25::scrolllock/delay'' failed with exit code 1.
2026-07-21T10:57:12.841215+02:00 HOST-REDACTED-B (udev-worker)[649]: input25::numlock: Process '/usr/bin/chown USER-REDACTED:USER-REDACTED '/sys/class/leds/input25::numlock/brightness_startup'' failed with exit code 1.
2026-07-21T10:57:12.842211+02:00 HOST-REDACTED-B (udev-worker)[658]: input25::kana: Process '/usr/bin/chown USER-REDACTED:USER-REDACTED '/sys/class/leds/input25::kana/brightness_scale'' failed with exit code 1.
2026-07-21T10:57:12.842955+02:00 HOST-REDACTED-B (udev-worker)[650]: input25::capslock: Process '/usr/bin/chown USER-REDACTED:USER-REDACTED '/sys/class/leds/input25::capslock/brightness_scale'' failed with exit code 1.
2026-07-21T10:57:12.843218+02:00 HOST-REDACTED-B (udev-worker)[649]: input25::numlock: Process '/usr/bin/chown USER-REDACTED:USER-REDACTED '/sys/class/leds/input25::numlock/effect'' failed with exit code 1.
2026-07-21T10:57:12.844094+02:00 HOST-REDACTED-B (udev-worker)[658]: input25::kana: Process '/usr/bin/chown USER-REDACTED:USER-REDACTED '/sys/class/leds/input25::kana/brightness_startup'' failed with exit code 1.
2026-07-21T10:57:12.844951+02:00 HOST-REDACTED-B (udev-worker)[650]: input25::capslock: Process '/usr/bin/chown USER-REDACTED:USER-REDACTED '/sys/class/leds/input25::capslock/brightness_startup'' failed with exit code 1.
2026-07-21T10:57:12.845145+02:00 HOST-REDACTED-B (udev-worker)[649]: input25::numlock: Process '/usr/bin/chown USER-REDACTED:USER-REDACTED '/sys/class/leds/input25::numlock/enabled'' failed with exit code 1.
2026-07-21T10:57:12.845252+02:00 HOST-REDACTED-B (udev-worker)[659]: input25::scrolllock: Process '/usr/bin/chown USER-REDACTED:USER-REDACTED '/sys/class/leds/input25::scrolllock/brightness_scale'' failed with exit code 1.
2026-07-21T10:57:12.846105+02:00 HOST-REDACTED-B (udev-worker)[658]: input25::kana: Process '/usr/bin/chown USER-REDACTED:USER-REDACTED '/sys/class/leds/input25::kana/effect'' failed with exit code 1.
2026-07-21T10:57:12.846772+02:00 HOST-REDACTED-B (udev-worker)[650]: input25::capslock: Process '/usr/bin/chown USER-REDACTED:USER-REDACTED '/sys/class/leds/input25::capslock/effect'' failed with exit code 1.
2026-07-21T10:57:12.846985+02:00 HOST-REDACTED-B python[1246]: Username: USER-REDACTED
2026-07-21T10:57:12.849681+02:00 HOST-REDACTED-B python[1246]: serving at port: 32000
2026-07-21T10:57:12.849681+02:00 HOST-REDACTED-B python[1246]: machine name: HOST-REDACTED-B
2026-07-21T10:57:12.849681+02:00 HOST-REDACTED-B python[1246]: RegisterService HOST-REDACTED-B _steamos-devkit._tcp 32000
2026-07-21T10:57:12.847097+02:00 HOST-REDACTED-B (udev-worker)[659]: input25::scrolllock: Process '/usr/bin/chown USER-REDACTED:USER-REDACTED '/sys/class/leds/input25::scrolllock/brightness_startup'' failed with exit code 1.
2026-07-21T10:57:12.847464+02:00 HOST-REDACTED-B (udev-worker)[649]: input25::numlock: Process '/usr/bin/chown USER-REDACTED:USER-REDACTED '/sys/class/leds/input25::numlock/mode'' failed with exit code 1.
2026-07-21T10:57:12.848056+02:00 HOST-REDACTED-B (udev-worker)[658]: input25::kana: Process '/usr/bin/chown USER-REDACTED:USER-REDACTED '/sys/class/leds/input25::kana/enabled'' failed with exit code 1.
2026-07-21T10:57:12.848767+02:00 HOST-REDACTED-B (udev-worker)[650]: input25::capslock: Process '/usr/bin/chown USER-REDACTED:USER-REDACTED '/sys/class/leds/input25::capslock/enabled'' failed with exit code 1.
2026-07-21T10:57:12.849695+02:00 HOST-REDACTED-B (udev-worker)[659]: input25::scrolllock: Process '/usr/bin/chown USER-REDACTED:USER-REDACTED '/sys/class/leds/input25::scrolllock/effect'' failed with exit code 1.
2026-07-21T10:57:12.850037+02:00 HOST-REDACTED-B (udev-worker)[649]: input25::numlock: Process '/usr/bin/chown USER-REDACTED:USER-REDACTED '/sys/class/leds/input25::numlock/multi_intensity'' failed with exit code 1.
2026-07-21T10:57:12.850089+02:00 HOST-REDACTED-B (udev-worker)[658]: input25::kana: Process '/usr/bin/chown USER-REDACTED:USER-REDACTED '/sys/class/leds/input25::kana/mode'' failed with exit code 1.
2026-07-21T10:57:12.851057+02:00 HOST-REDACTED-B systemd[1]: Starting Authorization Manager...
2026-07-21T10:57:12.851811+02:00 HOST-REDACTED-B (udev-worker)[659]: input25::scrolllock: Process '/usr/bin/chown USER-REDACTED:USER-REDACTED '/sys/class/leds/input25::scrolllock/enabled'' failed with exit code 1.
2026-07-21T10:57:12.851861+02:00 HOST-REDACTED-B (udev-worker)[650]: input25::capslock: Process '/usr/bin/chown USER-REDACTED:USER-REDACTED '/sys/class/leds/input25::capslock/mode'' failed with exit code 1.
2026-07-21T10:57:12.852015+02:00 HOST-REDACTED-B (udev-worker)[658]: input25::kana: Process '/usr/bin/chown USER-REDACTED:USER-REDACTED '/sys/class/leds/input25::kana/multi_intensity'' failed with exit code 1.
2026-07-21T10:57:12.852092+02:00 HOST-REDACTED-B (udev-worker)[649]: input25::numlock: Process '/usr/bin/chown USER-REDACTED:USER-REDACTED '/sys/class/leds/input25::numlock/multi_intensity_startup'' failed with exit code 1.
2026-07-21T10:57:12.853560+02:00 HOST-REDACTED-B (udev-worker)[659]: input25::scrolllock: Process '/usr/bin/chown USER-REDACTED:USER-REDACTED '/sys/class/leds/input25::scrolllock/mode'' failed with exit code 1.
2026-07-21T10:57:12.853666+02:00 HOST-REDACTED-B (udev-worker)[650]: input25::capslock: Process '/usr/bin/chown USER-REDACTED:USER-REDACTED '/sys/class/leds/input25::capslock/multi_intensity'' failed with exit code 1.
2026-07-21T10:57:12.854238+02:00 HOST-REDACTED-B (udev-worker)[658]: input25::kana: Process '/usr/bin/chown USER-REDACTED:USER-REDACTED '/sys/class/leds/input25::kana/multi_intensity_startup'' failed with exit code 1.
2026-07-21T10:57:12.854287+02:00 HOST-REDACTED-B (udev-worker)[649]: input25::numlock: Process '/usr/bin/chown USER-REDACTED:USER-REDACTED '/sys/class/leds/input25::numlock/profile'' failed with exit code 1.
2026-07-21T10:57:12.855322+02:00 HOST-REDACTED-B (udev-worker)[659]: input25::scrolllock: Process '/usr/bin/chown USER-REDACTED:USER-REDACTED '/sys/class/leds/input25::scrolllock/multi_intensity'' failed with exit code 1.
2026-07-21T10:57:12.855518+02:00 HOST-REDACTED-B (udev-worker)[650]: input25::capslock: Process '/usr/bin/chown USER-REDACTED:USER-REDACTED '/sys/class/leds/input25::capslock/multi_intensity_startup'' failed with exit code 1.
2026-07-21T10:57:12.856137+02:00 HOST-REDACTED-B (udev-worker)[658]: input25::kana: Process '/usr/bin/chown USER-REDACTED:USER-REDACTED '/sys/class/leds/input25::kana/profile'' failed with exit code 1.
2026-07-21T10:57:12.856470+02:00 HOST-REDACTED-B (udev-worker)[649]: input25::numlock: Process '/usr/bin/chown USER-REDACTED:USER-REDACTED '/sys/class/leds/input25::numlock/speed'' failed with exit code 1.
2026-07-21T10:57:12.857224+02:00 HOST-REDACTED-B (udev-worker)[659]: input25::scrolllock: Process '/usr/bin/chown USER-REDACTED:USER-REDACTED '/sys/class/leds/input25::scrolllock/multi_intensity_startup'' failed with exit code 1.
2026-07-21T10:57:12.857329+02:00 HOST-REDACTED-B (udev-worker)[650]: input25::capslock: Process '/usr/bin/chown USER-REDACTED:USER-REDACTED '/sys/class/leds/input25::capslock/profile'' failed with exit code 1.
2026-07-21T10:57:12.858021+02:00 HOST-REDACTED-B (udev-worker)[658]: input25::kana: Process '/usr/bin/chown USER-REDACTED:USER-REDACTED '/sys/class/leds/input25::kana/speed'' failed with exit code 1.
2026-07-21T10:57:12.858405+02:00 HOST-REDACTED-B (udev-worker)[649]: input25::numlock: Process '/usr/bin/chown USER-REDACTED:USER-REDACTED '/sys/class/leds/input25::numlock/delay'' failed with exit code 1.
2026-07-21T10:57:12.859078+02:00 HOST-REDACTED-B (udev-worker)[659]: input25::scrolllock: Process '/usr/bin/chown USER-REDACTED:USER-REDACTED '/sys/class/leds/input25::scrolllock/profile'' failed with exit code 1.
2026-07-21T10:57:12.859104+02:00 HOST-REDACTED-B (udev-worker)[650]: input25::capslock: Process '/usr/bin/chown USER-REDACTED:USER-REDACTED '/sys/class/leds/input25::capslock/speed'' failed with exit code 1.
2026-07-21T10:57:12.859761+02:00 HOST-REDACTED-B (udev-worker)[658]: input25::kana: Process '/usr/bin/chown USER-REDACTED:USER-REDACTED '/sys/class/leds/input25::kana/delay'' failed with exit code 1.
2026-07-21T10:57:12.860670+02:00 HOST-REDACTED-B (udev-worker)[650]: input25::capslock: Process '/usr/bin/chown USER-REDACTED:USER-REDACTED '/sys/class/leds/input25::capslock/delay'' failed with exit code 1.
2026-07-21T10:57:12.860710+02:00 HOST-REDACTED-B (udev-worker)[659]: input25::scrolllock: Process '/usr/bin/chown USER-REDACTED:USER-REDACTED '/sys/class/leds/input25::scrolllock/speed'' failed with exit code 1.
2026-07-21T10:57:12.862346+02:00 HOST-REDACTED-B (udev-worker)[659]: input25::scrolllock: Process '/usr/bin/chown USER-REDACTED:USER-REDACTED '/sys/class/leds/input25::scrolllock/delay'' failed with exit code 1.
2026-07-21T10:57:12.884927+02:00 HOST-REDACTED-B gpu-trace[1236]: DEBUG - Found perf at /usr/bin/perf
2026-07-21T10:57:12.913454+02:00 HOST-REDACTED-B polkitd[1619]: Started polkitd version 126
2026-07-21T10:57:12.915369+02:00 HOST-REDACTED-B polkitd[1619]: Loading rules from directory /etc/polkit-1/rules.d
2026-07-21T10:57:12.915581+02:00 HOST-REDACTED-B polkitd[1619]: Loading rules from directory /run/polkit-1/rules.d
2026-07-21T10:57:12.915608+02:00 HOST-REDACTED-B polkitd[1619]: Error opening rules directory: Error opening directory “/run/polkit-1/rules.d”: No such file or directory (g-file-error-quark, 4)
2026-07-21T10:57:12.915762+02:00 HOST-REDACTED-B polkitd[1619]: Loading rules from directory /usr/local/share/polkit-1/rules.d
2026-07-21T10:57:12.915777+02:00 HOST-REDACTED-B polkitd[1619]: Error opening rules directory: Error opening directory “/usr/local/share/polkit-1/rules.d”: No such file or directory (g-file-error-quark, 4)
2026-07-21T10:57:12.915801+02:00 HOST-REDACTED-B polkitd[1619]: Loading rules from directory /usr/share/polkit-1/rules.d
2026-07-21T10:57:12.917427+02:00 HOST-REDACTED-B polkitd[1619]: Finished loading, compiling and executing 12 rules
2026-07-21T10:57:12.917604+02:00 HOST-REDACTED-B systemd[1]: Started Authorization Manager.
2026-07-21T10:57:12.917799+02:00 HOST-REDACTED-B polkitd[1619]: Acquired the name org.freedesktop.PolicyKit1 on the system bus
2026-07-21T10:57:12.945438+02:00 HOST-REDACTED-B python[1251]: <frozen runpy>:128: RuntimeWarning: 'steamos_log_submitter.daemon' found in sys.modules after import of package 'steamos_log_submitter', but prior to execution of 'steamos_log_submitter.daemon'; this may result in unpredictable behaviour
2026-07-21T10:57:12.947662+02:00 HOST-REDACTED-B python[1251]: /usr/lib/python3.13/site-packages/steamos_log_submitter/daemon.py:459: DeprecationWarning: There is no current event loop
2026-07-21T10:57:12.947662+02:00 HOST-REDACTED-B python[1251]:   loop = asyncio.get_event_loop()
2026-07-21T10:57:13.117857+02:00 HOST-REDACTED-B kernel: amdgpu 0000:09:00.0: [drm] REG_WAIT timeout 1us * 150000 tries - optc401_disable_crtc line:230
2026-07-21T10:57:13.119850+02:00 HOST-REDACTED-B kernel: snd_hda_intel 0000:09:00.1: bound 0000:09:00.0 (ops amdgpu_dm_audio_component_bind_ops [amdgpu])
2026-07-21T10:57:13.120852+02:00 HOST-REDACTED-B kernel: amdgpu 0000:09:00.0: amdgpu: [drm] PSR support 0, DC PSR ver -1, sink PSR ver 0 DPCD caps 0x0 su_y_granularity 0
2026-07-21T10:57:13.121046+02:00 HOST-REDACTED-B kernel: amdgpu 0000:09:00.0: amdgpu: [drm] PSR support 0, DC PSR ver -1, sink PSR ver 0 DPCD caps 0x0 su_y_granularity 0
2026-07-21T10:57:13.172853+02:00 HOST-REDACTED-B kernel: amdgpu 0000:09:00.0: amdgpu: [drm] PSR support 0, DC PSR ver -1, sink PSR ver 0 DPCD caps 0x0 su_y_granularity 0
2026-07-21T10:57:13.173065+02:00 HOST-REDACTED-B kernel: amdgpu 0000:09:00.0: amdgpu: program CP_MES_CNTL : 0x4000000
2026-07-21T10:57:13.173260+02:00 HOST-REDACTED-B kernel: amdgpu 0000:09:00.0: amdgpu: program CP_MES_CNTL : 0xc000000
2026-07-21T10:57:13.173442+02:00 HOST-REDACTED-B kernel: amdgpu 0000:09:00.0: amdgpu: MES FW version must be >= 0x82 to enable LR compute workaround.
2026-07-21T10:57:13.249858+02:00 HOST-REDACTED-B kernel: amdgpu: HMM registered 16304MB device memory
2026-07-21T10:57:13.250876+02:00 HOST-REDACTED-B kernel: kfd kfd: amdgpu: Allocated 3969056 bytes on gart
2026-07-21T10:57:13.251059+02:00 HOST-REDACTED-B kernel: kfd kfd: amdgpu: Total number of KFD nodes to be created: 1
2026-07-21T10:57:13.251167+02:00 HOST-REDACTED-B kernel: amdgpu: Virtual CRAT table created for GPU
2026-07-21T10:57:13.251188+02:00 HOST-REDACTED-B kernel: amdgpu: Topology: Add dGPU node [0x7590:0x1002]
2026-07-21T10:57:13.251197+02:00 HOST-REDACTED-B kernel: kfd kfd: amdgpu: added device 1002:7590
2026-07-21T10:57:13.251301+02:00 HOST-REDACTED-B kernel: amdgpu 0000:09:00.0: amdgpu: SE 2, SH per SE 2, CU per SH 8, active_cu_number 32
2026-07-21T10:57:13.251490+02:00 HOST-REDACTED-B kernel: amdgpu 0000:09:00.0: amdgpu: ring gfx_0.0.0 uses VM inv eng 0 on hub 0
2026-07-21T10:57:13.251668+02:00 HOST-REDACTED-B kernel: amdgpu 0000:09:00.0: amdgpu: ring comp_1.0.0 uses VM inv eng 1 on hub 0
2026-07-21T10:57:13.251851+02:00 HOST-REDACTED-B kernel: amdgpu 0000:09:00.0: amdgpu: ring comp_1.1.0 uses VM inv eng 4 on hub 0
2026-07-21T10:57:13.252036+02:00 HOST-REDACTED-B kernel: amdgpu 0000:09:00.0: amdgpu: ring comp_1.0.1 uses VM inv eng 6 on hub 0
2026-07-21T10:57:13.252263+02:00 HOST-REDACTED-B kernel: amdgpu 0000:09:00.0: amdgpu: ring comp_1.1.1 uses VM inv eng 7 on hub 0
2026-07-21T10:57:13.252450+02:00 HOST-REDACTED-B kernel: amdgpu 0000:09:00.0: amdgpu: ring sdma0 uses VM inv eng 8 on hub 0
2026-07-21T10:57:13.252626+02:00 HOST-REDACTED-B kernel: amdgpu 0000:09:00.0: amdgpu: ring sdma1 uses VM inv eng 9 on hub 0
2026-07-21T10:57:13.252802+02:00 HOST-REDACTED-B kernel: amdgpu 0000:09:00.0: amdgpu: ring vcn_unified_0 uses VM inv eng 0 on hub 8
2026-07-21T10:57:13.252986+02:00 HOST-REDACTED-B kernel: amdgpu 0000:09:00.0: amdgpu: ring jpeg_dec uses VM inv eng 1 on hub 8
2026-07-21T10:57:13.253160+02:00 HOST-REDACTED-B kernel: amdgpu 0000:09:00.0: amdgpu: Using BACO for runtime pm
2026-07-21T10:57:13.253852+02:00 HOST-REDACTED-B kernel: [drm] Initialized amdgpu 3.64.0 for 0000:09:00.0 on minor 0
2026-07-21T10:57:13.259619+02:00 HOST-REDACTED-B systemd[1]: Started firewalld - dynamic firewall daemon.
2026-07-21T10:57:13.260058+02:00 HOST-REDACTED-B systemd[1]: Reached target Preparation for Network.
2026-07-21T10:57:13.261356+02:00 HOST-REDACTED-B systemd[1]: Starting Network Manager...
2026-07-21T10:57:13.295860+02:00 HOST-REDACTED-B kernel: fbcon: amdgpudrmfb (fb0) is primary device
2026-07-21T10:57:13.295896+02:00 HOST-REDACTED-B kernel: Console: switching consoles 4-6 to colour frame buffer device 240x67
2026-07-21T10:57:13.295907+02:00 HOST-REDACTED-B kernel: amdgpu 0000:09:00.0: [drm] fb0: amdgpudrmfb frame buffer device
2026-07-21T10:57:13.296164+02:00 HOST-REDACTED-B NetworkManager[1735]: <info>  [1784624233.2961] NetworkManager (version 1.52.1-1.3) is starting... (boot:UUID-REDACTED)
2026-07-21T10:57:13.296173+02:00 HOST-REDACTED-B NetworkManager[1735]: <info>  [1784624233.2961] Read config: /etc/NetworkManager/NetworkManager.conf, /usr/lib/NetworkManager/conf.d/{10-steamos-defaults.conf,20-connectivity.conf}
2026-07-21T10:57:13.299029+02:00 HOST-REDACTED-B NetworkManager[1735]: <info>  [1784624233.2990] manager[0x5617260f22f0]: monitoring kernel firmware directory '/lib/firmware'.
2026-07-21T10:57:13.300811+02:00 HOST-REDACTED-B NetworkManager[1735]: <info>  [1784624233.3008] hostname: hostname: using hostnamed
2026-07-21T10:57:13.300819+02:00 HOST-REDACTED-B NetworkManager[1735]: <info>  [1784624233.3008] hostname: static hostname changed from (none) to "HOST-REDACTED-B"
2026-07-21T10:57:13.300953+02:00 HOST-REDACTED-B NetworkManager[1735]: <info>  [1784624233.3009] dns-mgr: init: dns=systemd-resolved rc-manager=symlink, plugin=systemd-resolved
2026-07-21T10:57:13.302226+02:00 HOST-REDACTED-B NetworkManager[1735]: <info>  [1784624233.3022] rfkill1: found Wi-Fi radio killswitch (at /sys/devices/pci0000:00/0000:00:01.2/0000:02:00.2/0000:03:08.0/0000:05:00.0/ieee80211/phy0/rfkill1) (driver rtw89_8852be)
2026-07-21T10:57:13.302393+02:00 HOST-REDACTED-B NetworkManager[1735]: <info>  [1784624233.3023] manager[0x5617260f22f0]: rfkill: Wi-Fi hardware radio set enabled
2026-07-21T10:57:13.302404+02:00 HOST-REDACTED-B NetworkManager[1735]: <info>  [1784624233.3023] manager[0x5617260f22f0]: rfkill: WWAN hardware radio set enabled
2026-07-21T10:57:13.303437+02:00 HOST-REDACTED-B NetworkManager[1735]: <info>  [1784624233.3034] Loaded device plugin: NMAtmManager (/usr/lib/NetworkManager/1.52.1-1.3/libnm-device-plugin-adsl.so)
2026-07-21T10:57:13.305885+02:00 HOST-REDACTED-B NetworkManager[1735]: <info>  [1784624233.3058] Loaded device plugin: NMBluezManager (/usr/lib/NetworkManager/1.52.1-1.3/libnm-device-plugin-bluetooth.so)
2026-07-21T10:57:13.306379+02:00 HOST-REDACTED-B NetworkManager[1735]: <info>  [1784624233.3063] Loaded device plugin: NMOvsFactory (/usr/lib/NetworkManager/1.52.1-1.3/libnm-device-plugin-ovs.so)
2026-07-21T10:57:13.321273+02:00 HOST-REDACTED-B NetworkManager[1735]: <info>  [1784624233.3212] Loaded device plugin: NMTeamFactory (/usr/lib/NetworkManager/1.52.1-1.3/libnm-device-plugin-team.so)
2026-07-21T10:57:13.321880+02:00 HOST-REDACTED-B NetworkManager[1735]: <info>  [1784624233.3218] Loaded device plugin: NMWifiFactory (/usr/lib/NetworkManager/1.52.1-1.3/libnm-device-plugin-wifi.so)
2026-07-21T10:57:13.322128+02:00 HOST-REDACTED-B NetworkManager[1735]: <info>  [1784624233.3221] Loaded device plugin: NMWwanFactory (/usr/lib/NetworkManager/1.52.1-1.3/libnm-device-plugin-wwan.so)
2026-07-21T10:57:13.322294+02:00 HOST-REDACTED-B NetworkManager[1735]: <info>  [1784624233.3222] manager: rfkill: Wi-Fi enabled by radio killswitch; enabled by state file
2026-07-21T10:57:13.322321+02:00 HOST-REDACTED-B NetworkManager[1735]: <info>  [1784624233.3223] manager: rfkill: WWAN enabled by radio killswitch; enabled by state file
2026-07-21T10:57:13.322338+02:00 HOST-REDACTED-B NetworkManager[1735]: <info>  [1784624233.3223] manager: Networking is enabled by state file
2026-07-21T10:57:13.322511+02:00 HOST-REDACTED-B NetworkManager[1735]: <info>  [1784624233.3225] settings: Loaded settings plugin: keyfile (internal)
2026-07-21T10:57:13.322916+02:00 HOST-REDACTED-B NetworkManager[1735]: <info>  [1784624233.3229] dhcp: init: Using DHCP client 'internal'
2026-07-21T10:57:13.323034+02:00 HOST-REDACTED-B NetworkManager[1735]: <info>  [1784624233.3230] manager: (lo): new Loopback device (/org/freedesktop/NetworkManager/Devices/1)
2026-07-21T10:57:13.323730+02:00 HOST-REDACTED-B NetworkManager[1735]: <info>  [1784624233.3237] device (lo): state change: unmanaged -> unavailable (reason 'connection-assumed', managed-type: 'external')
2026-07-21T10:57:13.323941+02:00 HOST-REDACTED-B NetworkManager[1735]: <info>  [1784624233.3239] device (lo): state change: unavailable -> disconnected (reason 'connection-assumed', managed-type: 'external')
2026-07-21T10:57:13.324203+02:00 HOST-REDACTED-B NetworkManager[1735]: <info>  [1784624233.3241] device (lo): Activation: starting connection 'lo' (UUID-REDACTED)
2026-07-21T10:57:13.324716+02:00 HOST-REDACTED-B NetworkManager[1735]: <info>  [1784624233.3247] manager: (enp6s0): new Ethernet device (/org/freedesktop/NetworkManager/Devices/2)
2026-07-21T10:57:13.325156+02:00 HOST-REDACTED-B NetworkManager[1735]: <info>  [1784624233.3251] settings: (enp6s0): created default wired connection 'Wired connection 1'
2026-07-21T10:57:13.325169+02:00 HOST-REDACTED-B NetworkManager[1735]: <info>  [1784624233.3251] device (enp6s0): state change: unmanaged -> unavailable (reason 'managed', managed-type: 'external')
2026-07-21T10:57:13.325692+02:00 HOST-REDACTED-B systemd[1]: Starting Network Manager Script Dispatcher Service...
2026-07-21T10:57:13.347852+02:00 HOST-REDACTED-B kernel: Realtek Internal NBASE-T PHY r8169-0-600:00: attached PHY driver (mii_bus:phy_addr=r8169-0-600:00, irq=MAC)
2026-07-21T10:57:13.356930+02:00 HOST-REDACTED-B systemd[1]: Started Network Manager Script Dispatcher Service.
2026-07-21T10:57:13.390858+02:00 HOST-REDACTED-B kernel: [drm] pre_validate_dsc:1628 MST_DSC dsc precompute is not needed
2026-07-21T10:57:13.504853+02:00 HOST-REDACTED-B kernel: r8169 0000:06:00.0 enp6s0: Link is Down
2026-07-21T10:57:13.505144+02:00 HOST-REDACTED-B NetworkManager[1735]: <info>  [1784624233.5051] manager: (wlan0): new 802.11 Wi-Fi device (/org/freedesktop/NetworkManager/Devices/3)
2026-07-21T10:57:13.505244+02:00 HOST-REDACTED-B NetworkManager[1735]: <info>  [1784624233.5052] device (wlan0): state change: unmanaged -> unavailable (reason 'managed', managed-type: 'external')
2026-07-21T10:57:13.508784+02:00 HOST-REDACTED-B systemd[1]: Starting Wireless service...
2026-07-21T10:57:13.514585+02:00 HOST-REDACTED-B gpu-trace[1236]: INFO - Startup tracing is disabled
2026-07-21T10:57:13.514635+02:00 HOST-REDACTED-B gpu-trace[1236]: INFO - GPU Trace daemon ready
2026-07-21T10:57:13.616917+02:00 HOST-REDACTED-B iwd[1746]: Wireless daemon version 3.9
2026-07-21T10:57:13.617365+02:00 HOST-REDACTED-B systemd[1]: Started Wireless service.
2026-07-21T10:57:13.617495+02:00 HOST-REDACTED-B iwd[1746]: station: Network configuration is disabled.
2026-07-21T10:57:13.618325+02:00 HOST-REDACTED-B iwd[1746]: Wiphy: 0, Name: phy0
2026-07-21T10:57:13.618325+02:00 HOST-REDACTED-B iwd[1746]:         Permanent Address: MAC-REDACTED
2026-07-21T10:57:13.618325+02:00 HOST-REDACTED-B iwd[1746]:         2.4GHz Band:
2026-07-21T10:57:13.618325+02:00 HOST-REDACTED-B iwd[1746]:                 Bitrates (non-HT):
2026-07-21T10:57:13.618325+02:00 HOST-REDACTED-B iwd[1746]:                          1.0 Mbps
2026-07-21T10:57:13.618325+02:00 HOST-REDACTED-B iwd[1746]:                          2.0 Mbps
2026-07-21T10:57:13.618325+02:00 HOST-REDACTED-B iwd[1746]:                          5.5 Mbps
2026-07-21T10:57:13.618325+02:00 HOST-REDACTED-B iwd[1746]:                         11.0 Mbps
2026-07-21T10:57:13.618325+02:00 HOST-REDACTED-B iwd[1746]:                          6.0 Mbps
2026-07-21T10:57:13.618325+02:00 HOST-REDACTED-B iwd[1746]:                          9.0 Mbps
2026-07-21T10:57:13.618325+02:00 HOST-REDACTED-B iwd[1746]:                         12.0 Mbps
2026-07-21T10:57:13.618325+02:00 HOST-REDACTED-B iwd[1746]:                         18.0 Mbps
2026-07-21T10:57:13.618506+02:00 HOST-REDACTED-B iwd[1746]:                         24.0 Mbps
2026-07-21T10:57:13.618506+02:00 HOST-REDACTED-B iwd[1746]:                         36.0 Mbps
2026-07-21T10:57:13.618506+02:00 HOST-REDACTED-B iwd[1746]:                         48.0 Mbps
2026-07-21T10:57:13.618506+02:00 HOST-REDACTED-B iwd[1746]:                         54.0 Mbps
2026-07-21T10:57:13.618506+02:00 HOST-REDACTED-B iwd[1746]:                 HT Capabilities:
2026-07-21T10:57:13.618506+02:00 HOST-REDACTED-B iwd[1746]:                         HT40
2026-07-21T10:57:13.618506+02:00 HOST-REDACTED-B iwd[1746]:                         Short GI for 20Mhz
2026-07-21T10:57:13.618506+02:00 HOST-REDACTED-B iwd[1746]:                         Short GI for 40Mhz
2026-07-21T10:57:13.618506+02:00 HOST-REDACTED-B iwd[1746]:                 HT RX MCS indexes:
2026-07-21T10:57:13.618506+02:00 HOST-REDACTED-B iwd[1746]:                         0-15
2026-07-21T10:57:13.618506+02:00 HOST-REDACTED-B iwd[1746]:                         32
2026-07-21T10:57:13.618506+02:00 HOST-REDACTED-B iwd[1746]:                 HE Capabilities
2026-07-21T10:57:13.618506+02:00 HOST-REDACTED-B iwd[1746]:                         Interface Types: ap
2026-07-21T10:57:13.618506+02:00 HOST-REDACTED-B iwd[1746]:                         Max HE RX <= 80MHz MCS: 0-11 for NSS: 2
2026-07-21T10:57:13.618506+02:00 HOST-REDACTED-B iwd[1746]:                         Max HE TX <= 80MHz MCS: 0-11 for NSS: 2
2026-07-21T10:57:13.618506+02:00 HOST-REDACTED-B iwd[1746]:                         Interface Types: station
2026-07-21T10:57:13.618506+02:00 HOST-REDACTED-B iwd[1746]:                         Max HE RX <= 80MHz MCS: 0-11 for NSS: 2
2026-07-21T10:57:13.618506+02:00 HOST-REDACTED-B iwd[1746]:                         Max HE TX <= 80MHz MCS: 0-11 for NSS: 2
2026-07-21T10:57:13.618506+02:00 HOST-REDACTED-B iwd[1746]:         5GHz Band:
2026-07-21T10:57:13.618506+02:00 HOST-REDACTED-B iwd[1746]:                 Bitrates (non-HT):
2026-07-21T10:57:13.618506+02:00 HOST-REDACTED-B iwd[1746]:                          6.0 Mbps
2026-07-21T10:57:13.618506+02:00 HOST-REDACTED-B iwd[1746]:                          9.0 Mbps
2026-07-21T10:57:13.618506+02:00 HOST-REDACTED-B iwd[1746]:                         12.0 Mbps
2026-07-21T10:57:13.618506+02:00 HOST-REDACTED-B iwd[1746]:                         18.0 Mbps
2026-07-21T10:57:13.618506+02:00 HOST-REDACTED-B iwd[1746]:                         24.0 Mbps
2026-07-21T10:57:13.618506+02:00 HOST-REDACTED-B iwd[1746]:                         36.0 Mbps
2026-07-21T10:57:13.618506+02:00 HOST-REDACTED-B iwd[1746]:                         48.0 Mbps
2026-07-21T10:57:13.618506+02:00 HOST-REDACTED-B iwd[1746]:                         54.0 Mbps
2026-07-21T10:57:13.618506+02:00 HOST-REDACTED-B iwd[1746]:                 HT Capabilities:
2026-07-21T10:57:13.618506+02:00 HOST-REDACTED-B iwd[1746]:                         HT40
2026-07-21T10:57:13.618506+02:00 HOST-REDACTED-B iwd[1746]:                         Short GI for 20Mhz
2026-07-21T10:57:13.618506+02:00 HOST-REDACTED-B iwd[1746]:                         Short GI for 40Mhz
2026-07-21T10:57:13.618506+02:00 HOST-REDACTED-B iwd[1746]:                 HT RX MCS indexes:
2026-07-21T10:57:13.618506+02:00 HOST-REDACTED-B iwd[1746]:                         0-15
2026-07-21T10:57:13.618506+02:00 HOST-REDACTED-B iwd[1746]:                         32
2026-07-21T10:57:13.618506+02:00 HOST-REDACTED-B iwd[1746]:                 VHT Capabilities:
2026-07-21T10:57:13.618506+02:00 HOST-REDACTED-B iwd[1746]:                         Short GI for 80Mhz
2026-07-21T10:57:13.618506+02:00 HOST-REDACTED-B iwd[1746]:                         Max RX MCS: 0-9 for NSS: 2
2026-07-21T10:57:13.618506+02:00 HOST-REDACTED-B iwd[1746]:                         Max TX MCS: 0-9 for NSS: 2
2026-07-21T10:57:13.618506+02:00 HOST-REDACTED-B iwd[1746]:                 HE Capabilities
2026-07-21T10:57:13.618506+02:00 HOST-REDACTED-B iwd[1746]:                         Interface Types: ap
2026-07-21T10:57:13.618506+02:00 HOST-REDACTED-B iwd[1746]:                         Max HE RX <= 80MHz MCS: 0-11 for NSS: 2
2026-07-21T10:57:13.618506+02:00 HOST-REDACTED-B iwd[1746]:                         Max HE TX <= 80MHz MCS: 0-11 for NSS: 2
2026-07-21T10:57:13.618506+02:00 HOST-REDACTED-B iwd[1746]:                         Interface Types: station
2026-07-21T10:57:13.618506+02:00 HOST-REDACTED-B iwd[1746]:                         Max HE RX <= 80MHz MCS: 0-11 for NSS: 2
2026-07-21T10:57:13.618506+02:00 HOST-REDACTED-B iwd[1746]:                         Max HE TX <= 80MHz MCS: 0-11 for NSS: 2
2026-07-21T10:57:13.618506+02:00 HOST-REDACTED-B iwd[1746]:         Ciphers: BIP-CMAC-256 BIP-GMAC-256 BIP-GMAC-128 CCMP-256
2026-07-21T10:57:13.618506+02:00 HOST-REDACTED-B iwd[1746]:                  GCMP-256 GCMP-128 BIP-CMAC-128 CCMP-128
2026-07-21T10:57:13.618506+02:00 HOST-REDACTED-B iwd[1746]:                  TKIP
2026-07-21T10:57:13.618506+02:00 HOST-REDACTED-B iwd[1746]:         Supported iftypes: station ap p2p-client p2p-go
2026-07-21T10:57:13.653439+02:00 HOST-REDACTED-B systemd[1]: Started Network Manager.
2026-07-21T10:57:13.653480+02:00 HOST-REDACTED-B NetworkManager[1735]: <info>  [1784624233.6534] bus-manager: acquired D-Bus service "org.freedesktop.NetworkManager"
2026-07-21T10:57:13.653669+02:00 HOST-REDACTED-B systemd[1]: Reached target Network.
2026-07-21T10:57:13.654361+02:00 HOST-REDACTED-B NetworkManager[1735]: <info>  [1784624233.6543] ovsdb: disconnected from ovsdb
2026-07-21T10:57:13.654402+02:00 HOST-REDACTED-B NetworkManager[1735]: <info>  [1784624233.6543] device (lo): state change: disconnected -> prepare (reason 'none', managed-type: 'external')
2026-07-21T10:57:13.654490+02:00 HOST-REDACTED-B NetworkManager[1735]: <info>  [1784624233.6544] device (lo): state change: prepare -> config (reason 'none', managed-type: 'external')
2026-07-21T10:57:13.654565+02:00 HOST-REDACTED-B NetworkManager[1735]: <info>  [1784624233.6545] device (lo): state change: config -> ip-config (reason 'none', managed-type: 'external')
2026-07-21T10:57:13.654683+02:00 HOST-REDACTED-B systemd[1]: Starting Network Manager Wait Online...
2026-07-21T10:57:13.654765+02:00 HOST-REDACTED-B NetworkManager[1735]: <info>  [1784624233.6547] device (wlan0): state change: unavailable -> unmanaged (reason 'unmanaged-link-not-init', managed-type: 'removed')
2026-07-21T10:57:13.654971+02:00 HOST-REDACTED-B NetworkManager[1735]: <info>  [1784624233.6549] device (lo): state change: ip-config -> ip-check (reason 'none', managed-type: 'external')
2026-07-21T10:57:13.655474+02:00 HOST-REDACTED-B NetworkManager[1735]: <info>  [1784624233.6554] device (lo): state change: ip-check -> secondaries (reason 'none', managed-type: 'external')
2026-07-21T10:57:13.655527+02:00 HOST-REDACTED-B NetworkManager[1735]: <info>  [1784624233.6555] device (lo): state change: secondaries -> activated (reason 'none', managed-type: 'external')
2026-07-21T10:57:13.655581+02:00 HOST-REDACTED-B systemd[1]: Starting OpenSSH Daemon...
2026-07-21T10:57:13.655700+02:00 HOST-REDACTED-B NetworkManager[1735]: <info>  [1784624233.6556] device (lo): Activation: successful, device activated.
2026-07-21T10:57:13.656428+02:00 HOST-REDACTED-B systemd[1]: Starting Permit User Sessions...
2026-07-21T10:57:13.657251+02:00 HOST-REDACTED-B systemd[1]: Starting Copy wireless domain from self-managed phy to global kernel domain...
2026-07-21T10:57:13.669084+02:00 HOST-REDACTED-B systemd[1]: Finished Permit User Sessions.
2026-07-21T10:57:13.670382+02:00 HOST-REDACTED-B systemd[1]: Starting Deactivate Plymouth Boot Screen...
2026-07-21T10:57:13.671402+02:00 HOST-REDACTED-B systemd[1]: Starting Hold until boot process finishes up...
2026-07-21T10:57:13.672384+02:00 HOST-REDACTED-B systemd[1]: Starting Terminate Plymouth Boot Screen...
2026-07-21T10:57:13.673132+02:00 HOST-REDACTED-B systemd[1]: Starting User Manager for UID 1000...
2026-07-21T10:57:13.680431+02:00 HOST-REDACTED-B wireless-domain-setter[1813]: Early-exiting as we found no self-managed phy's
2026-07-21T10:57:13.681068+02:00 HOST-REDACTED-B systemd[1]: wireless-domain-setter.service: Deactivated successfully.
2026-07-21T10:57:13.681209+02:00 HOST-REDACTED-B systemd[1]: Finished Copy wireless domain from self-managed phy to global kernel domain.
2026-07-21T10:57:13.683186+02:00 HOST-REDACTED-B dbus-broker-launch[1177]: Activation request for 'org.freedesktop.home1' failed: The systemd unit 'dbus-org.freedesktop.home1.service' could not be found.
2026-07-21T10:57:13.685827+02:00 HOST-REDACTED-B (systemd)[1829]: pam_warn(systemd-user:setcred): function=[pam_sm_setcred] flags=0x8002 service=[systemd-user] terminal=[] user=[USER-REDACTED] ruser=[<unknown>] rhost=[<unknown>]
2026-07-21T10:57:13.688690+02:00 HOST-REDACTED-B (systemd)[1829]: pam_unix(systemd-user:session): session opened for user USER-REDACTED(uid=1000) by USER-REDACTED(uid=0)
2026-07-21T10:57:13.690026+02:00 HOST-REDACTED-B systemd-logind[1274]: New session 1 of user USER-REDACTED.
2026-07-21T10:57:13.745857+02:00 HOST-REDACTED-B kernel: amdgpu 0000:09:00.0: [drm] REG_WAIT timeout 1us * 150000 tries - optc401_disable_crtc line:230
2026-07-21T10:57:13.773088+02:00 HOST-REDACTED-B iwd[1746]: event: state, old: disconnected, new: autoconnect_quick
2026-07-21T10:57:13.774138+02:00 HOST-REDACTED-B NetworkManager[1735]: <info>  [1784624233.7741] manager: (wlan0): new 802.11 Wi-Fi device (/org/freedesktop/NetworkManager/Devices/4)
2026-07-21T10:57:13.774541+02:00 HOST-REDACTED-B NetworkManager[1735]: <info>  [1784624233.7745] device (wlan0): new IWD device state is disconnected
2026-07-21T10:57:13.776168+02:00 HOST-REDACTED-B sshd[1811]: Server listening on 0.0.0.0 port 22.
2026-07-21T10:57:13.776201+02:00 HOST-REDACTED-B sshd[1811]: Server listening on :: port 22.
2026-07-21T10:57:13.776303+02:00 HOST-REDACTED-B systemd[1]: Started OpenSSH Daemon.
2026-07-21T10:57:13.776566+02:00 HOST-REDACTED-B systemd[1]: Reached target SSH Access Available.
2026-07-21T10:57:13.779981+02:00 HOST-REDACTED-B NetworkManager[1735]: <info>  [1784624233.7799] device (wlan0): state change: unmanaged -> unavailable (reason 'managed', managed-type: 'external')
2026-07-21T10:57:13.780649+02:00 HOST-REDACTED-B NetworkManager[1735]: <info>  [1784624233.7806] device (wlan0): state change: unavailable -> disconnected (reason 'none', managed-type: 'full')
2026-07-21T10:57:13.841636+02:00 HOST-REDACTED-B systemd[1]: Received SIGRTMIN+21 from PID 219 (plymouthd).
2026-07-21T10:57:13.851871+02:00 HOST-REDACTED-B systemd[1]: Received SIGRTMIN+21 from PID 219 (plymouthd).
2026-07-21T10:57:13.852682+02:00 HOST-REDACTED-B systemd[1]: Finished Deactivate Plymouth Boot Screen.
2026-07-21T10:57:13.853049+02:00 HOST-REDACTED-B systemd[1]: Finished Hold until boot process finishes up.
2026-07-21T10:57:13.853379+02:00 HOST-REDACTED-B systemd[1]: Finished Terminate Plymouth Boot Screen.
2026-07-21T10:57:13.855084+02:00 HOST-REDACTED-B systemd[1]: Starting Jupiter Controller Firmware Update Service...
2026-07-21T10:57:13.859853+02:00 HOST-REDACTED-B kernel: hid-generic 0005:045E:02FD.0006: unknown main item tag 0x0
2026-07-21T10:57:13.860061+02:00 HOST-REDACTED-B kernel: input: Xbox Wireless Controller as /devices/virtual/misc/uhid/0005:045E:02FD.0006/input/input26
2026-07-21T10:57:13.860073+02:00 HOST-REDACTED-B kernel: input: Xbox Wireless Controller Consumer Control as /devices/virtual/misc/uhid/0005:045E:02FD.0006/input/input27
2026-07-21T10:57:13.860083+02:00 HOST-REDACTED-B kernel: hid-generic 0005:045E:02FD.0006: input,hidraw3: BLUETOOTH HID v9.03 Gamepad [Xbox Wireless Controller] on MAC-REDACTED
2026-07-21T10:57:13.869261+02:00 HOST-REDACTED-B systemd[1829]: Queued start job for default target Main User Target.
2026-07-21T10:57:13.873507+02:00 HOST-REDACTED-B systemd[1829]: Created slice User Application Slice.
2026-07-21T10:57:13.873796+02:00 HOST-REDACTED-B systemd[1829]: Created slice User Core Session Slice.
2026-07-21T10:57:13.874225+02:00 HOST-REDACTED-B systemd[1829]: Started Submitting pending crash events (file monitor).
2026-07-21T10:57:13.874240+02:00 HOST-REDACTED-B systemd[1829]: Cleanup lingering KCrash metadata was skipped because of an unmet condition check (ConditionPathExistsGlob=/<USER-REDACTED>/.cache/kcrash-metadata/*.ini).
2026-07-21T10:57:13.874249+02:00 HOST-REDACTED-B systemd[1829]: Submitting pending crash events was skipped because of an unmet condition check (ConditionPathExistsGlob=/<USER-REDACTED>/.cache/drkonqi/sentry-envelopes/*).
2026-07-21T10:57:13.874387+02:00 HOST-REDACTED-B systemd[1829]: Started Hourly RigSignal spool retention.
2026-07-21T10:57:13.874402+02:00 HOST-REDACTED-B systemd[1829]: Reached target Paths.
2026-07-21T10:57:13.874427+02:00 HOST-REDACTED-B systemd[1829]: Reached target Timers.
2026-07-21T10:57:13.874496+02:00 HOST-REDACTED-B systemd[1829]: Listening on HDMI CEC volume and mute control.
2026-07-21T10:57:13.874975+02:00 HOST-REDACTED-B systemd[1829]: Starting D-Bus User Message Bus Socket...
2026-07-21T10:57:13.875034+02:00 HOST-REDACTED-B systemd[1829]: Listening on GnuPG network certificate management daemon.
2026-07-21T10:57:13.875579+02:00 HOST-REDACTED-B systemd[1829]: Listening on Socket to launch DrKonqi for a systemd-coredump crash.
2026-07-21T10:57:13.875622+02:00 HOST-REDACTED-B systemd[1829]: Listening on GnuPG cryptographic agent and passphrase cache (access for web browsers).
2026-07-21T10:57:13.875659+02:00 HOST-REDACTED-B systemd[1829]: Listening on GnuPG cryptographic agent and passphrase cache (restricted).
2026-07-21T10:57:13.875693+02:00 HOST-REDACTED-B systemd[1829]: Listening on GnuPG cryptographic agent (ssh-agent emulation).
2026-07-21T10:57:13.875729+02:00 HOST-REDACTED-B systemd[1829]: Listening on GnuPG cryptographic agent and passphrase cache.
2026-07-21T10:57:13.875768+02:00 HOST-REDACTED-B systemd[1829]: Listening on GnuPG public key management service.
2026-07-21T10:57:13.875817+02:00 HOST-REDACTED-B systemd[1829]: Listening on p11-kit server.
2026-07-21T10:57:13.875874+02:00 HOST-REDACTED-B systemd[1829]: Listening on PipeWire PulseAudio.
2026-07-21T10:57:13.875928+02:00 HOST-REDACTED-B systemd[1829]: Listening on PipeWire Multimedia System Sockets.
2026-07-21T10:57:13.880809+02:00 HOST-REDACTED-B jupiter-controller-update-with-splash[1861]: Device does not look like a Steam Deck, not attempting to flash any controllers
2026-07-21T10:57:13.881665+02:00 HOST-REDACTED-B systemd[1829]: Listening on D-Bus User Message Bus Socket.
2026-07-21T10:57:13.881708+02:00 HOST-REDACTED-B systemd[1829]: Reached target Sockets.
2026-07-21T10:57:13.881920+02:00 HOST-REDACTED-B systemd[1]: jupiter-controller-update.service: Deactivated successfully.
2026-07-21T10:57:13.882173+02:00 HOST-REDACTED-B systemd[1]: Finished Jupiter Controller Firmware Update Service.
2026-07-21T10:57:13.882432+02:00 HOST-REDACTED-B systemd[1829]: Starting D-Bus User Message Bus...
2026-07-21T10:57:13.883663+02:00 HOST-REDACTED-B systemd[1]: Starting Simple Desktop Display Manager...
2026-07-21T10:57:13.886843+02:00 HOST-REDACTED-B dbus-broker-launch[1869]: Service file '/usr/share//dbus-1/services/org.kde.dolphin.FileManager1.service' is not named after the D-Bus name 'org.freedesktop.FileManager1'.
2026-07-21T10:57:13.887016+02:00 HOST-REDACTED-B dbus-broker-launch[1869]: Service file '/usr/share//dbus-1/services/org.kde.kscreen.service' is not named after the D-Bus name 'org.kde.KScreen'.
2026-07-21T10:57:13.887083+02:00 HOST-REDACTED-B dbus-broker-launch[1869]: Service file '/usr/share//dbus-1/services/org.kde.plasma.Notifications.service' is not named after the D-Bus name 'org.freedesktop.Notifications'.
2026-07-21T10:57:13.887108+02:00 HOST-REDACTED-B iwd[1746]: udev interface=wlan0 ifindex=4
2026-07-21T10:57:13.887163+02:00 HOST-REDACTED-B dbus-broker-launch[1869]: Policy to allow eavesdropping in /usr/share/dbus-1/session.conf +31: Eavesdropping is deprecated and ignored
2026-07-21T10:57:13.887163+02:00 HOST-REDACTED-B dbus-broker-launch[1869]: Policy to allow eavesdropping in /usr/share/dbus-1/session.conf +33: Eavesdropping is deprecated and ignored
2026-07-21T10:57:13.887246+02:00 HOST-REDACTED-B systemd[1829]: Started D-Bus User Message Bus.
2026-07-21T10:57:13.887615+02:00 HOST-REDACTED-B rm[1871]: rm: cannot remove '/etc/sddm.conf.d/zzt-steamos-temp-login.conf': No such file or directory
2026-07-21T10:57:13.888382+02:00 HOST-REDACTED-B systemd[1]: Started Simple Desktop Display Manager.
2026-07-21T10:57:13.888690+02:00 HOST-REDACTED-B systemd[1829]: Reached target Basic System.
2026-07-21T10:57:13.888745+02:00 HOST-REDACTED-B systemd[1829]: Cleanup lingering KCrash metadata was skipped because of an unmet condition check (ConditionPathExistsGlob=/<USER-REDACTED>/.cache/kcrash-metadata/*.ini).
2026-07-21T10:57:13.888774+02:00 HOST-REDACTED-B systemd[1]: Started User Manager for UID 1000.
2026-07-21T10:57:13.889091+02:00 HOST-REDACTED-B dbus-broker-launch[1869]: Ready
2026-07-21T10:57:13.889434+02:00 HOST-REDACTED-B systemd[1829]: Starting Elastic Agent (unprivileged)...
2026-07-21T10:57:13.890025+02:00 HOST-REDACTED-B systemd[1829]: Starting gamemoded...
2026-07-21T10:57:13.890662+02:00 HOST-REDACTED-B systemd[1829]: Started PipeWire Multimedia Service.
2026-07-21T10:57:13.891270+02:00 HOST-REDACTED-B systemd[1829]: Started RigSignal metrics agent (user install).
2026-07-21T10:57:13.891935+02:00 HOST-REDACTED-B systemd[1829]: Started Multimedia Service Session Manager.
2026-07-21T10:57:13.892580+02:00 HOST-REDACTED-B systemd[1829]: Started PipeWire filter chain daemon.
2026-07-21T10:57:13.893241+02:00 HOST-REDACTED-B systemd[1829]: Starting Update XDG user dir configuration...
2026-07-21T10:57:13.895084+02:00 HOST-REDACTED-B systemd[1829]: Started gamemoded.
2026-07-21T10:57:13.898704+02:00 HOST-REDACTED-B systemd[1829]: Finished Update XDG user dir configuration.
2026-07-21T10:57:13.899939+02:00 HOST-REDACTED-B systemd[1829]: Started Elastic Agent (unprivileged).
2026-07-21T10:57:13.900167+02:00 HOST-REDACTED-B systemd[1829]: Reached target Main User Target.
2026-07-21T10:57:13.900239+02:00 HOST-REDACTED-B systemd[1829]: Startup finished in 205ms.
2026-07-21T10:57:13.907124+02:00 HOST-REDACTED-B systemd[1]: Starting RealtimeKit Scheduling Policy Service...
2026-07-21T10:57:13.911854+02:00 HOST-REDACTED-B kernel: microsoft 0005:045E:02FD.0006: unknown main item tag 0x0
2026-07-21T10:57:13.912085+02:00 HOST-REDACTED-B kernel: input: Xbox Wireless Controller as /devices/virtual/misc/uhid/0005:045E:02FD.0006/input/input28
2026-07-21T10:57:13.912111+02:00 HOST-REDACTED-B kernel: microsoft 0005:045E:02FD.0006: input,hidraw3: BLUETOOTH HID v9.03 Gamepad [Xbox Wireless Controller] on MAC-REDACTED
2026-07-21T10:57:13.918006+02:00 HOST-REDACTED-B systemd[1]: Started RealtimeKit Scheduling Policy Service.
2026-07-21T10:57:13.918497+02:00 HOST-REDACTED-B rtkit-daemon[1902]: Handling system-suspend using logind.
2026-07-21T10:57:13.923158+02:00 HOST-REDACTED-B sddm[1874]: Initializing...
2026-07-21T10:57:13.925544+02:00 HOST-REDACTED-B sddm[1874]: Starting...
2026-07-21T10:57:13.925600+02:00 HOST-REDACTED-B sddm[1874]: Logind interface found
2026-07-21T10:57:13.925941+02:00 HOST-REDACTED-B sddm[1874]: Adding new display...
2026-07-21T10:57:13.926068+02:00 HOST-REDACTED-B sddm[1874]: Loaded empty theme configuration
2026-07-21T10:57:13.926417+02:00 HOST-REDACTED-B sddm[1874]: Using VT 1
2026-07-21T10:57:13.926430+02:00 HOST-REDACTED-B sddm[1874]: Display server started.
2026-07-21T10:57:13.926568+02:00 HOST-REDACTED-B sddm[1874]: Reading from "/usr/local/share/wayland-sessions/gamescope-wayland.desktop"
2026-07-21T10:57:13.926577+02:00 HOST-REDACTED-B sddm[1874]: Reading from "/usr/share/wayland-sessions/gamescope-wayland.desktop"
2026-07-21T10:57:13.927052+02:00 HOST-REDACTED-B sddm[1874]: Session "/usr/share/wayland-sessions/gamescope-wayland.desktop" selected, command: "start-gamescope-session" for VT 1
2026-07-21T10:57:13.938102+02:00 HOST-REDACTED-B sddm-helper[1918]: [PAM] Starting...
2026-07-21T10:57:13.938110+02:00 HOST-REDACTED-B sddm-helper[1918]: [PAM] Authenticating...
2026-07-21T10:57:13.938217+02:00 HOST-REDACTED-B sddm-helper[1918]: pam_kwallet5(sddm-autologin:auth): pam_kwallet5: pam_sm_authenticate
2026-07-21T10:57:13.938236+02:00 HOST-REDACTED-B sddm-helper[1918]: [PAM] Preparing to converse...
2026-07-21T10:57:13.938231+02:00 HOST-REDACTED-B sddm-helper[1918]: pam_kwallet5(sddm-autologin:auth): pam_kwallet5: Couldn't get password (it is empty)
2026-07-21T10:57:13.938240+02:00 HOST-REDACTED-B sddm-helper[1918]: [PAM] Conversation with 1 messages
2026-07-21T10:57:13.938751+02:00 HOST-REDACTED-B sddm-helper[1918]: pam_kwallet5(sddm-autologin:auth): pam_kwallet5: Empty or missing password, doing nothing
2026-07-21T10:57:13.939897+02:00 HOST-REDACTED-B sddm-helper[1918]: [PAM] returning.
2026-07-21T10:57:13.943110+02:00 HOST-REDACTED-B sddm[1874]: Authentication for user  "USER-REDACTED"  successful
2026-07-21T10:57:13.943212+02:00 HOST-REDACTED-B sddm-helper[1918]: pam_kwallet5(sddm-autologin:setcred): pam_kwallet5: pam_sm_setcred
2026-07-21T10:57:13.946009+02:00 HOST-REDACTED-B sddm-helper[1918]: pam_unix(sddm-autologin:session): session opened for user USER-REDACTED(uid=1000) by USER-REDACTED(uid=0)
2026-07-21T10:57:13.951459+02:00 HOST-REDACTED-B systemd-logind[1274]: New session 2 of user USER-REDACTED.
2026-07-21T10:57:13.960934+02:00 HOST-REDACTED-B systemd[1]: Started Session 2 of User USER-REDACTED.
2026-07-21T10:57:13.961805+02:00 HOST-REDACTED-B sddm-helper[1918]: pam_kwallet5(sddm-autologin:session): pam_kwallet5: pam_sm_open_session
2026-07-21T10:57:13.961830+02:00 HOST-REDACTED-B sddm-helper[1918]: pam_kwallet5(sddm-autologin:session): pam_kwallet5: open_session called without kwallet5_key
2026-07-21T10:57:13.963080+02:00 HOST-REDACTED-B sddm-helper[1918]: Starting Wayland user session: "/usr/share/sddm/scripts/wayland-session" "start-gamescope-session"
2026-07-21T10:57:13.963691+02:00 HOST-REDACTED-B sddm-helper[1931]: Jumping to VT 1
2026-07-21T10:57:13.963716+02:00 HOST-REDACTED-B sddm-helper[1931]: VT mode didn't need to be fixed
2026-07-21T10:57:13.965731+02:00 HOST-REDACTED-B sddm[1874]: Session started true
2026-07-21T10:57:13.969257+02:00 HOST-REDACTED-B wireplumber[1879]: default: Failed to get percentage from UPower: org.freedesktop.DBus.Error.NameHasNoOwner
2026-07-21T10:57:14.042721+02:00 HOST-REDACTED-B systemd[1829]: Started Service for enabling and controlling dmem cgroup limits for boosting foreground games, user-level.
2026-07-21T10:57:14.043450+02:00 HOST-REDACTED-B systemd[1829]: Starting SteamOS Manager cecd configurator...
2026-07-21T10:57:14.044270+02:00 HOST-REDACTED-B systemd[1829]: Starting SteamOS Manager Daemon...
2026-07-21T10:57:14.045074+02:00 HOST-REDACTED-B systemd[1829]: Started Power Button daemon for SteamOS.
2026-07-21T10:57:14.068874+02:00 HOST-REDACTED-B systemd[1829]: Finished SteamOS Manager cecd configurator.
2026-07-21T10:57:14.069741+02:00 HOST-REDACTED-B systemd[1829]: Starting Consumer Electronics Control (CEC) Daemon...
2026-07-21T10:57:14.082154+02:00 HOST-REDACTED-B systemd[1829]: Started Consumer Electronics Control (CEC) Daemon.
2026-07-21T10:57:14.083366+02:00 HOST-REDACTED-B steamos-manager[1966]: 2026-07-21T08:57:14.083351Z  WARN steamos_manager::manager::user: Can't add GpuPerformanceLevel1 interface: No GPU power profile driver configured
2026-07-21T10:57:14.083366+02:00 HOST-REDACTED-B steamos-manager[1966]: 2026-07-21T08:57:14.083361Z  WARN steamos_manager::manager::user: Can't add GpuPowerProfile1 interface: No GPU power profile driver configured
2026-07-21T10:57:14.084664+02:00 HOST-REDACTED-B rigsignal-agent[1878]: 2026-07-21T08:57:14.084615Z  INFO rigsignal_agent: Collecting host environment snapshot…
2026-07-21T10:57:14.087378+02:00 HOST-REDACTED-B steamos-manager[1966]: 2026-07-21T08:57:14.087365Z  INFO steamos_manager: Starting signal-relay
2026-07-21T10:57:14.087378+02:00 HOST-REDACTED-B steamos-manager[1966]: 2026-07-21T08:57:14.087378Z  INFO steamos_manager: Starting screenreader-setup
2026-07-21T10:57:14.087429+02:00 HOST-REDACTED-B steamos-manager[1966]: 2026-07-21T08:57:14.087400Z  INFO steamos_manager::daemon::config: No state file found, reloading default state
2026-07-21T10:57:14.087429+02:00 HOST-REDACTED-B steamos-manager[1966]: 2026-07-21T08:57:14.087403Z  INFO steamos_manager: Starting tdp-manager
2026-07-21T10:57:14.087429+02:00 HOST-REDACTED-B steamos-manager[1966]: 2026-07-21T08:57:14.087400Z  INFO steamos_manager: Starting session-manager
2026-07-21T10:57:14.087429+02:00 HOST-REDACTED-B steamos-manager[1966]: 2026-07-21T08:57:14.087407Z  INFO steamos_manager: Starting job-manager
2026-07-21T10:57:14.087429+02:00 HOST-REDACTED-B steamos-manager[1966]: 2026-07-21T08:57:14.087427Z  INFO steamos_manager: Starting cecd-listener
2026-07-21T10:57:14.087572+02:00 HOST-REDACTED-B steamos-manager[1966]: 2026-07-21T08:57:14.087562Z  INFO steamos_manager: No config file /usr/share/steamos-manager/user.d/config.toml found
2026-07-21T10:57:14.087611+02:00 HOST-REDACTED-B steamos-manager[1966]: 2026-07-21T08:57:14.087601Z  INFO steamos_manager: No config file /<USER-REDACTED>/.config/steamos-manager/config.toml found
2026-07-21T10:57:14.087635+02:00 HOST-REDACTED-B steamos-manager[1966]: 2026-07-21T08:57:14.087622Z  INFO steamos_manager: Starting udev-monitor
2026-07-21T10:57:14.092605+02:00 HOST-REDACTED-B steamos-manager[1966]: 2026-07-21T08:57:14.092591Z  WARN steamos_manager::screenreader: Failed to load orca configuration: Unable to read from /<USER-REDACTED>/.local/share/orca/user-settings.conf
2026-07-21T10:57:14.093730+02:00 HOST-REDACTED-B systemd[1829]: Started SteamOS Manager Daemon.
2026-07-21T10:57:14.094474+02:00 HOST-REDACTED-B systemd[1829]: Starting SteamOS Manager temporary session cleanup...
2026-07-21T10:57:14.095853+02:00 HOST-REDACTED-B kernel: input: steamos-manager as /devices/virtual/input/input29
2026-07-21T10:57:14.109611+02:00 HOST-REDACTED-B systemd[1829]: Finished SteamOS Manager temporary session cleanup.
2026-07-21T10:57:14.109800+02:00 HOST-REDACTED-B systemd[1829]: Reached target Session services which should run early before the graphical session is brought up.
2026-07-21T10:57:14.110441+02:00 HOST-REDACTED-B systemd[1829]: Starting Gamescope Session...
2026-07-21T10:57:14.124576+02:00 HOST-REDACTED-B gamescope-session[2042]: Making Gamescope Mode Save file at "/<USER-REDACTED>/.config/gamescope/modes.cfg"
2026-07-21T10:57:14.129063+02:00 HOST-REDACTED-B gamescope-session[2042]: Making Gamescope patched edid at "/<USER-REDACTED>/.config/gamescope/edid.bin"
2026-07-21T10:57:14.145803+02:00 HOST-REDACTED-B gamescope-session[2042]: Removing file: /<USER-REDACTED>/.local/share/Steam/config/uioverrides/movies/*
2026-07-21T10:57:14.147293+02:00 HOST-REDACTED-B gamescope-session[2069]: rm: cannot remove '/<USER-REDACTED>/.local/share/Steam/config/uioverrides/movies/*': No such file or directory
2026-07-21T10:57:14.148887+02:00 HOST-REDACTED-B gamescope-session[2070]: rm: cannot remove '/<USER-REDACTED>/.local/share/Steam/config/uioverrides/movies/*.installed': No such file or directory
2026-07-21T10:57:14.161505+02:00 HOST-REDACTED-B gamescope-session[2042]: Claimed global gamescope stats session at "/run/user/1000/gamescope-stats"
2026-07-21T10:57:14.181397+02:00 HOST-REDACTED-B gamescope-session[2042]: [gamescope] [Info]  console: gamescope version 3.16.23.5 (gcc 15.1.1)
2026-07-21T10:57:14.181448+02:00 HOST-REDACTED-B gamescope-session[2042]: Tracing is enabled
2026-07-21T10:57:14.181448+02:00 HOST-REDACTED-B gamescope-session[2042]: [gamescope] [Info]  scriptmgr: Loading scripts from: '/usr/share/gamescope/scripts'
2026-07-21T10:57:14.181874+02:00 HOST-REDACTED-B gamescope-session[2042]: [gamescope] [Info]  scriptmgr: Loading scripts from: '/usr/share/gamescope/scripts/00-gamescope'
2026-07-21T10:57:14.181906+02:00 HOST-REDACTED-B gamescope-session[2042]: [gamescope] [Info]  scriptmgr: Loading scripts from: '/usr/share/gamescope/scripts/00-gamescope/common'
2026-07-21T10:57:14.181945+02:00 HOST-REDACTED-B gamescope-session[2042]: [gamescope] [Info]  scriptmgr: Running script file '/usr/share/gamescope/scripts/00-gamescope/common/inspect.lua' (id: 0)
2026-07-21T10:57:14.182487+02:00 HOST-REDACTED-B gamescope-session[2042]: [gamescope] [Info]  scriptmgr: Running script file '/usr/share/gamescope/scripts/00-gamescope/common/modegen.lua' (id: 1)
2026-07-21T10:57:14.182532+02:00 HOST-REDACTED-B gamescope-session[2042]: [gamescope] [Info]  scriptmgr: Running script file '/usr/share/gamescope/scripts/00-gamescope/common/util.lua' (id: 2)
2026-07-21T10:57:14.182558+02:00 HOST-REDACTED-B gamescope-session[2042]: [gamescope] [Info]  scriptmgr: Loading scripts from: '/usr/share/gamescope/scripts/00-gamescope/displays'
2026-07-21T10:57:14.182663+02:00 HOST-REDACTED-B gamescope-session[2042]: [gamescope] [Info]  scriptmgr: Running script file '/usr/share/gamescope/scripts/00-gamescope/displays/asus.rogally.lcd.lua' (id: 3)
2026-07-21T10:57:14.182724+02:00 HOST-REDACTED-B gamescope-session[2042]: [gamescope] [Info]  scriptmgr: Running script file '/usr/share/gamescope/scripts/00-gamescope/displays/deckhd.steamdeck.deckhd-lcd.lua' (id: 4)
2026-07-21T10:57:14.182767+02:00 HOST-REDACTED-B gamescope-session[2042]: [gamescope] [Info]  scriptmgr: Running script file '/usr/share/gamescope/scripts/00-gamescope/displays/gpd.win4.lcd.lua' (id: 5)
2026-07-21T10:57:14.182814+02:00 HOST-REDACTED-B gamescope-session[2042]: [gamescope] [Info]  scriptmgr: Running script file '/usr/share/gamescope/scripts/00-gamescope/displays/lenovo.legiongo.lcd.lua' (id: 6)
2026-07-21T10:57:14.182856+02:00 HOST-REDACTED-B gamescope-session[2042]: [gamescope] [Info]  scriptmgr: Running script file '/usr/share/gamescope/scripts/00-gamescope/displays/lenovo.legiongos.lcd.lua' (id: 7)
2026-07-21T10:57:14.182902+02:00 HOST-REDACTED-B gamescope-session[2042]: [gamescope] [Info]  scriptmgr: Running script file '/usr/share/gamescope/scripts/00-gamescope/displays/onexplayer.f1.oled.lua' (id: 8)
2026-07-21T10:57:14.182943+02:00 HOST-REDACTED-B gamescope-session[2042]: [gamescope] [Info]  scriptmgr: Running script file '/usr/share/gamescope/scripts/00-gamescope/displays/valve.steamdeck.lcd.lua' (id: 9)
2026-07-21T10:57:14.182996+02:00 HOST-REDACTED-B gamescope-session[2042]: [gamescope] [Info]  scriptmgr: Running script file '/usr/share/gamescope/scripts/00-gamescope/displays/valve.steamdeck.oled.lua' (id: 10)
2026-07-21T10:57:14.183051+02:00 HOST-REDACTED-B gamescope-session[2042]: [gamescope] [Info]  scriptmgr: Running script file '/usr/share/gamescope/scripts/00-gamescope/displays/zotac.zone.oled.lua' (id: 11)
2026-07-21T10:57:14.183094+02:00 HOST-REDACTED-B gamescope-session[2042]: [gamescope] [Info]  scriptmgr: Loading scripts from: '/etc/gamescope/scripts'
2026-07-21T10:57:14.183108+02:00 HOST-REDACTED-B gamescope-session[2042]: [gamescope] [Warn]  scriptmgr: Directory '/etc/gamescope/scripts' does not exist
2026-07-21T10:57:14.183108+02:00 HOST-REDACTED-B gamescope-session[2042]: [gamescope] [Info]  scriptmgr: Loading scripts from: '/<USER-REDACTED>/.config/gamescope/scripts'
2026-07-21T10:57:14.183134+02:00 HOST-REDACTED-B gamescope-session[2042]: [gamescope] [Warn]  scriptmgr: Directory '/<USER-REDACTED>/.config/gamescope/scripts' does not exist
2026-07-21T10:57:14.188495+02:00 HOST-REDACTED-B gamescope-session[2042]: ATTENTION: default value of option vk_xwayland_wait_ready overridden by environment.
2026-07-21T10:57:14.190033+02:00 HOST-REDACTED-B gamescope-session[2042]: ATTENTION: default value of option vk_xwayland_wait_ready overridden by environment.
2026-07-21T10:57:14.192774+02:00 HOST-REDACTED-B gamescope-session[2042]: WARNING: radv is not a conformant Vulkan implementation, testing use only.
2026-07-21T10:57:14.193463+02:00 HOST-REDACTED-B gamescope-session[2042]: [gamescope] [Info]  vulkan: selecting physical device 'AMD Radeon RX 9060 XT (RADV GFX1200)': queue family 1 (general queue family 0)
2026-07-21T10:57:14.193510+02:00 HOST-REDACTED-B gamescope-session[2042]: [gamescope] [Info]  vulkan: physical device supports DRM format modifiers
2026-07-21T10:57:14.193976+02:00 HOST-REDACTED-B gamescope-session[2042]: [Gamescope WSI] Forcing on VK_EXT_swapchain_maintenance1.
2026-07-21T10:57:14.194779+02:00 HOST-REDACTED-B wireplumber[1879]: wp-device: SPA handle 'api.libcamera.enum.manager' could not be loaded; is it installed?
2026-07-21T10:57:14.194787+02:00 HOST-REDACTED-B wireplumber[1879]: s-monitors-libcamera: PipeWire's libcamera SPA plugin is missing or broken. Some camera types may not be supported.
2026-07-21T10:57:14.196539+02:00 HOST-REDACTED-B gamescope-session[2042]: [gamescope] [Info]  wlserver: [backend/headless/backend.c:67] Creating headless backend
2026-07-21T10:57:14.196572+02:00 HOST-REDACTED-B gamescope-session[2042]: [gamescope] [Info]  wlserver: [libseat] [libseat/backend/seatd.c:64] Could not connect to socket /run/seatd.sock: No such file or directory
2026-07-21T10:57:14.196595+02:00 HOST-REDACTED-B gamescope-session[2042]: [gamescope] [Info]  wlserver: [libseat] [libseat/libseat.c:76] Backend 'seatd' failed to open seat, skipping
2026-07-21T10:57:14.197432+02:00 HOST-REDACTED-B gamescope-session[2042]: [gamescope] [Info]  wlserver: [libseat] [libseat/libseat.c:73] Seat opened with backend 'logind'
2026-07-21T10:57:14.197462+02:00 HOST-REDACTED-B gamescope-session[2042]: [gamescope] [Info]  wlserver: [backend/session/session.c:108] Successfully loaded libseat session
2026-07-21T10:57:14.197853+02:00 HOST-REDACTED-B kernel: Bluetooth: RFCOMM TTY layer initialized
2026-07-21T10:57:14.197884+02:00 HOST-REDACTED-B kernel: Bluetooth: RFCOMM socket layer initialized
2026-07-21T10:57:14.197910+02:00 HOST-REDACTED-B kernel: Bluetooth: RFCOMM ver 1.11
2026-07-21T10:57:14.198795+02:00 HOST-REDACTED-B bluetoothd[1231]: Endpoint registered: sender=:1.33 path=/MediaEndpoint/A2DPSource/ldac
2026-07-21T10:57:14.198895+02:00 HOST-REDACTED-B bluetoothd[1231]: Endpoint registered: sender=:1.33 path=/MediaEndpoint/A2DPSink/aptx_hd
2026-07-21T10:57:14.198964+02:00 HOST-REDACTED-B bluetoothd[1231]: Endpoint registered: sender=:1.33 path=/MediaEndpoint/A2DPSource/aptx_hd
2026-07-21T10:57:14.199045+02:00 HOST-REDACTED-B bluetoothd[1231]: Endpoint registered: sender=:1.33 path=/MediaEndpoint/A2DPSink/aptx
2026-07-21T10:57:14.199105+02:00 HOST-REDACTED-B gamescope-session[2042]: [gamescope] [Info]  drm: opening DRM node '/dev/dri/card0'
2026-07-21T10:57:14.199123+02:00 HOST-REDACTED-B bluetoothd[1231]: Endpoint registered: sender=:1.33 path=/MediaEndpoint/A2DPSource/aptx
2026-07-21T10:57:14.199192+02:00 HOST-REDACTED-B bluetoothd[1231]: Endpoint registered: sender=:1.33 path=/MediaEndpoint/A2DPSink/aac
2026-07-21T10:57:14.199253+02:00 HOST-REDACTED-B bluetoothd[1231]: Endpoint registered: sender=:1.33 path=/MediaEndpoint/A2DPSource/aac
2026-07-21T10:57:14.199308+02:00 HOST-REDACTED-B bluetoothd[1231]: Endpoint registered: sender=:1.33 path=/MediaEndpoint/A2DPSink/opus_g
2026-07-21T10:57:14.199359+02:00 HOST-REDACTED-B bluetoothd[1231]: Endpoint registered: sender=:1.33 path=/MediaEndpoint/A2DPSource/opus_g
2026-07-21T10:57:14.199420+02:00 HOST-REDACTED-B bluetoothd[1231]: Endpoint registered: sender=:1.33 path=/MediaEndpoint/A2DPSink/sbc
2026-07-21T10:57:14.199474+02:00 HOST-REDACTED-B bluetoothd[1231]: Endpoint registered: sender=:1.33 path=/MediaEndpoint/A2DPSource/sbc
2026-07-21T10:57:14.199528+02:00 HOST-REDACTED-B bluetoothd[1231]: Endpoint registered: sender=:1.33 path=/MediaEndpoint/A2DPSource/aptx_ll_1
2026-07-21T10:57:14.199578+02:00 HOST-REDACTED-B bluetoothd[1231]: Endpoint registered: sender=:1.33 path=/MediaEndpoint/A2DPSource/aptx_ll_0
2026-07-21T10:57:14.199628+02:00 HOST-REDACTED-B bluetoothd[1231]: Endpoint registered: sender=:1.33 path=/MediaEndpoint/A2DPSource/aptx_ll_duplex_1
2026-07-21T10:57:14.199679+02:00 HOST-REDACTED-B bluetoothd[1231]: Endpoint registered: sender=:1.33 path=/MediaEndpoint/A2DPSource/aptx_ll_duplex_0
2026-07-21T10:57:14.199730+02:00 HOST-REDACTED-B bluetoothd[1231]: Endpoint registered: sender=:1.33 path=/MediaEndpoint/A2DPSource/faststream
2026-07-21T10:57:14.199779+02:00 HOST-REDACTED-B bluetoothd[1231]: Endpoint registered: sender=:1.33 path=/MediaEndpoint/A2DPSource/faststream_duplex
2026-07-21T10:57:14.199829+02:00 HOST-REDACTED-B bluetoothd[1231]: Endpoint registered: sender=:1.33 path=/MediaEndpoint/A2DPSink/opus_05
2026-07-21T10:57:14.199891+02:00 HOST-REDACTED-B bluetoothd[1231]: Endpoint registered: sender=:1.33 path=/MediaEndpoint/A2DPSource/opus_05
2026-07-21T10:57:14.199943+02:00 HOST-REDACTED-B bluetoothd[1231]: Endpoint registered: sender=:1.33 path=/MediaEndpoint/A2DPSink/opus_05_duplex
2026-07-21T10:57:14.199994+02:00 HOST-REDACTED-B bluetoothd[1231]: Endpoint registered: sender=:1.33 path=/MediaEndpoint/A2DPSource/opus_05_duplex
2026-07-21T10:57:14.238457+02:00 HOST-REDACTED-B rigsignal-agent[1878]: 2026-07-21T08:57:14.238434Z  INFO rigsignal_agent::collectors::linux::gpu_amd: GPU card path: /sys/class/drm/card0/device
2026-07-21T10:57:14.238457+02:00 HOST-REDACTED-B rigsignal-agent[1878]: 2026-07-21T08:57:14.238447Z  INFO rigsignal_agent::collectors::linux::gpu_amd: GPU hwmon path: /sys/class/drm/card0/device/hwmon/hwmon4
2026-07-21T10:57:14.238607+02:00 HOST-REDACTED-B rigsignal-agent[1878]: 2026-07-21T08:57:14.238564Z  INFO rigsignal_agent: Session UUID-REDACTED started (label: HOST-REDACTED-B)
2026-07-21T10:57:14.242911+02:00 HOST-REDACTED-B rigsignal-agent[1878]: 2026-07-21T08:57:14.242898Z  INFO rigsignal_agent::session: No game detected — idle polling
2026-07-21T10:57:14.274936+02:00 HOST-REDACTED-B gamescope-session[2042]: [gamescope] [Info]  drm: Connector HDMI-A-2 -> SAM - QCQ95S
2026-07-21T10:57:14.275162+02:00 HOST-REDACTED-B gamescope-session[2042]: [gamescope] [Info]  drm: [colorimetry]: EDID with colorimetry detected. Using it
2026-07-21T10:57:14.275162+02:00 HOST-REDACTED-B gamescope-session[2042]: [gamescope] [Info]  drm: [colorimetry]: r 0.698242 0.291992
2026-07-21T10:57:14.275162+02:00 HOST-REDACTED-B gamescope-session[2042]: [gamescope] [Info]  drm: [colorimetry]: g 0.254883 0.699219
2026-07-21T10:57:14.275162+02:00 HOST-REDACTED-B gamescope-session[2042]: [gamescope] [Info]  drm: [colorimetry]: b 0.148438 0.055664
2026-07-21T10:57:14.275162+02:00 HOST-REDACTED-B gamescope-session[2042]: [gamescope] [Info]  drm: [colorimetry]: w 0.312500 0.329102
2026-07-21T10:57:14.297865+02:00 HOST-REDACTED-B kernel: /proc/cgroups lists only v1 controllers, use cgroup.controllers of root cgroup for v2 info
2026-07-21T10:57:14.311529+02:00 HOST-REDACTED-B gamescope-session[2042]: [gamescope] [Info]  drm: Connector HDMI-A-2 -> SAM - QCQ95S
2026-07-21T10:57:14.311560+02:00 HOST-REDACTED-B gamescope-session[2042]: [gamescope] [Info]  drm: [colorimetry]: EDID with colorimetry detected. Using it
2026-07-21T10:57:14.311560+02:00 HOST-REDACTED-B gamescope-session[2042]: [gamescope] [Info]  drm: [colorimetry]: r 0.698242 0.291992
2026-07-21T10:57:14.311560+02:00 HOST-REDACTED-B gamescope-session[2042]: [gamescope] [Info]  drm: [colorimetry]: g 0.254883 0.699219
2026-07-21T10:57:14.311560+02:00 HOST-REDACTED-B gamescope-session[2042]: [gamescope] [Info]  drm: [colorimetry]: b 0.148438 0.055664
2026-07-21T10:57:14.311560+02:00 HOST-REDACTED-B gamescope-session[2042]: [gamescope] [Info]  drm: [colorimetry]: w 0.312500 0.329102
2026-07-21T10:57:14.312849+02:00 HOST-REDACTED-B gamescope-session[2042]: [gamescope] [Info]  drm: Connectors:
2026-07-21T10:57:14.312849+02:00 HOST-REDACTED-B gamescope-session[2042]: [gamescope] [Info]  drm:   HDMI-A-2 (connected)
2026-07-21T10:57:14.312849+02:00 HOST-REDACTED-B gamescope-session[2042]: [gamescope] [Info]  drm:   HDMI-A-1 (disconnected)
2026-07-21T10:57:14.312849+02:00 HOST-REDACTED-B gamescope-session[2042]: [gamescope] [Info]  drm:   DP-1 (disconnected)
2026-07-21T10:57:14.312849+02:00 HOST-REDACTED-B gamescope-session[2042]: [gamescope] [Info]  drm: selecting connector HDMI-A-2
2026-07-21T10:57:14.312974+02:00 HOST-REDACTED-B gamescope-session[2042]: [gamescope] [Info]  drm: selecting mode 3840x2160@120Hz
2026-07-21T10:57:14.313274+02:00 HOST-REDACTED-B gamescope-session[2042]: [gamescope] [Info]  vulkan: supported DRM formats for sampling usage:
2026-07-21T10:57:14.313274+02:00 HOST-REDACTED-B gamescope-session[2042]: [gamescope] [Info]  vulkan:   AR24 (0x34325241)
2026-07-21T10:57:14.313274+02:00 HOST-REDACTED-B gamescope-session[2042]: [gamescope] [Info]  vulkan:   XR24 (0x34325258)
2026-07-21T10:57:14.313274+02:00 HOST-REDACTED-B gamescope-session[2042]: [gamescope] [Info]  vulkan:   AB24 (0x34324241)
2026-07-21T10:57:14.313274+02:00 HOST-REDACTED-B gamescope-session[2042]: [gamescope] [Info]  vulkan:   XB24 (0x34324258)
2026-07-21T10:57:14.313274+02:00 HOST-REDACTED-B gamescope-session[2042]: [gamescope] [Info]  vulkan:   RG16 (0x36314752)
2026-07-21T10:57:14.313340+02:00 HOST-REDACTED-B gamescope-session[2042]: [gamescope] [Info]  vulkan:   NV12 (0x3231564E)
2026-07-21T10:57:14.313340+02:00 HOST-REDACTED-B gamescope-session[2042]: [gamescope] [Info]  vulkan:   AB4H (0x48344241)
2026-07-21T10:57:14.313340+02:00 HOST-REDACTED-B gamescope-session[2042]: [gamescope] [Info]  vulkan:   XB4H (0x48344258)
2026-07-21T10:57:14.313340+02:00 HOST-REDACTED-B gamescope-session[2042]: [gamescope] [Info]  vulkan:   AB48 (0x38344241)
2026-07-21T10:57:14.313340+02:00 HOST-REDACTED-B gamescope-session[2042]: [gamescope] [Info]  vulkan:   XB48 (0x38344258)
2026-07-21T10:57:14.313340+02:00 HOST-REDACTED-B gamescope-session[2042]: [gamescope] [Info]  vulkan:   AB30 (0x30334241)
2026-07-21T10:57:14.313340+02:00 HOST-REDACTED-B gamescope-session[2042]: [gamescope] [Info]  vulkan:   XB30 (0x30334258)
2026-07-21T10:57:14.313340+02:00 HOST-REDACTED-B gamescope-session[2042]: [gamescope] [Info]  vulkan:   AR30 (0x30335241)
2026-07-21T10:57:14.313340+02:00 HOST-REDACTED-B gamescope-session[2042]: [gamescope] [Info]  vulkan:   XR30 (0x30335258)
2026-07-21T10:57:14.322446+02:00 HOST-REDACTED-B gamescope-session[2042]: [gamescope] [Info]  wlserver: Using explicit sync when available
2026-07-21T10:57:14.322474+02:00 HOST-REDACTED-B gamescope-session[2042]: [gamescope] [Info]  wlserver: Running compositor on wayland display 'gamescope-0'
2026-07-21T10:57:14.322474+02:00 HOST-REDACTED-B gamescope-session[2042]: [gamescope] [Info]  wlserver: [backend/headless/backend.c:17] Starting headless backend
2026-07-21T10:57:14.348866+02:00 HOST-REDACTED-B systemd[1829]: Started PipeWire PulseAudio.
2026-07-21T10:57:14.354789+02:00 HOST-REDACTED-B gamescope-session[2042]: [gamescope] [Error] wlserver: [libseat] [libseat/backend/logind.c:124] Could not take device: No such device
2026-07-21T10:57:14.354823+02:00 HOST-REDACTED-B gamescope-session[2042]: [gamescope] [Error] wlserver: [backend/session/session.c:318] Failed to open device: '/dev/input/event16': Resource temporarily unavailable
2026-07-21T10:57:14.359685+02:00 HOST-REDACTED-B gamescope-session[2042]: [gamescope] [Info]  wlserver: Successfully initialized libei for input emulation!
2026-07-21T10:57:14.360998+02:00 HOST-REDACTED-B gamescope-session[2120]: [gamescope] [Info]  wlserver: [xwayland/server.c:107] Starting Xwayland on :0
2026-07-21T10:57:14.361362+02:00 HOST-REDACTED-B gamescope-session[2121]: [gamescope] [Info]  wlserver: [xwayland/server.c:107] Starting Xwayland on :1
2026-07-21T10:57:14.377379+02:00 HOST-REDACTED-B rtkit-daemon[1902]: Successfully made thread 2113 of process 2113 owned by '1000' high priority at nice level -11.
2026-07-21T10:57:14.380726+02:00 HOST-REDACTED-B rtkit-daemon[1902]: Successfully made thread 2123 of process 2113 owned by '1000' RT at priority 20.
2026-07-21T10:57:14.478255+02:00 HOST-REDACTED-B gamescope-session[2153]: The XKEYBOARD keymap compiler (xkbcomp) reports:
2026-07-21T10:57:14.478255+02:00 HOST-REDACTED-B gamescope-session[2153]: > Warning:          Could not resolve keysym XF86RefreshRateToggle
2026-07-21T10:57:14.478255+02:00 HOST-REDACTED-B gamescope-session[2153]: > Warning:          Could not resolve keysym XF86Accessibility
2026-07-21T10:57:14.478255+02:00 HOST-REDACTED-B gamescope-session[2153]: > Warning:          Could not resolve keysym XF86DoNotDisturb
2026-07-21T10:57:14.478548+02:00 HOST-REDACTED-B gamescope-session[2152]: The XKEYBOARD keymap compiler (xkbcomp) reports:
2026-07-21T10:57:14.478548+02:00 HOST-REDACTED-B gamescope-session[2152]: > Warning:          Could not resolve keysym XF86RefreshRateToggle
2026-07-21T10:57:14.478548+02:00 HOST-REDACTED-B gamescope-session[2152]: > Warning:          Could not resolve keysym XF86Accessibility
2026-07-21T10:57:14.478548+02:00 HOST-REDACTED-B gamescope-session[2152]: > Warning:          Could not resolve keysym XF86DoNotDisturb
2026-07-21T10:57:14.478782+02:00 HOST-REDACTED-B gamescope-session[2153]: Errors from xkbcomp are not fatal to the X server
2026-07-21T10:57:14.479049+02:00 HOST-REDACTED-B gamescope-session[2152]: Errors from xkbcomp are not fatal to the X server
2026-07-21T10:57:14.482441+02:00 HOST-REDACTED-B gamescope-session[2042]: [gamescope] [Info]  pipewire: stream state changed: connecting
2026-07-21T10:57:14.483666+02:00 HOST-REDACTED-B gamescope-session[2042]: [gamescope] [Info]  pipewire: stream state changed: paused
2026-07-21T10:57:14.483695+02:00 HOST-REDACTED-B gamescope-session[2042]: [gamescope] [Info]  pipewire: stream available on node ID: 98
2026-07-21T10:57:14.487890+02:00 HOST-REDACTED-B gamescope-session[2042]: [gamescope] [Info]  xwm: Embedded, no cursor set. Using left_ptr by default.
2026-07-21T10:57:14.497150+02:00 HOST-REDACTED-B gamescope-session[2042]: [gamescope] [Info]  xwm: Embedded, no cursor set. Using left_ptr by default.
2026-07-21T10:57:14.502662+02:00 HOST-REDACTED-B gamescope-session[2042]: [gamescope] [Info]  vblank: Using timerfd.
2026-07-21T10:57:14.502900+02:00 HOST-REDACTED-B gamescope-session[2042]: [gamescope] [Info]  edid: Wrote new edid to: /<USER-REDACTED>/.config/gamescope/edid.bin
2026-07-21T10:57:14.505894+02:00 HOST-REDACTED-B gamescope-session[2042]: [gamescope] [Info]  wlserver: Updating mode for xwayland server #0: 3840x2160@120
2026-07-21T10:57:14.507598+02:00 HOST-REDACTED-B systemd[1829]: Started Gamescope Session.
2026-07-21T10:57:14.508119+02:00 HOST-REDACTED-B systemd[1829]: Reached target Current graphical user session.
2026-07-21T10:57:14.508218+02:00 HOST-REDACTED-B systemd[1829]: galileo mura setup was skipped because of an unmet condition check (ConditionFirmware=smbios-field(product_name="Galileo")).
2026-07-21T10:57:14.509378+02:00 HOST-REDACTED-B systemd[1829]: Starting mangoapp...
2026-07-21T10:57:14.510364+02:00 HOST-REDACTED-B systemd[1829]: Starting Xbindkeys for Gamescope session...
2026-07-21T10:57:14.511347+02:00 HOST-REDACTED-B systemd[1829]: Starting Wrapper for Ibus...
2026-07-21T10:57:14.520113+02:00 HOST-REDACTED-B systemd[1829]: Starting Steam Launcher...
2026-07-21T10:57:14.521368+02:00 HOST-REDACTED-B systemd[1829]: Started Steam Notification Daemon.
2026-07-21T10:57:14.522173+02:00 HOST-REDACTED-B systemd[1829]: Started Xbindkeys for Gamescope session.
2026-07-21T10:57:14.522334+02:00 HOST-REDACTED-B systemd[1829]: Started mangoapp.
2026-07-21T10:57:14.527044+02:00 HOST-REDACTED-B steam-short-session-tracker[2167]: /usr/lib/steamos/steam-short-session-tracker: line 33: /tmp/steamos-short-session-tracker: No such file or directory
2026-07-21T10:57:14.532525+02:00 HOST-REDACTED-B systemd[1829]: Started Steam Launcher.
2026-07-21T10:57:14.539395+02:00 HOST-REDACTED-B systemd[1829]: Started Wrapper for Ibus.
2026-07-21T10:57:14.539742+02:00 HOST-REDACTED-B systemd[1829]: Reached target Gamescope Session.
2026-07-21T10:57:14.541736+02:00 HOST-REDACTED-B systemd[1829]: Created slice Slice /app/dbus-:1.1-org.freedesktop.portal.IBus.
2026-07-21T10:57:14.542530+02:00 HOST-REDACTED-B systemd[1829]: Started dbus-:1.1-org.freedesktop.portal.IBus@0.service.
2026-07-21T10:57:14.561374+02:00 HOST-REDACTED-B steam-runtime-steam-remote[2204]: steam-runtime-steam-remote: Steam is not running: No such device or address
2026-07-21T10:57:14.664676+02:00 HOST-REDACTED-B mangoapp[2161]: [2026-07-21 10:57:14.664] [MANGOHUD] [info] [cpu.cpp:636] hwmon: using input: /sys/class/hwmon/hwmon1/temp1_input
2026-07-21T10:57:15.185182+02:00 HOST-REDACTED-B steam[2217]: steam.sh[2170]: Running Steam on steamos rolling 64-bit
2026-07-21T10:57:15.185471+02:00 HOST-REDACTED-B steam[2217]: steam.sh[2170]: STEAM_RUNTIME is enabled automatically
2026-07-21T10:57:15.220616+02:00 HOST-REDACTED-B steam[2217]: setup.sh[2346]: Steam runtime environment up-to-date!
2026-07-21T10:57:15.961948+02:00 HOST-REDACTED-B steam[2217]: steam.sh[2170]: Log already open
2026-07-21T10:57:15.975372+02:00 HOST-REDACTED-B steam[2217]: steam.sh[2170]: Steam client's requirements are satisfied
2026-07-21T10:57:15.984097+02:00 HOST-REDACTED-B steam[2217]: CProcessEnvironmentManager is ready, 5 preallocated environment variables.
2026-07-21T10:57:15.986826+02:00 HOST-REDACTED-B steam[2217]: [2026-07-21 10:57:15] Startup - updater built Jul 14 2026 22:52:38
2026-07-21T10:57:15.986855+02:00 HOST-REDACTED-B steam[2217]: [2026-07-21 10:57:15] Startup - Steam Client launched with: '/<USER-REDACTED>/.local/share/Steam/ubuntu12_32/steam' '-srt-logger-opened' '-steamdeck' '-pipewire' '-steamos3' '-steampal' '-steamdeck' '-gamepadui'
2026-07-21T10:57:15.986855+02:00 HOST-REDACTED-B steam[2217]: [2026-07-21 10:57:15] Opted in to client beta 'steamdeck_publicbeta' via beta file
2026-07-21T10:57:15.986886+02:00 HOST-REDACTED-B steam[2217]: You are in the 'steamdeck_publicbeta' client beta.
2026-07-21T10:57:15.989435+02:00 HOST-REDACTED-B steam[2217]: 07/21 10:57:15 minidumps folder is set to /tmp/dumps
2026-07-21T10:57:15.989554+02:00 HOST-REDACTED-B steam[2217]: 07/21 10:57:15 Init: Installing breakpad exception handler for appid(steam)/version(1784145295)/tid(2386)
2026-07-21T10:57:15.993522+02:00 HOST-REDACTED-B steam[2217]: CProcessEnvironmentManager is ready, 5 preallocated environment variables.
2026-07-21T10:57:15.995124+02:00 HOST-REDACTED-B steam[2217]: [2026-07-21 10:57:15] Process started with command-line: '/<USER-REDACTED>/.local/share/Steam/ubuntu12_32/steam' '-child-update-ui' '-child-update-ui-socket' '8' '-srt-logger-opened' '-steamdeck' '-pipewire' '-steamos3' '-steampal' '-steamdeck' '-gamepadui'
2026-07-21T10:57:15.995401+02:00 HOST-REDACTED-B steam[2217]: 07/21 10:57:15 minidumps folder is set to /tmp/dumps
2026-07-21T10:57:15.998614+02:00 HOST-REDACTED-B steam[2217]: [2026-07-21 10:57:15] Using update UI: glx
2026-07-21T10:57:15.998647+02:00 HOST-REDACTED-B steam[2217]: 07/21 10:57:15 Init: Installing breakpad exception handler for appid(steam)/version(0)/tid(2387)
2026-07-21T10:57:15.998801+02:00 HOST-REDACTED-B steam[2217]: [2026-07-21 10:57:15] Create window
2026-07-21T10:57:16.006310+02:00 HOST-REDACTED-B steam[2217]: [2026-07-21 10:57:16] Loading cached metrics from disk (/<USER-REDACTED>/.local/share/Steam/package/steam_client_metrics.bin)
2026-07-21T10:57:16.007349+02:00 HOST-REDACTED-B steam[2217]: [2026-07-21 10:57:16] Using the following download hosts for Public, Realm steamglobal
2026-07-21T10:57:16.007398+02:00 HOST-REDACTED-B steam[2217]: [2026-07-21 10:57:16] 1. https://client-update.fastly.steamstatic.com, /, Realm 'steamglobal', weight was 900, source = 'update_hosts_cached.vdf'
2026-07-21T10:57:16.007398+02:00 HOST-REDACTED-B steam[2217]: [2026-07-21 10:57:16] 2. https://client-update.akamai.steamstatic.com, /, Realm 'steamglobal', weight was 400, source = 'update_hosts_cached.vdf'
2026-07-21T10:57:16.007398+02:00 HOST-REDACTED-B steam[2217]: [2026-07-21 10:57:16] 3. https://client-update.steamstatic.com, /, Realm 'steamglobal', weight was 1, source = 'baked in'
2026-07-21T10:57:16.007622+02:00 HOST-REDACTED-B steam[2217]: [2026-07-21 10:57:16] uninstalled manifest found in /<USER-REDACTED>/.local/share/Steam/package/steam_client_steamdeck_publicbeta_ubuntu12 (1).
2026-07-21T10:57:16.008394+02:00 HOST-REDACTED-B steam[2217]: [2026-07-21 10:57:16] Found pending update
2026-07-21T10:57:16.008645+02:00 HOST-REDACTED-B steam[2217]: [2026-07-21 10:57:16] Installing update...
2026-07-21T10:57:16.139857+02:00 HOST-REDACTED-B steam[2217]: [2026-07-21 10:57:16] Set percent complete: 0
2026-07-21T10:57:16.148245+02:00 HOST-REDACTED-B steam[2217]: [2026-07-21 10:57:16] Set percent complete: -1
2026-07-21T10:57:16.181386+02:00 HOST-REDACTED-B steam[2217]: [2026-07-21 10:57:16] Set status message: Installing update...
2026-07-21T10:57:16.255259+02:00 HOST-REDACTED-B steam[2217]: [2026-07-21 10:57:16] Extracting package...
2026-07-21T10:57:16.266420+02:00 HOST-REDACTED-B steam[2217]: [2026-07-21 10:57:16] Set status message: Extracting package...
2026-07-21T10:57:16.705677+02:00 HOST-REDACTED-B NetworkManager[1735]: <info>  [1784624236.7056] device (enp6s0): carrier: link connected
2026-07-21T10:57:16.705933+02:00 HOST-REDACTED-B kernel: r8169 0000:06:00.0 enp6s0: Link is Up - 2.5Gbps/Full - flow control rx/tx
2026-07-21T10:57:16.705805+02:00 HOST-REDACTED-B NetworkManager[1735]: <info>  [1784624236.7057] device (enp6s0): state change: unavailable -> disconnected (reason 'carrier-changed', managed-type: 'full')
2026-07-21T10:57:16.706126+02:00 HOST-REDACTED-B NetworkManager[1735]: <info>  [1784624236.7061] policy: auto-activating connection 'Wired connection 1' (UUID-REDACTED)
2026-07-21T10:57:16.706332+02:00 HOST-REDACTED-B NetworkManager[1735]: <info>  [1784624236.7063] device (enp6s0): Activation: starting connection 'Wired connection 1' (UUID-REDACTED)
2026-07-21T10:57:16.706368+02:00 HOST-REDACTED-B NetworkManager[1735]: <info>  [1784624236.7063] device (enp6s0): state change: disconnected -> prepare (reason 'none', managed-type: 'full')
2026-07-21T10:57:16.706458+02:00 HOST-REDACTED-B NetworkManager[1735]: <info>  [1784624236.7064] manager: NetworkManager state is now CONNECTING
2026-07-21T10:57:16.706514+02:00 HOST-REDACTED-B NetworkManager[1735]: <info>  [1784624236.7065] device (enp6s0): state change: prepare -> config (reason 'none', managed-type: 'full')
2026-07-21T10:57:16.714764+02:00 HOST-REDACTED-B NetworkManager[1735]: <info>  [1784624236.7147] device (enp6s0): state change: config -> ip-config (reason 'none', managed-type: 'full')
2026-07-21T10:57:16.715061+02:00 HOST-REDACTED-B NetworkManager[1735]: <info>  [1784624236.7150] dhcp4 (enp6s0): activation: beginning transaction (timeout in 45 seconds)
2026-07-21T10:57:16.715623+02:00 HOST-REDACTED-B avahi-daemon[1230]: Joining mDNS multicast group on interface enp6s0.IPv6 with address 2001:db8::1.
2026-07-21T10:57:16.715647+02:00 HOST-REDACTED-B avahi-daemon[1230]: New relevant interface enp6s0.IPv6 for mDNS.
2026-07-21T10:57:17.015901+02:00 HOST-REDACTED-B bluetoothd[1231]: profiles/input/device.c:hidp_report_req_timeout() Device MAC-REDACTED HIDP GET_REPORT request timed out
2026-07-21T10:57:17.431048+02:00 HOST-REDACTED-B systemd[1]: systemd-rfkill.service: Deactivated successfully.
2026-07-21T10:57:18.014057+02:00 HOST-REDACTED-B steam[2217]: [2026-07-21 10:57:18] Show window
2026-07-21T10:57:18.021000+02:00 HOST-REDACTED-B gamescope-session[2042]: [gamescope] [Warn]  xwm: got the same buffer committed twice, ignoring.
2026-07-21T10:57:18.706594+02:00 HOST-REDACTED-B systemd-resolved[580]: Switching to fallback DNS server 1.1.1.1#cloudflare-dns.com.
2026-07-21T10:57:18.745650+02:00 HOST-REDACTED-B NetworkManager[1735]: <info>  [1784624238.7456] dhcp4 (enp6s0): state changed new lease, address=IP-REDACTED, acd pending
2026-07-21T10:57:18.879907+02:00 HOST-REDACTED-B NetworkManager[1735]: <info>  [1784624238.8798] dhcp4 (enp6s0): state changed new lease, address=IP-REDACTED
2026-07-21T10:57:18.880168+02:00 HOST-REDACTED-B avahi-daemon[1230]: Joining mDNS multicast group on interface enp6s0.IPv4 with address IP-REDACTED.
2026-07-21T10:57:18.880212+02:00 HOST-REDACTED-B avahi-daemon[1230]: New relevant interface enp6s0.IPv4 for mDNS.
2026-07-21T10:57:18.880432+02:00 HOST-REDACTED-B NetworkManager[1735]: <info>  [1784624238.8804] policy: set 'Wired connection 1' (enp6s0) as default for IPv4 routing and DNS
2026-07-21T10:57:18.881034+02:00 HOST-REDACTED-B systemd-resolved[580]: enp6s0: Bus client set default route setting: yes
2026-07-21T10:57:18.881344+02:00 HOST-REDACTED-B systemd-resolved[580]: enp6s0: Bus client set DNS server list to: IP-REDACTED
2026-07-21T10:57:18.884175+02:00 HOST-REDACTED-B NetworkManager[1735]: <info>  [1784624238.8841] device (enp6s0): state change: ip-config -> ip-check (reason 'none', managed-type: 'full')
2026-07-21T10:57:18.884761+02:00 HOST-REDACTED-B NetworkManager[1735]: <info>  [1784624238.8847] device (enp6s0): state change: ip-check -> secondaries (reason 'none', managed-type: 'full')
2026-07-21T10:57:18.884827+02:00 HOST-REDACTED-B NetworkManager[1735]: <info>  [1784624238.8848] device (enp6s0): state change: secondaries -> activated (reason 'none', managed-type: 'full')
2026-07-21T10:57:18.884971+02:00 HOST-REDACTED-B NetworkManager[1735]: <info>  [1784624238.8849] manager: NetworkManager state is now CONNECTED_SITE
2026-07-21T10:57:18.885070+02:00 HOST-REDACTED-B NetworkManager[1735]: <info>  [1784624238.8850] device (enp6s0): Activation: successful, device activated.
2026-07-21T10:57:18.885287+02:00 HOST-REDACTED-B NetworkManager[1735]: <info>  [1784624238.8852] manager: startup complete
2026-07-21T10:57:18.886668+02:00 HOST-REDACTED-B systemd[1]: Finished Network Manager Wait Online.
2026-07-21T10:57:18.887003+02:00 HOST-REDACTED-B systemd[1]: Reached target Network is Online.
2026-07-21T10:57:18.887884+02:00 HOST-REDACTED-B systemd[1]: Started RigSignal eBPF kernel daemon.
2026-07-21T10:57:18.888005+02:00 HOST-REDACTED-B systemd[1]: Reached target Multi-User System.
2026-07-21T10:57:18.888085+02:00 HOST-REDACTED-B systemd[1]: Reached target Graphical Interface.
2026-07-21T10:57:18.889166+02:00 HOST-REDACTED-B systemd[1]: Starting SteamOS Boot Registration...
2026-07-21T10:57:18.904758+02:00 HOST-REDACTED-B systemd[1]: Finished SteamOS Boot Registration.
2026-07-21T10:57:18.907881+02:00 HOST-REDACTED-B systemd[1]: Startup finished in 7.208s (firmware) + 599ms (loader) + 3.109s (kernel) + 8.782s (userspace) = 19.700s.
2026-07-21T10:57:18.917144+02:00 HOST-REDACTED-B rigsignal-ebpf[2542]: 2026-07-21T08:57:18.917126Z  INFO rigsignal_ebpf: RigSignal eBPF daemon starting
2026-07-21T10:57:18.917144+02:00 HOST-REDACTED-B rigsignal-ebpf[2542]: 2026-07-21T08:57:18.917137Z  INFO rigsignal_ebpf: BPF probe path: /usr/local/lib/rigsignal/rigsignal-ebpf-probes
2026-07-21T10:57:18.917144+02:00 HOST-REDACTED-B rigsignal-ebpf[2542]: 2026-07-21T08:57:18.917141Z  INFO rigsignal_ebpf: ES endpoint: https://IP-REDACTED:9200
2026-07-21T10:57:18.917426+02:00 HOST-REDACTED-B rigsignal-ebpf[2542]: 2026-07-21T08:57:18.917331Z  INFO rigsignal_ebpf::loader: loading BPF object from /usr/local/lib/rigsignal/rigsignal-ebpf-probes
2026-07-21T10:57:18.948144+02:00 HOST-REDACTED-B rigsignal-ebpf[2542]: 2026-07-21T08:57:18.948124Z  INFO rigsignal_ebpf::loader: loaded probe 'schedlatency'
2026-07-21T10:57:18.948386+02:00 HOST-REDACTED-B rigsignal-ebpf[2542]: 2026-07-21T08:57:18.948378Z  INFO rigsignal_ebpf::loader: loaded probe 'bio'
2026-07-21T10:57:18.948460+02:00 HOST-REDACTED-B rigsignal-ebpf[2542]: 2026-07-21T08:57:18.948451Z  INFO rigsignal_ebpf::probes::gpu_sched: gpu_sched tracepoint variant selected variant="legacy" key_field="id" key_offset=32 scope_field="entity" scope_offset=8
2026-07-21T10:57:18.948781+02:00 HOST-REDACTED-B rigsignal-ebpf[2542]: 2026-07-21T08:57:18.948773Z  INFO rigsignal_ebpf::loader: loaded probe 'gpu_sched'
2026-07-21T10:57:18.949014+02:00 HOST-REDACTED-B rigsignal-ebpf[2542]: 2026-07-21T08:57:18.949006Z  INFO rigsignal_ebpf::loader: loaded probe 'mem'
2026-07-21T10:57:18.984410+02:00 HOST-REDACTED-B NetworkManager[1735]: <info>  [1784624238.9843] manager: NetworkManager state is now CONNECTED_GLOBAL
2026-07-21T10:57:19.110809+02:00 HOST-REDACTED-B rigsignal-ebpf[2542]: 2026-07-21T08:57:19.110778Z  INFO rigsignal_ebpf::loader: loaded probe 'futex'
2026-07-21T10:57:19.111636+02:00 HOST-REDACTED-B rigsignal-ebpf[2542]: 2026-07-21T08:57:19.111625Z  INFO rigsignal_ebpf::loader: loaded probe 'irq'
2026-07-21T10:57:19.436258+02:00 HOST-REDACTED-B rigsignal-ebpf[2542]: 2026-07-21T08:57:19.436207Z  INFO rigsignal_ebpf::loader: loaded probe 'vfs'
2026-07-21T10:57:19.574589+02:00 HOST-REDACTED-B rigsignal-ebpf[2542]: 2026-07-21T08:57:19.574566Z  INFO rigsignal_ebpf::loader: loaded probe 'gpu_fence'
2026-07-21T10:57:19.725815+02:00 HOST-REDACTED-B rigsignal-ebpf[2542]: 2026-07-21T08:57:19.725763Z  INFO rigsignal_ebpf::loader: loaded probe 'gpu_submit'
2026-07-21T10:57:19.725815+02:00 HOST-REDACTED-B rigsignal-ebpf[2542]: 2026-07-21T08:57:19.725778Z  INFO rigsignal_ebpf::loader: probes: 9/9 loaded
2026-07-21T10:57:19.726034+02:00 HOST-REDACTED-B rigsignal-ebpf[2542]: 2026-07-21T08:57:19.726019Z  INFO rigsignal_ebpf::session: watching /tmp/rigsignal for session changes
2026-07-21T10:57:19.726054+02:00 HOST-REDACTED-B rigsignal-ebpf[2542]: 2026-07-21T08:57:19.726043Z  INFO rigsignal_ebpf: daemon running — 9/9 probes active
2026-07-21T10:57:20.018899+02:00 HOST-REDACTED-B bluetoothd[1231]: profiles/input/device.c:hidp_report_req_timeout() Device MAC-REDACTED HIDP GET_REPORT request timed out
2026-07-21T10:57:23.018042+02:00 HOST-REDACTED-B bluetoothd[1231]: profiles/input/device.c:hidp_report_req_timeout() Device MAC-REDACTED HIDP GET_REPORT request timed out
2026-07-21T10:57:23.362456+02:00 HOST-REDACTED-B systemd[1]: NetworkManager-dispatcher.service: Deactivated successfully.
2026-07-21T10:57:24.130859+02:00 HOST-REDACTED-B steam[2217]: [2026-07-21 10:57:24] Installing update...
2026-07-21T10:57:24.162128+02:00 HOST-REDACTED-B steam[2217]: [2026-07-21 10:57:24] Set status message: Installing update...
2026-07-21T10:57:24.510165+02:00 HOST-REDACTED-B steam[2217]: [2026-07-21 10:57:24] Cleaning up...
2026-07-21T10:57:24.551269+02:00 HOST-REDACTED-B steam[2217]: [2026-07-21 10:57:24] Update complete, launching Steam...
2026-07-21T10:57:24.552486+02:00 HOST-REDACTED-B steam[2217]: UpdateUI: skip show logo
2026-07-21T10:57:24.552532+02:00 HOST-REDACTED-B steam[2217]: [2026-07-21 10:57:24] Shutdown
2026-07-21T10:57:24.610808+02:00 HOST-REDACTED-B steam[2217]: [2026-07-21 10:57:24] ProcessNextMessage: socket disconnected
2026-07-21T10:57:24.610876+02:00 HOST-REDACTED-B steam[2217]: [2026-07-21 10:57:24] No more messages are expected - exiting
2026-07-21T10:57:24.612154+02:00 HOST-REDACTED-B steam[2217]: steam.sh[2170]: Restarting Steam by request...
2026-07-21T10:57:24.653697+02:00 HOST-REDACTED-B steam[2217]: steam.sh[2170]: Running Steam on steamos rolling 64-bit
2026-07-21T10:57:24.687247+02:00 HOST-REDACTED-B steam[2217]: setup.sh[2641]: Steam runtime environment up-to-date!
2026-07-21T10:57:24.802685+02:00 HOST-REDACTED-B steam[2217]: steam.sh[2170]: Log already open
2026-07-21T10:57:24.816002+02:00 HOST-REDACTED-B steam[2217]: steam.sh[2170]: Steam client's requirements are satisfied
2026-07-21T10:57:24.818479+02:00 HOST-REDACTED-B steam[2217]: CProcessEnvironmentManager is ready, 5 preallocated environment variables.
2026-07-21T10:57:24.820751+02:00 HOST-REDACTED-B steam[2217]: [2026-07-21 10:57:24] Startup - updater built Jul 20 2026 21:15:11
2026-07-21T10:57:24.820774+02:00 HOST-REDACTED-B steam[2217]: [2026-07-21 10:57:24] Startup - Steam Client launched with: '/<USER-REDACTED>/.local/share/Steam/ubuntu12_32/steam' '-srt-logger-opened' '-steamdeck' '-pipewire' '-steamos3' '-steampal' '-steamdeck' '-gamepadui'
2026-07-21T10:57:24.820774+02:00 HOST-REDACTED-B steam[2217]: [2026-07-21 10:57:24] Opted in to client beta 'steamdeck_publicbeta' via beta file
2026-07-21T10:57:24.820812+02:00 HOST-REDACTED-B steam[2217]: You are in the 'steamdeck_publicbeta' client beta.
2026-07-21T10:57:24.821655+02:00 HOST-REDACTED-B steam[2217]: 07/21 10:57:24 minidumps folder is set to /tmp/dumps
2026-07-21T10:57:24.821699+02:00 HOST-REDACTED-B steam[2217]: 07/21 10:57:24 Init: Installing breakpad exception handler for appid(steam)/version(1784588115)/tid(2678)
2026-07-21T10:57:24.826124+02:00 HOST-REDACTED-B steam[2217]: CProcessEnvironmentManager is ready, 5 preallocated environment variables.
2026-07-21T10:57:24.828204+02:00 HOST-REDACTED-B steam[2217]: [2026-07-21 10:57:24] Process started with command-line: '/<USER-REDACTED>/.local/share/Steam/ubuntu12_32/steam' '-child-update-ui' '-child-update-ui-socket' '8' '-srt-logger-opened' '-steamdeck' '-pipewire' '-steamos3' '-steampal' '-steamdeck' '-gamepadui'
2026-07-21T10:57:24.828528+02:00 HOST-REDACTED-B steam[2217]: 07/21 10:57:24 minidumps folder is set to /tmp/dumps
2026-07-21T10:57:24.829807+02:00 HOST-REDACTED-B steam[2217]: [2026-07-21 10:57:24] Using update UI: glx
2026-07-21T10:57:24.830087+02:00 HOST-REDACTED-B steam[2217]: 07/21 10:57:24 Init: Installing breakpad exception handler for appid(steam)/version(0)/tid(2679)
2026-07-21T10:57:24.830087+02:00 HOST-REDACTED-B steam[2217]: [2026-07-21 10:57:24] Create window
2026-07-21T10:57:24.836782+02:00 HOST-REDACTED-B steam[2217]: [2026-07-21 10:57:24] Loading cached metrics from disk (/<USER-REDACTED>/.local/share/Steam/package/steam_client_metrics.bin)
2026-07-21T10:57:24.836964+02:00 HOST-REDACTED-B steam[2217]: [2026-07-21 10:57:24] Using the following download hosts for Public, Realm steamglobal
2026-07-21T10:57:24.836983+02:00 HOST-REDACTED-B steam[2217]: [2026-07-21 10:57:24] 1. https://client-update.fastly.steamstatic.com, /, Realm 'steamglobal', weight was 900, source = 'update_hosts_cached.vdf'
2026-07-21T10:57:24.836998+02:00 HOST-REDACTED-B steam[2217]: [2026-07-21 10:57:24] 2. https://client-update.akamai.steamstatic.com, /, Realm 'steamglobal', weight was 400, source = 'update_hosts_cached.vdf'
2026-07-21T10:57:24.837025+02:00 HOST-REDACTED-B steam[2217]: [2026-07-21 10:57:24] 3. https://client-update.steamstatic.com, /, Realm 'steamglobal', weight was 1, source = 'baked in'
2026-07-21T10:57:24.837590+02:00 HOST-REDACTED-B steam[2217]: [2026-07-21 10:57:24] Verifying installation...
2026-07-21T10:57:24.837608+02:00 HOST-REDACTED-B steam[2217]: [2026-07-21 10:57:24] Verifying file sizes only
2026-07-21T10:57:24.889086+02:00 HOST-REDACTED-B steam[2217]: [2026-07-21 10:57:24] Set percent complete: 0
2026-07-21T10:57:24.897457+02:00 HOST-REDACTED-B steam[2217]: [2026-07-21 10:57:24] Set percent complete: -1
2026-07-21T10:57:24.926692+02:00 HOST-REDACTED-B steam[2217]: [2026-07-21 10:57:24] Set status message: Verifying installation...
2026-07-21T10:57:25.062925+02:00 HOST-REDACTED-B steam[2217]: [2026-07-21 10:57:25] Verification complete
2026-07-21T10:57:25.063608+02:00 HOST-REDACTED-B steam[2217]: UpdateUI: skip show logo
2026-07-21T10:57:25.080636+02:00 HOST-REDACTED-B steam[2217]: [2026-07-21 10:57:25] Destroy window
2026-07-21T10:57:25.119215+02:00 HOST-REDACTED-B steam[2217]: [2026-07-21 10:57:25] Shutdown
2026-07-21T10:57:25.119248+02:00 HOST-REDACTED-B steam[2217]: Steam logging initialized: directory: /<USER-REDACTED>/.local/share/Steam/logs
2026-07-21T10:57:25.123706+02:00 HOST-REDACTED-B systemd[1829]: Starting Portal service...
2026-07-21T10:57:25.146530+02:00 HOST-REDACTED-B systemd[1829]: Starting sandboxed app permission store...
2026-07-21T10:57:25.167410+02:00 HOST-REDACTED-B systemd[1829]: Started sandboxed app permission store.
2026-07-21T10:57:25.170267+02:00 HOST-REDACTED-B systemd[1829]: Starting flatpak document portal service...
2026-07-21T10:57:25.190100+02:00 HOST-REDACTED-B systemd[1829]: Started flatpak document portal service.
2026-07-21T10:57:25.195837+02:00 HOST-REDACTED-B systemd[1829]: Starting Portal service (Holo implementation)...
2026-07-21T10:57:25.208945+02:00 HOST-REDACTED-B systemd[1829]: Started Portal service (Holo implementation).
2026-07-21T10:57:25.209017+02:00 HOST-REDACTED-B xdg-desktop-portal-holo[2716]: INFO: Name acquired: org.freedesktop.impl.portal.desktop.holo
2026-07-21T10:57:25.219749+02:00 HOST-REDACTED-B systemd[1829]: Starting Portal service (gamescope implementation)...
2026-07-21T10:57:25.235713+02:00 HOST-REDACTED-B gamescope-session[2042]: [gamescope] [Info]  console: gamescope version 3.16.23.5 (gcc 15.1.1)
2026-07-21T10:57:25.235968+02:00 HOST-REDACTED-B xdg-desktop-portal-gamescope[2736]: gamescope version 3.16.23.5 (gcc 15.1.1)
2026-07-21T10:57:25.236479+02:00 HOST-REDACTED-B systemd[1829]: Started Portal service (gamescope implementation).
2026-07-21T10:57:25.241689+02:00 HOST-REDACTED-B systemd[1829]: Started Portal service.
2026-07-21T10:57:25.245148+02:00 HOST-REDACTED-B systemd[1]: proc-sys-fs-binfmt_misc.automount: Got automount request for /proc/sys/fs/binfmt_misc, triggered by 2678 (steam)
2026-07-21T10:57:25.246100+02:00 HOST-REDACTED-B systemd[1]: Mounting Arbitrary Executable File Formats File System...
2026-07-21T10:57:25.264183+02:00 HOST-REDACTED-B systemd[1]: Mounted Arbitrary Executable File Formats File System.
2026-07-21T10:57:25.296959+02:00 HOST-REDACTED-B steam[2217]: XOpenIM() failed, LANG = en_US.UTF-8
2026-07-21T10:57:25.299393+02:00 HOST-REDACTED-B steam[2217]: XOpenIM() failed, LANG = en_US.UTF-8XRRGetOutputInfo Workaround: initialized with override: 1 real: 0xf66e7370
2026-07-21T10:57:25.299786+02:00 HOST-REDACTED-B steam[2217]: XRRGetCrtcInfo Workaround: initialized with override: 1 real: 0xf66e5cc0
2026-07-21T10:57:25.360626+02:00 HOST-REDACTED-B steam[2217]: 07/21 10:57:25 minidumps folder is set to /tmp/dumps
2026-07-21T10:57:25.360626+02:00 HOST-REDACTED-B steam[2217]: 07/21 10:57:25 Init: Installing breakpad exception handler for appid(steamsysinfo)/version(1784588115)/tid(2752)
2026-07-21T10:57:25.360757+02:00 HOST-REDACTED-B steam[2217]: Running query: 1 - GpuTopology
2026-07-21T10:57:25.373296+02:00 HOST-REDACTED-B steam[2217]: ATTENTION: default value of option vk_xwayland_wait_ready overridden by environment.
2026-07-21T10:57:25.374577+02:00 HOST-REDACTED-B steam[2217]: ATTENTION: default value of option vk_xwayland_wait_ready overridden by environment.
2026-07-21T10:57:25.375792+02:00 HOST-REDACTED-B steam[2217]: [Gamescope WSI] Application info:
2026-07-21T10:57:25.375815+02:00 HOST-REDACTED-B steam[2217]:   pApplicationName: Steam Gpu Query
2026-07-21T10:57:25.375830+02:00 HOST-REDACTED-B steam[2217]:   applicationVersion: 4194304
2026-07-21T10:57:25.375830+02:00 HOST-REDACTED-B steam[2217]:   pEngineName: Steam Gpu Query Engine
2026-07-21T10:57:25.375861+02:00 HOST-REDACTED-B steam[2217]:   engineVersion: 4194304
2026-07-21T10:57:25.375874+02:00 HOST-REDACTED-B steam[2217]:   apiVersion: 4202496
2026-07-21T10:57:25.375888+02:00 HOST-REDACTED-B steam[2217]: [Gamescope WSI] Executable name: steamsysinfo
2026-07-21T10:57:25.377775+02:00 HOST-REDACTED-B steam[2217]: WARNING: radv is not a conformant Vulkan implementation, testing use only.
2026-07-21T10:57:25.383981+02:00 HOST-REDACTED-B steam[2217]: Response: gpu_topology {
2026-07-21T10:57:25.384011+02:00 HOST-REDACTED-B steam[2217]:   gpus {
2026-07-21T10:57:25.384011+02:00 HOST-REDACTED-B steam[2217]:     id: 1
2026-07-21T10:57:25.384038+02:00 HOST-REDACTED-B steam[2217]:     name: "AMD Radeon RX 9060 XT (RADV GFX1200)"
2026-07-21T10:57:25.384038+02:00 HOST-REDACTED-B steam[2217]:     vram_size_bytes: 17095983104
2026-07-21T10:57:25.384038+02:00 HOST-REDACTED-B steam[2217]:     driver_id: k_EGpuDriverId_MesaRadv
2026-07-21T10:57:25.384079+02:00 HOST-REDACTED-B steam[2217]:     driver_version_major: 26
2026-07-21T10:57:25.384079+02:00 HOST-REDACTED-B steam[2217]:     driver_version_minor: 1
2026-07-21T10:57:25.384079+02:00 HOST-REDACTED-B steam[2217]:     driver_version_patch: 99
2026-07-21T10:57:25.384079+02:00 HOST-REDACTED-B steam[2217]:     luid: 0
2026-07-21T10:57:25.384139+02:00 HOST-REDACTED-B steam[2217]:   }
2026-07-21T10:57:25.384139+02:00 HOST-REDACTED-B steam[2217]:   default_gpu_id: 1
2026-07-21T10:57:25.384139+02:00 HOST-REDACTED-B steam[2217]: }
2026-07-21T10:57:25.384139+02:00 HOST-REDACTED-B steam[2217]: Exit code: 0
2026-07-21T10:57:25.384183+02:00 HOST-REDACTED-B steam[2217]: Saving response to: /tmp/steammKggpK - 62 bytes
2026-07-21T10:57:25.460822+02:00 HOST-REDACTED-B steamwebhelper[2778]: steamwebhelper.sh[2768]: Starting steamwebhelper under bootstrap steamrt steam runtime via: /<USER-REDACTED>/.local/share/Steam/steamrt64/pv-runtime/steam-runtime-steamrt/_v2-entry-point
2026-07-21T10:57:25.461349+02:00 HOST-REDACTED-B steamwebhelper[2778]: steamwebhelper.sh[2768]: CEF sandbox already disabled
2026-07-21T10:57:25.461827+02:00 HOST-REDACTED-B steamwebhelper[2778]: steamwebhelper.sh[2768]: Starting steamwebhelper with steamrt steam runtime at /<USER-REDACTED>/.local/share/Steam/steamrt64/pv-runtime/steam-runtime-steamrt/_v2-entry-point
2026-07-21T10:57:25.745240+02:00 HOST-REDACTED-B rtkit-daemon[1902]: Successfully made thread 2831 of process 2678 owned by '1000' high priority at nice level -10.
2026-07-21T10:57:25.749229+02:00 HOST-REDACTED-B systemd[1]: Starting Daemon for power management...
2026-07-21T10:57:25.784318+02:00 HOST-REDACTED-B upowerd[2839]: The "Ignore" CriticalPowerAction setting is considered risky: abrupt power loss due to battery exhaustion may lead to data corruption. Use AllowRiskyCriticalPowerAction=false to disable support for risky settings.
2026-07-21T10:57:25.838990+02:00 HOST-REDACTED-B systemd[1]: Started Daemon for power management.
2026-07-21T10:57:25.846225+02:00 HOST-REDACTED-B systemd[1829]: steam-launcher.service: Got notification message from PID 2847, but reception is disabled
2026-07-21T10:57:25.869382+02:00 HOST-REDACTED-B pkexec[2849]: pam_unix(polkit-1:session): session opened for user root(uid=0) by USER-REDACTED(uid=1000)
2026-07-21T10:57:25.872733+02:00 HOST-REDACTED-B pkexec[2849]: USER-REDACTED: Executing command [USER=root] [TTY=unknown] [CWD=/<USER-REDACTED>/.local/share/Steam] [COMMAND=/usr/bin/steamos-polkit-helpers/jupiter-fan-control --disable]
2026-07-21T10:57:25.891233+02:00 HOST-REDACTED-B mangoapp[2161]: [2026-07-21 10:57:25.891] [MANGOHUD] [error] [overlay_params.cpp:758] Unknown option 'nis_steam_sharpness'
2026-07-21T10:57:25.901610+02:00 HOST-REDACTED-B rtkit-daemon[1902]: Successfully made thread 2832 of process 2678 owned by '1000' high priority at nice level -10.
2026-07-21T10:57:25.905033+02:00 HOST-REDACTED-B gamescope-session[2042]: [gamescope] [Info]  wlserver: Updating mode for xwayland server #0: 3840x2160@120
2026-07-21T10:57:25.913174+02:00 HOST-REDACTED-B mangoapp[2161]: [2026-07-21 10:57:25.913] [MANGOHUD] [error] [overlay_params.cpp:758] Unknown option 'nis_steam_sharpness'
2026-07-21T10:57:25.970470+02:00 HOST-REDACTED-B gamescope-session[2042]: [gamescope] [Info]  binding: (VolumeUp) -> Adding new trigger [XF86AudioRaiseVolume].
2026-07-21T10:57:25.970548+02:00 HOST-REDACTED-B gamescope-session[2042]: [gamescope] [Info]  binding: (VolumeDown) -> Adding new trigger [XF86AudioLowerVolume].
2026-07-21T10:57:26.043854+02:00 HOST-REDACTED-B gpu-trace[1236]: INFO - Executing get tracing status command
2026-07-21T10:57:26.044071+02:00 HOST-REDACTED-B gpu-trace[1236]: 127.0.0.1 - - [21/Jul/2026 10:57:26] "POST / HTTP/1.1" 200 -
2026-07-21T10:57:26.072123+02:00 HOST-REDACTED-B mangoapp[2161]: [2026-07-21 10:57:26.072] [MANGOHUD] [error] [overlay_params.cpp:758] Unknown option 'nis_steam_sharpness'
2026-07-21T10:57:26.117909+02:00 HOST-REDACTED-B gpu-trace[1236]: INFO - Executing get tracing status command
2026-07-21T10:57:26.117953+02:00 HOST-REDACTED-B gpu-trace[1236]: 127.0.0.1 - - [21/Jul/2026 10:57:26] "POST / HTTP/1.1" 200 -
2026-07-21T10:57:26.138884+02:00 HOST-REDACTED-B steam[2217]: Steam Runtime Launch Service: starting steam-runtime-launcher-service
2026-07-21T10:57:26.140237+02:00 HOST-REDACTED-B steam[2217]: Steam Runtime Launch Service: steam-runtime-launcher-service is running pid 2938
2026-07-21T10:57:26.149086+02:00 HOST-REDACTED-B steam[2217]: bus_name=com.steampowered.PressureVessel.LaunchAlongsideSteam
2026-07-21T10:57:26.703959+02:00 HOST-REDACTED-B steamwebhelper[2778]: i386-linux-gnu-capsule-capture-libs: warning: Dependencies of /usr/lib32/libMangoHud.so not found, ignoring: Missing dependencies: Could not find "libxkbcommon.so.0" in LD_LIBRARY_PATH "/<USER-REDACTED>/.local/share/Steam/ubuntu12_32:/<USER-REDACTED>/.local/share/Steam/ubuntu12_32/panorama:/usr/lib32:/usr/lib/perf:/usr/lib", ld.so.cache, DT_RUNPATH or fallback /lib/i386-linux-gnu:/usr/lib/i386-linux-gnu:/usr/i686-pc-linux-gnu/lib:/lib32:/usr/lib32:/lib:/usr/lib
2026-07-21T10:57:26.919406+02:00 HOST-REDACTED-B systemd[1829]: Starting Accessibility services bus...
2026-07-21T10:57:26.940805+02:00 HOST-REDACTED-B systemd[1829]: Started Accessibility services bus.
2026-07-21T10:57:26.944094+02:00 HOST-REDACTED-B dbus-broker-launch[3009]: Ready
2026-07-21T10:57:27.067518+02:00 HOST-REDACTED-B steamwebhelper[2778]: exec ./steamwebhelper -nocrashdialog -lang=en_US -cachedir=/<USER-REDACTED>/.local/share/Steam/config/htmlcache -steampid=2678 -buildid=1784588115 -steamid=0 -logdir=/<USER-REDACTED>/.local/share/Steam/logs -uimode=4 -startcount=0 -steamos3 -steamuniverse=Public -realm=Global -clientui=/<USER-REDACTED>/.local/share/Steam/clientui -steampath=/<USER-REDACTED>/.local/share/Steam/ubuntu12_32/steam -launcher=0 --valve-enable-accessibility --valve-enable-site-isolation --enable-smooth-scrolling --no-sandbox --password-store=basic --log-file=/<USER-REDACTED>/.local/share/Steam/logs/cef_log.txt --disable-quick-menu --disable-component-update --gaia-url=http://disabled.invalid --enable-features=PlatformHEVCDecoderSupport --disable-features=WinRetrieveSuggestionsOnlyOnDemand,SpareRendererForSitePerProcess,DcheckIsFatal,BlockPromptsIfIgnoredOften,WebUsbDeviceDetection,ValveFFmpegAllowLowDelayHEVC
2026-07-21T10:57:27.086708+02:00 HOST-REDACTED-B steam[2217]: ATTENTION: default value of option vk_xwayland_wait_ready overridden by environment.
2026-07-21T10:57:27.087613+02:00 HOST-REDACTED-B steam[2217]: ATTENTION: default value of option vk_xwayland_wait_ready overridden by environment.
2026-07-21T10:57:27.088690+02:00 HOST-REDACTED-B steam[2217]: [Gamescope WSI] Application info:
2026-07-21T10:57:27.088707+02:00 HOST-REDACTED-B steam[2217]:   pApplicationName: hellovr_vulkan
2026-07-21T10:57:27.088720+02:00 HOST-REDACTED-B steam[2217]:   applicationVersion: 1
2026-07-21T10:57:27.088733+02:00 HOST-REDACTED-B steam[2217]:   pEngineName: (null)
2026-07-21T10:57:27.088747+02:00 HOST-REDACTED-B steam[2217]:   engineVersion: 1
2026-07-21T10:57:27.088747+02:00 HOST-REDACTED-B steam[2217]:   apiVersion: 4194304
2026-07-21T10:57:27.088789+02:00 HOST-REDACTED-B steam[2217]: [Gamescope WSI] Executable name: vulkandriverquery
2026-07-21T10:57:27.090120+02:00 HOST-REDACTED-B steam[2217]: WARNING: radv is not a conformant Vulkan implementation, testing use only.
2026-07-21T10:57:27.093975+02:00 HOST-REDACTED-B steam[2217]: [Gamescope WSI] Forcing on VK_EXT_swapchain_maintenance1.
2026-07-21T10:57:27.630231+02:00 HOST-REDACTED-B steam[2217]: ATTENTION: default value of option vk_xwayland_wait_ready overridden by environment.
2026-07-21T10:57:27.631172+02:00 HOST-REDACTED-B steam[2217]: ATTENTION: default value of option vk_xwayland_wait_ready overridden by environment.
2026-07-21T10:57:27.632323+02:00 HOST-REDACTED-B steam[2217]: [Gamescope WSI] Application info:
2026-07-21T10:57:27.632346+02:00 HOST-REDACTED-B steam[2217]:   pApplicationName: hellovr_vulkan
2026-07-21T10:57:27.632346+02:00 HOST-REDACTED-B steam[2217]:   applicationVersion: 1
2026-07-21T10:57:27.632382+02:00 HOST-REDACTED-B steam[2217]:   pEngineName: (null)
2026-07-21T10:57:27.632382+02:00 HOST-REDACTED-B steam[2217]:   engineVersion: 1
2026-07-21T10:57:27.632382+02:00 HOST-REDACTED-B steam[2217]:   apiVersion: 4194304
2026-07-21T10:57:27.632382+02:00 HOST-REDACTED-B steam[2217]: [Gamescope WSI] Executable name: vulkandriverquery
2026-07-21T10:57:27.634436+02:00 HOST-REDACTED-B steam[2217]: WARNING: radv is not a conformant Vulkan implementation, testing use only.
2026-07-21T10:57:27.638538+02:00 HOST-REDACTED-B steam[2217]: [Gamescope WSI] Forcing on VK_EXT_swapchain_maintenance1.
2026-07-21T10:57:27.969398+02:00 HOST-REDACTED-B gamescope-session[3170]: The XKEYBOARD keymap compiler (xkbcomp) reports:
2026-07-21T10:57:27.969398+02:00 HOST-REDACTED-B gamescope-session[3170]: > Warning:          Unsupported maximum keycode 708, clipping.
2026-07-21T10:57:27.969398+02:00 HOST-REDACTED-B gamescope-session[3170]: >                   X11 cannot support keycodes above 255.
2026-07-21T10:57:27.969824+02:00 HOST-REDACTED-B gamescope-session[3170]: > Warning:          Could not resolve keysym XF86RefreshRateToggle
2026-07-21T10:57:27.969867+02:00 HOST-REDACTED-B gamescope-session[3170]: > Warning:          Could not resolve keysym XF86Accessibility
2026-07-21T10:57:27.969867+02:00 HOST-REDACTED-B gamescope-session[3170]: > Warning:          Could not resolve keysym XF86DoNotDisturb
2026-07-21T10:57:27.969940+02:00 HOST-REDACTED-B gamescope-session[3168]: The XKEYBOARD keymap compiler (xkbcomp) reports:
2026-07-21T10:57:27.969940+02:00 HOST-REDACTED-B gamescope-session[3168]: > Warning:          Unsupported maximum keycode 708, clipping.
2026-07-21T10:57:27.970134+02:00 HOST-REDACTED-B gamescope-session[3168]: >                   X11 cannot support keycodes above 255.
2026-07-21T10:57:27.969996+02:00 HOST-REDACTED-B systemd[1]: Starting Atomic Update Daemon...
2026-07-21T10:57:27.970722+02:00 HOST-REDACTED-B gamescope-session[3170]: Errors from xkbcomp are not fatal to the X server
2026-07-21T10:57:27.970745+02:00 HOST-REDACTED-B gamescope-session[3168]: > Warning:          Could not resolve keysym XF86RefreshRateToggle
2026-07-21T10:57:27.970745+02:00 HOST-REDACTED-B gamescope-session[3168]: > Warning:          Could not resolve keysym XF86Accessibility
2026-07-21T10:57:27.970745+02:00 HOST-REDACTED-B gamescope-session[3168]: > Warning:          Could not resolve keysym XF86DoNotDisturb
2026-07-21T10:57:27.970791+02:00 HOST-REDACTED-B gamescope-session[3168]: Errors from xkbcomp are not fatal to the X server
2026-07-21T10:57:27.985064+02:00 HOST-REDACTED-B pkexec[3171]: pam_unix(polkit-1:session): session opened for user root(uid=0) by USER-REDACTED(uid=1000)
2026-07-21T10:57:27.988658+02:00 HOST-REDACTED-B pkexec[3171]: USER-REDACTED: Executing command [USER=root] [TTY=unknown] [CWD=/<USER-REDACTED>/.local/share/Steam] [COMMAND=/usr/bin/steamos-polkit-helpers/steamos-devkit-mode --enable]
2026-07-21T10:57:27.994507+02:00 HOST-REDACTED-B systemd[1]: Starting Time & Date Service...
2026-07-21T10:57:27.996802+02:00 HOST-REDACTED-B systemd[1]: Reload requested from client PID 3188 ('systemctl') (unit user@1000.service)...
2026-07-21T10:57:27.996811+02:00 HOST-REDACTED-B systemd[1]: Reloading...
2026-07-21T10:57:28.223891+02:00 HOST-REDACTED-B systemd[1]: Reloading finished in 226 ms.
2026-07-21T10:57:28.239565+02:00 HOST-REDACTED-B systemd[1]: Started Time & Date Service.
2026-07-21T10:57:28.251464+02:00 HOST-REDACTED-B sh[3288]: adjtime state 5 status 40 time Tue 2026-07-21 08:57:28.251419 UTC
2026-07-21T10:57:28.516999+02:00 HOST-REDACTED-B systemd[1829]: steam-launcher.service: Got notification message from PID 3293, but reception is disabled
2026-07-21T10:57:29.564360+02:00 HOST-REDACTED-B pkexec[3351]: pam_unix(polkit-1:session): session opened for user root(uid=0) by USER-REDACTED(uid=1000)
2026-07-21T10:57:29.567034+02:00 HOST-REDACTED-B pkexec[3351]: USER-REDACTED: Executing command [USER=root] [TTY=unknown] [CWD=/<USER-REDACTED>/.local/share/Steam] [COMMAND=/usr/bin/steamos-polkit-helpers/jupiter-check-support]
2026-07-21T10:57:29.576166+02:00 HOST-REDACTED-B systemd[1829]: Created slice Slice /app/dbus-:1.44-org.a11y.atspi.Registry.
2026-07-21T10:57:29.577634+02:00 HOST-REDACTED-B systemd[1829]: Started dbus-:1.44-org.a11y.atspi.Registry@0.service.
2026-07-21T10:57:29.595702+02:00 HOST-REDACTED-B at-spi2-registryd[3368]: SpiRegistry daemon is running with well-known name - org.a11y.atspi.Registry
2026-07-21T10:57:29.723095+02:00 HOST-REDACTED-B iwd[1746]: invalid HE capabilities for MAC-REDACTED
2026-07-21T10:57:29.723095+02:00 HOST-REDACTED-B iwd[1746]: invalid HE capabilities for MAC-REDACTED
2026-07-21T10:57:29.723095+02:00 HOST-REDACTED-B iwd[1746]: invalid HE capabilities for MAC-REDACTED
2026-07-21T10:57:29.756119+02:00 HOST-REDACTED-B systemd[1829]: steam-launcher.service: Got notification message from PID 3376, but reception is disabled
2026-07-21T10:57:29.767417+02:00 HOST-REDACTED-B systemd[1829]: steam-launcher.service: Got notification message from PID 3384, but reception is disabled
2026-07-21T10:57:29.776201+02:00 HOST-REDACTED-B pkexec[3378]: pam_unix(polkit-1:session): session opened for user root(uid=0) by USER-REDACTED(uid=1000)
2026-07-21T10:57:29.780012+02:00 HOST-REDACTED-B pkexec[3378]: USER-REDACTED: Executing command [USER=root] [TTY=unknown] [CWD=/<USER-REDACTED>/.local/share/Steam] [COMMAND=/usr/bin/jupiter-initial-firmware-update check]
2026-07-21T10:57:29.869971+02:00 HOST-REDACTED-B steam[2217]: /usr/share/themes/Breeze-Dark/gtk-2.0/widgets/entry:70: error: unexpected identifier 'direction', expected character '}'
2026-07-21T10:57:29.871827+02:00 HOST-REDACTED-B steam[2217]: /usr/share/themes/Breeze-Dark/gtk-2.0/widgets/styles:36: error: invalid string constant "combobox_entry", expected valid string constant
2026-07-21T10:57:29.888641+02:00 HOST-REDACTED-B gamescope-session[2042]: [gamescope] [Info]  binding: (GRMarker) -> Adding new trigger [F12 + Control_L].
2026-07-21T10:57:29.889004+02:00 HOST-REDACTED-B gamescope-session[2042]: [gamescope] [Info]  binding: (GRBackgroundRecordingToggle) -> Adding new trigger [F11 + Control_L].
2026-07-21T10:57:29.895804+02:00 HOST-REDACTED-B gamescope-session[2042]: [gamescope] [Info]  binding: (GuideKeyboardHotkey) -> Adding new trigger [Tab + Shift_L].
2026-07-21T10:57:29.896049+02:00 HOST-REDACTED-B gamescope-session[2042]: [gamescope] [Info]  binding: (QAMKeyboardHotkey) -> Adding new trigger [Tab + Control_L + Shift_L].
2026-07-21T10:57:29.961984+02:00 HOST-REDACTED-B systemd[1]: Starting Disk Manager...
2026-07-21T10:57:29.979249+02:00 HOST-REDACTED-B udisksd[3460]: udisks daemon version 2.10.1 starting
2026-07-21T10:57:29.994282+02:00 HOST-REDACTED-B kernel: nvme nvme0: using unchecked data buffer
2026-07-21T10:57:29.997860+02:00 HOST-REDACTED-B kernel: block nvme0n1: No UUID available providing old NGUID
2026-07-21T10:57:30.029120+02:00 HOST-REDACTED-B systemd[1]: Started Disk Manager.
2026-07-21T10:57:30.043955+02:00 HOST-REDACTED-B udisksd[3460]: Acquired the name org.freedesktop.UDisks2 on the system message bus
2026-07-21T10:57:31.220866+02:00 HOST-REDACTED-B kernel: HDR SB:eb 02 00 60 88 08 39 c8 31 91 88 fe 1c df 0a 09
2026-07-21T10:57:31.220970+02:00 HOST-REDACTED-B kernel: HDR SB:3d 47 40 1f 03 00 00 1f 03 1f 03 00 00 00 00 00
2026-07-21T10:57:31.222864+02:00 HOST-REDACTED-B kernel: HDR SB:eb 02 00 60 88 08 39 c8 31 91 88 fe 1c df 0a 09
2026-07-21T10:57:31.222897+02:00 HOST-REDACTED-B kernel: HDR SB:3d 47 40 1f 03 00 00 1f 03 1f 03 00 00 00 00 00
2026-07-21T10:57:31.222934+02:00 HOST-REDACTED-B kernel: HDR SB:eb 02 00 60 88 08 39 c8 31 91 88 fe 1c df 0a 09
2026-07-21T10:57:31.222950+02:00 HOST-REDACTED-B kernel: HDR SB:3d 47 40 1f 03 00 00 1f 03 1f 03 00 00 00 00 00
2026-07-21T10:57:31.224891+02:00 HOST-REDACTED-B kernel: HDR SB:eb 02 00 60 88 08 39 c8 31 91 88 fe 1c df 0a 09
2026-07-21T10:57:31.224923+02:00 HOST-REDACTED-B kernel: HDR SB:3d 47 40 1f 03 00 00 1f 03 1f 03 00 00 00 00 00
2026-07-21T10:57:31.224963+02:00 HOST-REDACTED-B kernel: HDR SB:eb 02 00 60 88 08 39 c8 31 91 88 fe 1c df 0a 09
2026-07-21T10:57:31.224979+02:00 HOST-REDACTED-B kernel: HDR SB:3d 47 40 1f 03 00 00 1f 03 1f 03 00 00 00 00 00
2026-07-21T10:57:31.226868+02:00 HOST-REDACTED-B kernel: HDR SB:eb 02 00 60 88 08 39 c8 31 91 88 fe 1c df 0a 09
2026-07-21T10:57:31.226922+02:00 HOST-REDACTED-B kernel: HDR SB:3d 47 40 1f 03 00 00 1f 03 1f 03 00 00 00 00 00
2026-07-21T10:57:31.226935+02:00 HOST-REDACTED-B kernel: HDR SB:eb 02 00 60 88 08 39 c8 31 91 88 fe 1c df 0a 09
2026-07-21T10:57:31.226944+02:00 HOST-REDACTED-B kernel: HDR SB:3d 47 40 1f 03 00 00 1f 03 1f 03 00 00 00 00 00
2026-07-21T10:57:31.228857+02:00 HOST-REDACTED-B kernel: HDR SB:eb 02 00 60 88 08 39 c8 31 91 88 fe 1c df 0a 09
2026-07-21T10:57:31.228884+02:00 HOST-REDACTED-B kernel: HDR SB:3d 47 40 1f 03 00 00 1f 03 1f 03 00 00 00 00 00
2026-07-21T10:57:31.364927+02:00 HOST-REDACTED-B mangoapp[2161]: [2026-07-21 10:57:31.364] [MANGOHUD] [error] [cpu.cpp:794] Failed to initialize CPU power data
2026-07-21T10:57:31.364927+02:00 HOST-REDACTED-B mangoapp[2161]: [2026-07-21 10:57:31.364] [MANGOHUD] [error] [battery.cpp:29] No battery found
2026-07-21T10:57:31.450238+02:00 HOST-REDACTED-B steam[2217]: Desktop state changed: desktop: { pos:    0,   0 size: 3840,2160 } primary: { pos:    0,   0 size: 3840,2160 }
2026-07-21T10:57:31.450908+02:00 HOST-REDACTED-B steam[2217]: Caching cursor image for default, size 32x32, serial 46, cache size = 0
2026-07-21T10:57:31.451858+02:00 HOST-REDACTED-B steam[2217]: Caching cursor image for left_ptr, size 256x256, serial 2, cache size = 0
2026-07-21T10:57:31.452519+02:00 HOST-REDACTED-B steam[2217]: CDesktopCapturePipeWire: Opening DRM render node /dev/dri/renderD128
2026-07-21T10:57:31.460563+02:00 HOST-REDACTED-B steam[2217]: CDesktopCapturePipeWire: setting stream node path: gamescope
2026-07-21T10:57:31.491863+02:00 HOST-REDACTED-B kernel: input: Microsoft X-Box 360 pad 0 as /devices/virtual/input/input30
2026-07-21T10:57:31.501563+02:00 HOST-REDACTED-B rtkit-daemon[1902]: Successfully made thread 3531 of process 2678 owned by '1000' high priority at nice level -10.
2026-07-21T10:57:31.872780+02:00 HOST-REDACTED-B mangoapp[2161]: [2026-07-21 10:57:31.872] [MANGOHUD] [error] [cpu.cpp:794] Failed to initialize CPU power data
2026-07-21T10:57:32.381085+02:00 HOST-REDACTED-B mangoapp[2161]: [2026-07-21 10:57:32.381] [MANGOHUD] [error] [cpu.cpp:794] Failed to initialize CPU power data
2026-07-21T10:57:32.881235+02:00 HOST-REDACTED-B mangoapp[2161]: [2026-07-21 10:57:32.881] [MANGOHUD] [error] [cpu.cpp:794] Failed to initialize CPU power data
2026-07-21T10:57:33.141116+02:00 HOST-REDACTED-B iwd[1746]: invalid HE capabilities for MAC-REDACTED
2026-07-21T10:57:33.141116+02:00 HOST-REDACTED-B iwd[1746]: invalid HE capabilities for MAC-REDACTED
2026-07-21T10:57:33.141116+02:00 HOST-REDACTED-B iwd[1746]: invalid HE capabilities for MAC-REDACTED
2026-07-21T10:57:33.381200+02:00 HOST-REDACTED-B mangoapp[2161]: [2026-07-21 10:57:33.381] [MANGOHUD] [error] [cpu.cpp:794] Failed to initialize CPU power data
2026-07-21T10:57:33.847655+02:00 HOST-REDACTED-B steam[2217]: Timeout calling process LD_LIBRARY_PATH="${SYSTEM_LD_LIBRARY_PATH-${LD_LIBRARY_PATH}}" PATH="${SYSTEM_PATH-${PATH}}" steamos-select-branch -c
2026-07-21T10:57:33.847922+02:00 HOST-REDACTED-B steam[2217]: Timeout calling process LD_LIBRARY_PATH="${SYSTEM_LD_LIBRARY_PATH-${LD_LIBRARY_PATH}}" PATH="${SYSTEM_PATH-${PATH}}" steamos-select-branch -c
2026-07-21T10:57:35.761528+02:00 HOST-REDACTED-B pkexec[3581]: pam_unix(polkit-1:session): session opened for user root(uid=0) by USER-REDACTED(uid=1000)
2026-07-21T10:57:35.764993+02:00 HOST-REDACTED-B pkexec[3581]: USER-REDACTED: Executing command [USER=root] [TTY=unknown] [CWD=/<USER-REDACTED>/.local/share/Steam] [COMMAND=/usr/bin/steamos-polkit-helpers/jupiter-dock-updater --check]
2026-07-21T10:57:37.886902+02:00 HOST-REDACTED-B steam[2217]: reaping pid: 2679 -- steam
2026-07-21T10:57:40.905734+02:00 HOST-REDACTED-B steam[2217]: Timeout calling process LD_LIBRARY_PATH="${SYSTEM_LD_LIBRARY_PATH-${LD_LIBRARY_PATH}}" PATH="${SYSTEM_PATH-${PATH}}" steamos-select-branch -c
2026-07-21T10:57:40.905990+02:00 HOST-REDACTED-B steam[2217]: Timeout calling process LD_LIBRARY_PATH="${SYSTEM_LD_LIBRARY_PATH-${LD_LIBRARY_PATH}}" PATH="${SYSTEM_PATH-${PATH}}" steamos-select-branch -c
2026-07-21T10:57:42.435208+02:00 HOST-REDACTED-B systemd-resolved[580]: Clock change detected. Flushing caches.
2026-07-21T10:57:42.435277+02:00 HOST-REDACTED-B systemd-timesyncd[581]: Contacted time server 217.14.146.53:123 (2.arch.pool.ntp.org).
2026-07-21T10:57:42.435613+02:00 HOST-REDACTED-B sh[3288]: adjtime state 0 status 2000 time Tue 2026-07-21 08:57:42.435222 UTC
2026-07-21T10:57:42.435327+02:00 HOST-REDACTED-B systemd-timesyncd[581]: Initial clock synchronization to Tue 2026-07-21 10:57:42.435177 CEST.
2026-07-21T10:57:42.486808+02:00 HOST-REDACTED-B systemd[1]: Started Atomic Update Daemon.
2026-07-21T10:57:42.844022+02:00 HOST-REDACTED-B systemd[1]: systemd-hostnamed.service: Deactivated successfully.
2026-07-21T10:57:45.755799+02:00 HOST-REDACTED-B rigsignal-agent[1878]: 2026-07-21T08:57:45.755779Z  INFO rigsignal_agent::session: No game detected — idle polling
2026-07-21T10:57:47.448233+02:00 HOST-REDACTED-B steam[2217]: reaping pid: 3305 -- steamos-select-
2026-07-21T10:57:56.109721+02:00 HOST-REDACTED-B iwd[1746]: invalid HE capabilities for MAC-REDACTED
2026-07-21T10:57:56.109721+02:00 HOST-REDACTED-B iwd[1746]: invalid HE capabilities for MAC-REDACTED
2026-07-21T10:57:56.109721+02:00 HOST-REDACTED-B iwd[1746]: invalid HE capabilities for MAC-REDACTED
2026-07-21T10:57:57.465955+02:00 HOST-REDACTED-B steam[2217]: reaping pid: 3593 -- steamos-select-
2026-07-21T10:57:59.285791+02:00 HOST-REDACTED-B systemd[1]: systemd-timedated.service: Deactivated successfully.
2026-07-21T10:58:01.385547+02:00 HOST-REDACTED-B sshd-session[3678]: Accepted publickey for USER-REDACTED from IP-REDACTED port 39182 ssh2: ED25519 SSH-FINGERPRINT-REDACTED
2026-07-21T10:58:01.388501+02:00 HOST-REDACTED-B sshd-session[3678]: pam_unix(sshd:session): session opened for user USER-REDACTED(uid=1000) by USER-REDACTED(uid=0)
2026-07-21T10:58:01.394204+02:00 HOST-REDACTED-B systemd-logind[1274]: New session 3 of user USER-REDACTED.
2026-07-21T10:58:01.406612+02:00 HOST-REDACTED-B systemd[1]: Started Session 3 of User USER-REDACTED.
2026-07-21T10:58:01.463743+02:00 HOST-REDACTED-B sshd-session[3684]: Received disconnect from IP-REDACTED port 39182:11: disconnected by user
2026-07-21T10:58:01.463839+02:00 HOST-REDACTED-B sshd-session[3684]: Disconnected from user USER-REDACTED IP-REDACTED port 39182
2026-07-21T10:58:01.464262+02:00 HOST-REDACTED-B sshd-session[3678]: pam_unix(sshd:session): session closed for user USER-REDACTED
2026-07-21T10:58:01.470180+02:00 HOST-REDACTED-B systemd[1]: session-3.scope: Deactivated successfully.
2026-07-21T10:58:01.471427+02:00 HOST-REDACTED-B systemd-logind[1274]: Removed session 3.
2026-07-21T10:58:01.560735+02:00 HOST-REDACTED-B sshd-session[3692]: Accepted publickey for USER-REDACTED from IP-REDACTED port 39188 ssh2: ED25519 SSH-FINGERPRINT-REDACTED
2026-07-21T10:58:01.563752+02:00 HOST-REDACTED-B sshd-session[3692]: pam_unix(sshd:session): session opened for user USER-REDACTED(uid=1000) by USER-REDACTED(uid=0)
2026-07-21T10:58:01.570069+02:00 HOST-REDACTED-B systemd-logind[1274]: New session 4 of user USER-REDACTED.
2026-07-21T10:58:01.582617+02:00 HOST-REDACTED-B systemd[1]: Started Session 4 of User USER-REDACTED.
2026-07-21T10:58:01.637157+02:00 HOST-REDACTED-B sshd-session[3698]: Received disconnect from IP-REDACTED port 39188:11: disconnected by user
2026-07-21T10:58:01.637264+02:00 HOST-REDACTED-B sshd-session[3698]: Disconnected from user USER-REDACTED IP-REDACTED port 39188
2026-07-21T10:58:01.637697+02:00 HOST-REDACTED-B sshd-session[3692]: pam_unix(sshd:session): session closed for user USER-REDACTED
2026-07-21T10:58:01.643535+02:00 HOST-REDACTED-B systemd[1]: session-4.scope: Deactivated successfully.
2026-07-21T10:58:01.644760+02:00 HOST-REDACTED-B systemd-logind[1274]: Removed session 4.
2026-07-21T10:58:01.739687+02:00 HOST-REDACTED-B sshd-session[3705]: Accepted publickey for USER-REDACTED from IP-REDACTED port 39200 ssh2: ED25519 SSH-FINGERPRINT-REDACTED
2026-07-21T10:58:01.742810+02:00 HOST-REDACTED-B sshd-session[3705]: pam_unix(sshd:session): session opened for user USER-REDACTED(uid=1000) by USER-REDACTED(uid=0)
2026-07-21T10:58:01.748605+02:00 HOST-REDACTED-B systemd-logind[1274]: New session 5 of user USER-REDACTED.
2026-07-21T10:58:01.759621+02:00 HOST-REDACTED-B systemd[1]: Started Session 5 of User USER-REDACTED.
2026-07-21T10:58:01.831214+02:00 HOST-REDACTED-B sshd-session[3713]: Received disconnect from IP-REDACTED port 39200:11: disconnected by user
2026-07-21T10:58:01.831330+02:00 HOST-REDACTED-B sshd-session[3713]: Disconnected from user USER-REDACTED IP-REDACTED port 39200
2026-07-21T10:58:01.831806+02:00 HOST-REDACTED-B sshd-session[3705]: pam_unix(sshd:session): session closed for user USER-REDACTED
2026-07-21T10:58:01.837431+02:00 HOST-REDACTED-B systemd[1]: session-5.scope: Deactivated successfully.
2026-07-21T10:58:01.838725+02:00 HOST-REDACTED-B systemd-logind[1274]: Removed session 5.
2026-07-21T10:58:18.755452+02:00 HOST-REDACTED-B rigsignal-agent[1878]: 2026-07-21T08:58:18.755432Z  INFO rigsignal_agent::session: No game detected — idle polling
2026-07-21T10:58:20.833529+02:00 HOST-REDACTED-B kernel: logitech-hidpp-device 0003:046D:4032.0005: HID++ 4.1 device connected.
2026-07-21T10:58:33.170388+02:00 HOST-REDACTED-B rtkit-daemon[1902]: Successfully made thread 3774 of process 2678 owned by '1000' high priority at nice level -10.
2026-07-21T10:58:39.542688+02:00 HOST-REDACTED-B iwd[1746]: invalid HE capabilities for MAC-REDACTED
2026-07-21T10:58:49.755760+02:00 HOST-REDACTED-B gamescope-session[2042]: [gamescope] [Info]  wlserver: Got change event for KMS device
2026-07-21T10:58:49.756884+02:00 HOST-REDACTED-B gamescope-session[2042]: [gamescope] [Info]  drm: current connector 'HDMI-A-2' disconnected
2026-07-21T10:58:49.756884+02:00 HOST-REDACTED-B gamescope-session[2042]: [gamescope] [Info]  drm: cannot find any connected connector!
2026-07-21T10:58:49.756935+02:00 HOST-REDACTED-B gamescope-session[2042]: [gamescope] [Info]  wlserver: Updating mode for xwayland server #0: 1280x720@60
2026-07-21T10:58:49.762447+02:00 HOST-REDACTED-B gamescope-session[2042]: [gamescope] [Info]  wlserver: Updating mode for xwayland server #0: 1280x720@60
2026-07-21T10:58:51.155531+02:00 HOST-REDACTED-B kernel: HDR SB:eb 02 00 60 88 08 39 c8 31 91 88 fe 1c df 0a 09
2026-07-21T10:58:51.155611+02:00 HOST-REDACTED-B kernel: HDR SB:3d 47 40 1f 03 00 00 1f 03 1f 03 00 00 00 00 00
2026-07-21T10:58:51.255106+02:00 HOST-REDACTED-B gamescope-session[2042]: [gamescope] [Info]  wlserver: Got change event for KMS device
2026-07-21T10:58:51.330621+02:00 HOST-REDACTED-B gamescope-session[2042]: [gamescope] [Info]  drm: Connector HDMI-A-2 -> SAM - QCQ95S
2026-07-21T10:58:51.330685+02:00 HOST-REDACTED-B gamescope-session[2042]: [gamescope] [Info]  drm: [colorimetry]: EDID with colorimetry detected. Using it
2026-07-21T10:58:51.330685+02:00 HOST-REDACTED-B gamescope-session[2042]: [gamescope] [Info]  drm: [colorimetry]: r 0.698242 0.291992
2026-07-21T10:58:51.330685+02:00 HOST-REDACTED-B gamescope-session[2042]: [gamescope] [Info]  drm: [colorimetry]: g 0.254883 0.699219
2026-07-21T10:58:51.330685+02:00 HOST-REDACTED-B gamescope-session[2042]: [gamescope] [Info]  drm: [colorimetry]: b 0.148438 0.055664
2026-07-21T10:58:51.330685+02:00 HOST-REDACTED-B gamescope-session[2042]: [gamescope] [Info]  drm: [colorimetry]: w 0.312500 0.329102
2026-07-21T10:58:51.331371+02:00 HOST-REDACTED-B gamescope-session[2042]: [gamescope] [Info]  drm: selecting connector HDMI-A-2
2026-07-21T10:58:51.331392+02:00 HOST-REDACTED-B gamescope-session[2042]: [gamescope] [Info]  drm: selecting mode 3840x2160@120Hz
2026-07-21T10:58:51.331503+02:00 HOST-REDACTED-B gamescope-session[2042]: [gamescope] [Info]  edid: Wrote new edid to: /<USER-REDACTED>/.config/gamescope/edid.bin
2026-07-21T10:58:51.331537+02:00 HOST-REDACTED-B gamescope-session[2042]: [gamescope] [Info]  wlserver: Updating mode for xwayland server #0: 3840x2160@120
2026-07-21T10:58:51.333708+02:00 HOST-REDACTED-B gamescope-session[2042]: [gamescope] [Info]  wlserver: Updating mode for xwayland server #0: 3840x2160@120
2026-07-21T10:58:51.356532+02:00 HOST-REDACTED-B kernel: amdgpu 0000:09:00.0: [drm] CRB Config Warning: DET size (3,14,8,0) + Compbuf size (1) >  CRB segments (21)
2026-07-21T10:58:51.755577+02:00 HOST-REDACTED-B rigsignal-agent[1878]: 2026-07-21T08:58:51.755557Z  INFO rigsignal_agent::session: No game detected — idle polling
2026-07-21T10:59:25.494462+02:00 HOST-REDACTED-B steam[2217]: [2026-07-21 10:59:25] Background update loop checking for update. . .
2026-07-21T10:59:25.494858+02:00 HOST-REDACTED-B steam[2217]: [2026-07-21 10:59:25] Checking for available updates...
2026-07-21T10:59:25.494858+02:00 HOST-REDACTED-B steam[2217]: [2026-07-21 10:59:25] Downloading manifest: https://client-update.fastly.steamstatic.com/steam_client_steamdeck_publicbeta_ubuntu12
2026-07-21T10:59:25.510553+02:00 HOST-REDACTED-B steam[2217]: [2026-07-21 10:59:25] Manifest download: send request
2026-07-21T10:59:25.744995+02:00 HOST-REDACTED-B steam[2217]: [2026-07-21 10:59:25] Manifest download: waiting for download to finish
2026-07-21T10:59:25.755644+02:00 HOST-REDACTED-B rigsignal-agent[1878]: 2026-07-21T08:59:25.755628Z  INFO rigsignal_agent::session: No game detected — idle polling
2026-07-21T10:59:26.245100+02:00 HOST-REDACTED-B steam[2217]: [2026-07-21 10:59:26] Manifest download: finished
2026-07-21T10:59:26.245253+02:00 HOST-REDACTED-B steam[2217]: [2026-07-21 10:59:26] Download skipped: /steam_client_steamdeck_publicbeta_ubuntu12 version 1784588115, installed version 1784588115, existing pending version 0
2026-07-21T10:59:26.245277+02:00 HOST-REDACTED-B steam[2217]: [2026-07-21 10:59:26] Nothing to do
2026-07-21T10:59:26.403366+02:00 HOST-REDACTED-B pkexec[3865]: pam_unix(polkit-1:session): session opened for user root(uid=0) by USER-REDACTED(uid=1000)
2026-07-21T10:59:26.406471+02:00 HOST-REDACTED-B pkexec[3865]: USER-REDACTED: Executing command [USER=root] [TTY=unknown] [CWD=/<USER-REDACTED>/.local/share/Steam] [COMMAND=/usr/bin/steamos-polkit-helpers/steamos-update --supports-duplicate-detection]
2026-07-21T10:59:26.439606+02:00 HOST-REDACTED-B pkexec[3876]: pam_unix(polkit-1:session): session opened for user root(uid=0) by USER-REDACTED(uid=1000)
2026-07-21T10:59:26.442490+02:00 HOST-REDACTED-B pkexec[3876]: USER-REDACTED: Executing command [USER=root] [TTY=unknown] [CWD=/<USER-REDACTED>/.local/share/Steam] [COMMAND=/usr/bin/steamos-polkit-helpers/steamos-update --enable-duplicate-detection check]
2026-07-21T10:59:26.661702+02:00 HOST-REDACTED-B pkexec[3894]: pam_unix(polkit-1:session): session opened for user root(uid=0) by USER-REDACTED(uid=1000)
2026-07-21T10:59:26.664989+02:00 HOST-REDACTED-B pkexec[3894]: USER-REDACTED: Executing command [USER=root] [TTY=unknown] [CWD=/<USER-REDACTED>/.local/share/Steam] [COMMAND=/usr/bin/steamos-polkit-helpers/jupiter-biosupdate check]
2026-07-21T10:59:26.679743+02:00 HOST-REDACTED-B steam[2217]: :: No updates configured for this vendor
2026-07-21T11:00:00.755698+02:00 HOST-REDACTED-B rigsignal-agent[1878]: 2026-07-21T09:00:00.755664Z  INFO rigsignal_agent::session: No game detected — idle polling
2026-07-21T11:00:03.001698+02:00 HOST-REDACTED-B iwd[1746]: invalid HE capabilities for MAC-REDACTED
2026-07-21T11:00:03.001986+02:00 HOST-REDACTED-B iwd[1746]: invalid HE capabilities for MAC-REDACTED
2026-07-21T11:00:25.536567+02:00 HOST-REDACTED-B systemd[1829]: Starting Prune harvested RigSignal spool files older than 48h...
2026-07-21T11:00:25.909715+02:00 HOST-REDACTED-B rigsignal-agent[1878]: 2026-07-21T09:00:25.909690Z  WARN rigsignal_agent: Tick 193 spool rotation error: No such file or directory (os error 2)
2026-07-21T11:00:26.054320+02:00 HOST-REDACTED-B rigsignal-spool-retention[3963]: deleted=3022 bytes=33402753 skipped=71982 registry=/<USER-REDACTED>/elastic/elastic-agent-9.4.3-linux-x86_64/data/elastic-agent-1bfb56/run/filestream-default/registry/filebeat/log.json
2026-07-21T11:00:26.058361+02:00 HOST-REDACTED-B systemd[1829]: Finished Prune harvested RigSignal spool files older than 48h.
2026-07-21T11:00:26.754271+02:00 HOST-REDACTED-B rigsignal-agent[1878]: 2026-07-21T09:00:26.754235Z  WARN rigsignal_agent: Tick 194 spool rotation error: No such file or directory (os error 2)
2026-07-21T11:00:27.756572+02:00 HOST-REDACTED-B rigsignal-agent[1878]: 2026-07-21T09:00:27.756546Z  WARN rigsignal_agent: Tick 195 spool rotation error: No such file or directory (os error 2)
2026-07-21T11:00:28.754525+02:00 HOST-REDACTED-B rigsignal-agent[1878]: 2026-07-21T09:00:28.754490Z  WARN rigsignal_agent: Tick 196 spool rotation error: No such file or directory (os error 2)
2026-07-21T11:00:29.754568+02:00 HOST-REDACTED-B rigsignal-agent[1878]: 2026-07-21T09:00:29.754544Z  WARN rigsignal_agent: Tick 197 spool rotation error: No such file or directory (os error 2)
2026-07-21T11:00:30.755235+02:00 HOST-REDACTED-B rigsignal-agent[1878]: 2026-07-21T09:00:30.755208Z  WARN rigsignal_agent: Tick 198 spool rotation error: No such file or directory (os error 2)
2026-07-21T11:00:31.910683+02:00 HOST-REDACTED-B rigsignal-agent[1878]: 2026-07-21T09:00:31.910662Z  WARN rigsignal_agent: Tick 199 spool rotation error: No such file or directory (os error 2)
2026-07-21T11:00:32.755464+02:00 HOST-REDACTED-B rigsignal-agent[1878]: 2026-07-21T09:00:32.755430Z  WARN rigsignal_agent: Tick 200 spool rotation error: No such file or directory (os error 2)
2026-07-21T11:00:33.755480+02:00 HOST-REDACTED-B rigsignal-agent[1878]: 2026-07-21T09:00:33.755460Z  INFO rigsignal_agent::session: No game detected — idle polling
2026-07-21T11:00:33.756772+02:00 HOST-REDACTED-B rigsignal-agent[1878]: 2026-07-21T09:00:33.756757Z  WARN rigsignal_agent: Tick 201 spool rotation error: No such file or directory (os error 2)
2026-07-21T11:00:34.756618+02:00 HOST-REDACTED-B rigsignal-agent[1878]: 2026-07-21T09:00:34.756592Z  WARN rigsignal_agent: Tick 202 spool rotation error: No such file or directory (os error 2)
2026-07-21T11:00:35.753789+02:00 HOST-REDACTED-B rigsignal-agent[1878]: 2026-07-21T09:00:35.753765Z  WARN rigsignal_agent: Tick 203 spool rotation error: No such file or directory (os error 2)
2026-07-21T11:00:36.755551+02:00 HOST-REDACTED-B rigsignal-agent[1878]: 2026-07-21T09:00:36.755523Z  WARN rigsignal_agent: Tick 204 spool rotation error: No such file or directory (os error 2)
2026-07-21T11:00:37.912085+02:00 HOST-REDACTED-B rigsignal-agent[1878]: 2026-07-21T09:00:37.912064Z  WARN rigsignal_agent: Tick 205 spool rotation error: No such file or directory (os error 2)
2026-07-21T11:00:38.757665+02:00 HOST-REDACTED-B rigsignal-agent[1878]: 2026-07-21T09:00:38.757642Z  WARN rigsignal_agent: Tick 206 spool rotation error: No such file or directory (os error 2)
2026-07-21T11:00:39.754071+02:00 HOST-REDACTED-B rigsignal-agent[1878]: 2026-07-21T09:00:39.754047Z  WARN rigsignal_agent: Tick 207 spool rotation error: No such file or directory (os error 2)
2026-07-21T11:00:40.754200+02:00 HOST-REDACTED-B rigsignal-agent[1878]: 2026-07-21T09:00:40.754177Z  WARN rigsignal_agent: Tick 208 spool rotation error: No such file or directory (os error 2)
2026-07-21T11:00:41.755593+02:00 HOST-REDACTED-B rigsignal-agent[1878]: 2026-07-21T09:00:41.755556Z  WARN rigsignal_agent: Tick 209 spool rotation error: No such file or directory (os error 2)
2026-07-21T11:00:42.754062+02:00 HOST-REDACTED-B rigsignal-agent[1878]: 2026-07-21T09:00:42.754037Z  WARN rigsignal_agent: Tick 210 spool rotation error: No such file or directory (os error 2)
2026-07-21T11:00:43.910352+02:00 HOST-REDACTED-B rigsignal-agent[1878]: 2026-07-21T09:00:43.910331Z  WARN rigsignal_agent: Tick 211 spool rotation error: No such file or directory (os error 2)
2026-07-21T11:01:07.755595+02:00 HOST-REDACTED-B rigsignal-agent[1878]: 2026-07-21T09:01:07.755575Z  INFO rigsignal_agent::session: No game detected — idle polling
2026-07-21T11:01:42.755617+02:00 HOST-REDACTED-B rigsignal-agent[1878]: 2026-07-21T09:01:42.755560Z  INFO rigsignal_agent::session: No game detected — idle polling
2026-07-21T11:02:15.755460+02:00 HOST-REDACTED-B rigsignal-agent[1878]: 2026-07-21T09:02:15.755440Z  INFO rigsignal_agent::session: No game detected — idle polling
2026-07-21T11:02:46.375747+02:00 HOST-REDACTED-B iwd[1746]: invalid HE capabilities for MAC-REDACTED
2026-07-21T11:02:46.375747+02:00 HOST-REDACTED-B iwd[1746]: invalid HE capabilities for MAC-REDACTED
2026-07-21T11:02:46.375747+02:00 HOST-REDACTED-B iwd[1746]: invalid HE capabilities for MAC-REDACTED
2026-07-21T11:02:50.755639+02:00 HOST-REDACTED-B rigsignal-agent[1878]: 2026-07-21T09:02:50.755606Z  INFO rigsignal_agent::session: No game detected — idle polling
2026-07-21T11:03:24.756031+02:00 HOST-REDACTED-B rigsignal-agent[1878]: 2026-07-21T09:03:24.755977Z  INFO rigsignal_agent::session: No game detected — idle polling
2026-07-21T11:03:58.755021+02:00 HOST-REDACTED-B rigsignal-agent[1878]: 2026-07-21T09:03:58.755000Z  INFO rigsignal_agent::session: No game detected — idle polling
2026-07-21T11:04:30.756502+02:00 HOST-REDACTED-B rigsignal-agent[1878]: 2026-07-21T09:04:30.756480Z  INFO rigsignal_agent::session: No game detected — idle polling
2026-07-21T11:05:00.756024+02:00 HOST-REDACTED-B rigsignal-agent[1878]: 2026-07-21T09:05:00.755968Z  INFO rigsignal_agent::session: No game detected — idle polling
2026-07-21T11:05:34.755944+02:00 HOST-REDACTED-B rigsignal-agent[1878]: 2026-07-21T09:05:34.755922Z  INFO rigsignal_agent::session: No game detected — idle polling
2026-07-21T11:06:08.755256+02:00 HOST-REDACTED-B rigsignal-agent[1878]: 2026-07-21T09:06:08.755236Z  INFO rigsignal_agent::session: No game detected — idle polling
2026-07-21T11:06:41.755906+02:00 HOST-REDACTED-B rigsignal-agent[1878]: 2026-07-21T09:06:41.755872Z  INFO rigsignal_agent::session: No game detected — idle polling
2026-07-21T11:07:14.755832+02:00 HOST-REDACTED-B rigsignal-agent[1878]: 2026-07-21T09:07:14.755812Z  INFO rigsignal_agent::session: No game detected — idle polling
2026-07-21T11:07:48.755760+02:00 HOST-REDACTED-B rigsignal-agent[1878]: 2026-07-21T09:07:48.755691Z  INFO rigsignal_agent::session: No game detected — idle polling
2026-07-21T11:08:22.755160+02:00 HOST-REDACTED-B rigsignal-agent[1878]: 2026-07-21T09:08:22.755125Z  INFO rigsignal_agent::session: No game detected — idle polling
2026-07-21T11:08:56.755023+02:00 HOST-REDACTED-B rigsignal-agent[1878]: 2026-07-21T09:08:56.754989Z  INFO rigsignal_agent::session: No game detected — idle polling
2026-07-21T11:09:28.755160+02:00 HOST-REDACTED-B rigsignal-agent[1878]: 2026-07-21T09:09:28.755092Z  INFO rigsignal_agent::session: No game detected — idle polling
2026-07-21T11:10:01.755360+02:00 HOST-REDACTED-B rigsignal-agent[1878]: 2026-07-21T09:10:01.755326Z  INFO rigsignal_agent::session: No game detected — idle polling
2026-07-21T11:10:26.340267+02:00 HOST-REDACTED-B sshd-session[4463]: Accepted publickey for USER-REDACTED from IP-REDACTED port 37858 ssh2: ED25519 SSH-FINGERPRINT-REDACTED
2026-07-21T11:10:26.343297+02:00 HOST-REDACTED-B sshd-session[4463]: pam_unix(sshd:session): session opened for user USER-REDACTED(uid=1000) by USER-REDACTED(uid=0)
2026-07-21T11:10:26.348692+02:00 HOST-REDACTED-B systemd-logind[1274]: New session 6 of user USER-REDACTED.
2026-07-21T11:10:26.358596+02:00 HOST-REDACTED-B systemd[1]: Started Session 6 of User USER-REDACTED.
2026-07-21T11:10:26.416141+02:00 HOST-REDACTED-B systemd[1829]: Started [systemd-run] /<USER-REDACTED>/streammon.sh enp6s0 /<USER-REDACTED>/streammon-ab-clientstable.log.
2026-07-21T11:10:26.448068+02:00 HOST-REDACTED-B streammon.sh[4490]: /<USER-REDACTED>/streammon.sh: line 31: hostname: command not found
2026-07-21T11:10:28.419068+02:00 HOST-REDACTED-B sshd-session[4469]: Received disconnect from IP-REDACTED port 37858:11: disconnected by user
2026-07-21T11:10:28.419177+02:00 HOST-REDACTED-B sshd-session[4469]: Disconnected from user USER-REDACTED IP-REDACTED port 37858
2026-07-21T11:10:28.419648+02:00 HOST-REDACTED-B sshd-session[4463]: pam_unix(sshd:session): session closed for user USER-REDACTED
2026-07-21T11:10:28.425772+02:00 HOST-REDACTED-B systemd[1]: session-6.scope: Deactivated successfully.
2026-07-21T11:10:28.426999+02:00 HOST-REDACTED-B systemd-logind[1274]: Removed session 6.
2026-07-21T11:10:36.755040+02:00 HOST-REDACTED-B rigsignal-agent[1878]: 2026-07-21T09:10:36.755020Z  INFO rigsignal_agent::session: No game detected — idle polling
2026-07-21T11:11:09.754917+02:00 HOST-REDACTED-B rigsignal-agent[1878]: 2026-07-21T09:11:09.754853Z  INFO rigsignal_agent::session: No game detected — idle polling
2026-07-21T11:11:42.755596+02:00 HOST-REDACTED-B rigsignal-agent[1878]: 2026-07-21T09:11:42.755576Z  INFO rigsignal_agent::session: No game detected — idle polling
2026-07-21T11:12:12.065365+02:00 HOST-REDACTED-B systemd[1]: Starting Cleanup of Temporary Directories...
2026-07-21T11:12:12.140033+02:00 HOST-REDACTED-B systemd[1]: systemd-tmpfiles-clean.service: Deactivated successfully.
2026-07-21T11:12:12.140222+02:00 HOST-REDACTED-B systemd[1]: Finished Cleanup of Temporary Directories.
2026-07-21T11:12:14.755278+02:00 HOST-REDACTED-B rigsignal-agent[1878]: 2026-07-21T09:12:14.755253Z  INFO rigsignal_agent::session: No game detected — idle polling
2026-07-21T11:12:48.755508+02:00 HOST-REDACTED-B rigsignal-agent[1878]: 2026-07-21T09:12:48.755483Z  INFO rigsignal_agent::session: No game detected — idle polling
2026-07-21T11:13:20.755643+02:00 HOST-REDACTED-B rigsignal-agent[1878]: 2026-07-21T09:13:20.755622Z  INFO rigsignal_agent::session: No game detected — idle polling
2026-07-21T11:13:54.755180+02:00 HOST-REDACTED-B rigsignal-agent[1878]: 2026-07-21T09:13:54.755126Z  INFO rigsignal_agent::session: No game detected — idle polling
2026-07-21T11:14:27.755476+02:00 HOST-REDACTED-B rigsignal-agent[1878]: 2026-07-21T09:14:27.755450Z  INFO rigsignal_agent::session: No game detected — idle polling
2026-07-21T11:15:01.254724+02:00 HOST-REDACTED-B systemd[1829]: Reached target Bluetooth.
2026-07-21T11:15:01.370536+02:00 HOST-REDACTED-B kernel: microsoft 0005:045E:02FD.0007: unknown main item tag 0x0
2026-07-21T11:15:01.371870+02:00 HOST-REDACTED-B kernel: input: Xbox Wireless Controller as /devices/virtual/misc/uhid/0005:045E:02FD.0007/input/input31
2026-07-21T11:15:01.371902+02:00 HOST-REDACTED-B kernel: microsoft 0005:045E:02FD.0007: input,hidraw3: BLUETOOTH HID v9.03 Gamepad [Xbox Wireless Controller] on MAC-REDACTED
2026-07-21T11:15:01.755879+02:00 HOST-REDACTED-B rigsignal-agent[1878]: 2026-07-21T09:15:01.755840Z  INFO rigsignal_agent::session: No game detected — idle polling
2026-07-21T11:15:02.676535+02:00 HOST-REDACTED-B kernel: input: Microsoft X-Box 360 pad 0 as /devices/virtual/input/input32
2026-07-21T11:15:02.685142+02:00 HOST-REDACTED-B rtkit-daemon[1902]: Successfully made thread 9292 of process 2678 owned by '1000' high priority at nice level -10.
2026-07-21T11:15:04.528709+02:00 HOST-REDACTED-B bluetoothd[1231]: profiles/input/device.c:hidp_report_req_timeout() Device MAC-REDACTED HIDP GET_REPORT request timed out
2026-07-21T11:15:07.529472+02:00 HOST-REDACTED-B bluetoothd[1231]: profiles/input/device.c:hidp_report_req_timeout() Device MAC-REDACTED HIDP GET_REPORT request timed out
2026-07-21T11:15:10.529470+02:00 HOST-REDACTED-B bluetoothd[1231]: profiles/input/device.c:hidp_report_req_timeout() Device MAC-REDACTED HIDP GET_REPORT request timed out
2026-07-21T11:15:31.685319+02:00 HOST-REDACTED-B systemd[1]: Starting Time & Date Service...
2026-07-21T11:15:31.731484+02:00 HOST-REDACTED-B systemd[1]: Started Time & Date Service.
2026-07-21T11:15:31.734396+02:00 HOST-REDACTED-B systemd[1829]: steam-launcher.service: Got notification message from PID 9827, but reception is disabled
2026-07-21T11:15:31.743973+02:00 HOST-REDACTED-B systemd[1829]: steam-launcher.service: Got notification message from PID 9833, but reception is disabled
2026-07-21T11:15:32.237843+02:00 HOST-REDACTED-B rtkit-daemon[1902]: Successfully made thread 9884 of process 9818 owned by '1000' high priority at nice level -10.
2026-07-21T11:15:34.241001+02:00 HOST-REDACTED-B rtkit-daemon[1902]: Successfully made thread 9922 of process 9818 owned by '1000' high priority at nice level -15.
2026-07-21T11:15:34.756200+02:00 HOST-REDACTED-B rigsignal-agent[1878]: 2026-07-21T09:15:34.756178Z  INFO rigsignal_agent::session: No game detected — idle polling
2026-07-21T11:16:01.774779+02:00 HOST-REDACTED-B systemd[1]: systemd-timedated.service: Deactivated successfully.
2026-07-21T11:16:08.755173+02:00 HOST-REDACTED-B rigsignal-agent[1878]: 2026-07-21T09:16:08.755151Z  INFO rigsignal_agent::session: No game detected — idle polling
2026-07-21T11:16:26.715287+02:00 HOST-REDACTED-B sshd-session[10857]: Accepted publickey for USER-REDACTED from IP-REDACTED port 54060 ssh2: ED25519 SSH-FINGERPRINT-REDACTED
2026-07-21T11:16:26.718399+02:00 HOST-REDACTED-B sshd-session[10857]: pam_unix(sshd:session): session opened for user USER-REDACTED(uid=1000) by USER-REDACTED(uid=0)
2026-07-21T11:16:26.724584+02:00 HOST-REDACTED-B systemd-logind[1274]: New session 7 of user USER-REDACTED.
2026-07-21T11:16:26.737595+02:00 HOST-REDACTED-B systemd[1]: Started Session 7 of User USER-REDACTED.
2026-07-21T11:16:26.789396+02:00 HOST-REDACTED-B sshd-session[10863]: Received disconnect from IP-REDACTED port 54060:11: disconnected by user
2026-07-21T11:16:26.789508+02:00 HOST-REDACTED-B sshd-session[10863]: Disconnected from user USER-REDACTED IP-REDACTED port 54060
2026-07-21T11:16:26.789948+02:00 HOST-REDACTED-B sshd-session[10857]: pam_unix(sshd:session): session closed for user USER-REDACTED
2026-07-21T11:16:26.796047+02:00 HOST-REDACTED-B systemd[1]: session-7.scope: Deactivated successfully.
2026-07-21T11:16:26.797265+02:00 HOST-REDACTED-B systemd-logind[1274]: Removed session 7.
2026-07-21T11:16:41.756123+02:00 HOST-REDACTED-B rigsignal-agent[1878]: 2026-07-21T09:16:41.756076Z  INFO rigsignal_agent::session: No game detected — idle polling
2026-07-21T11:17:15.755432+02:00 HOST-REDACTED-B rigsignal-agent[1878]: 2026-07-21T09:17:15.755412Z  INFO rigsignal_agent::session: No game detected — idle polling
2026-07-21T11:17:48.756129+02:00 HOST-REDACTED-B rigsignal-agent[1878]: 2026-07-21T09:17:48.756111Z  INFO rigsignal_agent::session: No game detected — idle polling
2026-07-21T11:17:56.499718+02:00 HOST-REDACTED-B iwd[1746]: invalid HE capabilities for MAC-REDACTED
2026-07-21T11:17:56.499718+02:00 HOST-REDACTED-B iwd[1746]: invalid HE capabilities for MAC-REDACTED
2026-07-21T11:18:23.755999+02:00 HOST-REDACTED-B rigsignal-agent[1878]: 2026-07-21T09:18:23.755978Z  INFO rigsignal_agent::session: No game detected — idle polling
2026-07-21T11:18:25.014049+02:00 HOST-REDACTED-B rtkit-daemon[1902]: Successfully made thread 12921 of process 9818 owned by '1000' high priority at nice level -10.
2026-07-21T11:18:56.755937+02:00 HOST-REDACTED-B rigsignal-agent[1878]: 2026-07-21T09:18:56.755916Z  INFO rigsignal_agent::session: No game detected — idle polling
2026-07-21T11:19:30.755854+02:00 HOST-REDACTED-B rigsignal-agent[1878]: 2026-07-21T09:19:30.755833Z  INFO rigsignal_agent::session: No game detected — idle polling
2026-07-21T11:20:03.755463+02:00 HOST-REDACTED-B rigsignal-agent[1878]: 2026-07-21T09:20:03.755412Z  INFO rigsignal_agent::session: No game detected — idle polling
2026-07-21T11:20:36.755589+02:00 HOST-REDACTED-B rigsignal-agent[1878]: 2026-07-21T09:20:36.755569Z  INFO rigsignal_agent::session: No game detected — idle polling
2026-07-21T11:21:10.755674+02:00 HOST-REDACTED-B rigsignal-agent[1878]: 2026-07-21T09:21:10.755621Z  INFO rigsignal_agent::session: No game detected — idle polling
2026-07-21T11:21:44.755308+02:00 HOST-REDACTED-B rigsignal-agent[1878]: 2026-07-21T09:21:44.755284Z  INFO rigsignal_agent::session: No game detected — idle polling
2026-07-21T11:22:18.755425+02:00 HOST-REDACTED-B rigsignal-agent[1878]: 2026-07-21T09:22:18.755402Z  INFO rigsignal_agent::session: No game detected — idle polling
2026-07-21T11:22:52.755648+02:00 HOST-REDACTED-B rigsignal-agent[1878]: 2026-07-21T09:22:52.755593Z  INFO rigsignal_agent::session: No game detected — idle polling
2026-07-21T11:23:25.755894+02:00 HOST-REDACTED-B rigsignal-agent[1878]: 2026-07-21T09:23:25.755873Z  INFO rigsignal_agent::session: No game detected — idle polling
2026-07-21T11:23:59.755305+02:00 HOST-REDACTED-B rigsignal-agent[1878]: 2026-07-21T09:23:59.755284Z  INFO rigsignal_agent::session: No game detected — idle polling
2026-07-21T11:24:09.311639+02:00 HOST-REDACTED-B sshd-session[18898]: Accepted publickey for USER-REDACTED from IP-REDACTED port 52884 ssh2: ED25519 SSH-FINGERPRINT-REDACTED
2026-07-21T11:24:09.314782+02:00 HOST-REDACTED-B sshd-session[18898]: pam_unix(sshd:session): session opened for user USER-REDACTED(uid=1000) by USER-REDACTED(uid=0)
2026-07-21T11:24:09.320140+02:00 HOST-REDACTED-B systemd-logind[1274]: New session 8 of user USER-REDACTED.
2026-07-21T11:24:09.332610+02:00 HOST-REDACTED-B systemd[1]: Started Session 8 of User USER-REDACTED.
2026-07-21T11:24:09.381889+02:00 HOST-REDACTED-B sshd-session[18904]: Received disconnect from IP-REDACTED port 52884:11: disconnected by user
2026-07-21T11:24:09.381971+02:00 HOST-REDACTED-B sshd-session[18904]: Disconnected from user USER-REDACTED IP-REDACTED port 52884
2026-07-21T11:24:09.382356+02:00 HOST-REDACTED-B sshd-session[18898]: pam_unix(sshd:session): session closed for user USER-REDACTED
2026-07-21T11:24:09.387535+02:00 HOST-REDACTED-B systemd[1]: session-8.scope: Deactivated successfully.
2026-07-21T11:24:09.388691+02:00 HOST-REDACTED-B systemd-logind[1274]: Removed session 8.
2026-07-21T11:24:33.755225+02:00 HOST-REDACTED-B rigsignal-agent[1878]: 2026-07-21T09:24:33.755205Z  INFO rigsignal_agent::session: No game detected — idle polling
2026-07-21T11:25:06.755376+02:00 HOST-REDACTED-B rigsignal-agent[1878]: 2026-07-21T09:25:06.755355Z  INFO rigsignal_agent::session: No game detected — idle polling
2026-07-21T11:25:40.755975+02:00 HOST-REDACTED-B rigsignal-agent[1878]: 2026-07-21T09:25:40.755923Z  INFO rigsignal_agent::session: No game detected — idle polling
2026-07-21T11:26:14.756117+02:00 HOST-REDACTED-B rigsignal-agent[1878]: 2026-07-21T09:26:14.756097Z  INFO rigsignal_agent::session: No game detected — idle polling
2026-07-21T11:26:48.755844+02:00 HOST-REDACTED-B rigsignal-agent[1878]: 2026-07-21T09:26:48.755823Z  INFO rigsignal_agent::session: No game detected — idle polling
2026-07-21T11:27:21.755800+02:00 HOST-REDACTED-B rigsignal-agent[1878]: 2026-07-21T09:27:21.755749Z  INFO rigsignal_agent::session: No game detected — idle polling
2026-07-21T11:27:32.507831+02:00 HOST-REDACTED-B sshd-session[22436]: Accepted publickey for USER-REDACTED from IP-REDACTED port 50104 ssh2: ED25519 SSH-FINGERPRINT-REDACTED
2026-07-21T11:27:32.510892+02:00 HOST-REDACTED-B sshd-session[22436]: pam_unix(sshd:session): session opened for user USER-REDACTED(uid=1000) by USER-REDACTED(uid=0)
2026-07-21T11:27:32.517282+02:00 HOST-REDACTED-B systemd-logind[1274]: New session 9 of user USER-REDACTED.
2026-07-21T11:27:32.535602+02:00 HOST-REDACTED-B systemd[1]: Started Session 9 of User USER-REDACTED.
2026-07-21T11:27:32.617488+02:00 HOST-REDACTED-B sshd-session[22447]: Received disconnect from IP-REDACTED port 50104:11: disconnected by user
2026-07-21T11:27:32.617615+02:00 HOST-REDACTED-B sshd-session[22447]: Disconnected from user USER-REDACTED IP-REDACTED port 50104
2026-07-21T11:27:32.618050+02:00 HOST-REDACTED-B sshd-session[22436]: pam_unix(sshd:session): session closed for user USER-REDACTED
2026-07-21T11:27:32.623745+02:00 HOST-REDACTED-B systemd[1]: session-9.scope: Deactivated successfully.
2026-07-21T11:27:32.624879+02:00 HOST-REDACTED-B systemd-logind[1274]: Removed session 9.
2026-07-21T11:27:55.755547+02:00 HOST-REDACTED-B rigsignal-agent[1878]: 2026-07-21T09:27:55.755527Z  INFO rigsignal_agent::session: No game detected — idle polling
2026-07-21T11:28:02.750616+02:00 HOST-REDACTED-B sshd-session[22979]: Accepted publickey for USER-REDACTED from IP-REDACTED port 54638 ssh2: ED25519 SSH-FINGERPRINT-REDACTED
2026-07-21T11:28:02.753765+02:00 HOST-REDACTED-B sshd-session[22979]: pam_unix(sshd:session): session opened for user USER-REDACTED(uid=1000) by USER-REDACTED(uid=0)
2026-07-21T11:28:02.760026+02:00 HOST-REDACTED-B systemd-logind[1274]: New session 10 of user USER-REDACTED.
2026-07-21T11:28:02.782601+02:00 HOST-REDACTED-B systemd[1]: Started Session 10 of User USER-REDACTED.
2026-07-21T11:28:02.841107+02:00 HOST-REDACTED-B sshd-session[22985]: Received disconnect from IP-REDACTED port 54638:11: disconnected by user
2026-07-21T11:28:02.841201+02:00 HOST-REDACTED-B sshd-session[22985]: Disconnected from user USER-REDACTED IP-REDACTED port 54638
2026-07-21T11:28:02.841588+02:00 HOST-REDACTED-B sshd-session[22979]: pam_unix(sshd:session): session closed for user USER-REDACTED
2026-07-21T11:28:02.846748+02:00 HOST-REDACTED-B systemd[1]: session-10.scope: Deactivated successfully.
2026-07-21T11:28:02.848056+02:00 HOST-REDACTED-B systemd-logind[1274]: Removed session 10.
2026-07-21T11:28:08.928875+02:00 HOST-REDACTED-B sshd-session[23099]: Accepted publickey for USER-REDACTED from IP-REDACTED port 60036 ssh2: ED25519 SSH-FINGERPRINT-REDACTED
2026-07-21T11:28:08.932111+02:00 HOST-REDACTED-B sshd-session[23099]: pam_unix(sshd:session): session opened for user USER-REDACTED(uid=1000) by USER-REDACTED(uid=0)
2026-07-21T11:28:08.937853+02:00 HOST-REDACTED-B systemd-logind[1274]: New session 11 of user USER-REDACTED.
2026-07-21T11:28:08.955602+02:00 HOST-REDACTED-B systemd[1]: Started Session 11 of User USER-REDACTED.
2026-07-21T11:28:27.755625+02:00 HOST-REDACTED-B rigsignal-agent[1878]: 2026-07-21T09:28:27.755605Z  INFO rigsignal_agent::session: No game detected — idle polling
2026-07-21T11:29:02.755563+02:00 HOST-REDACTED-B rigsignal-agent[1878]: 2026-07-21T09:29:02.755488Z  INFO rigsignal_agent::session: No game detected — idle polling
2026-07-21T11:29:36.755713+02:00 HOST-REDACTED-B rigsignal-agent[1878]: 2026-07-21T09:29:36.755691Z  INFO rigsignal_agent::session: No game detected — idle polling
2026-07-21T11:30:09.755417+02:00 HOST-REDACTED-B rigsignal-agent[1878]: 2026-07-21T09:30:09.755394Z  INFO rigsignal_agent::session: No game detected — idle polling
2026-07-21T11:30:43.755425+02:00 HOST-REDACTED-B rigsignal-agent[1878]: 2026-07-21T09:30:43.755405Z  INFO rigsignal_agent::session: No game detected — idle polling
2026-07-21T11:31:17.756196+02:00 HOST-REDACTED-B rigsignal-agent[1878]: 2026-07-21T09:31:17.756177Z  INFO rigsignal_agent::session: No game detected — idle polling
2026-07-21T11:31:52.755787+02:00 HOST-REDACTED-B rigsignal-agent[1878]: 2026-07-21T09:31:52.755737Z  INFO rigsignal_agent::session: No game detected — idle polling
2026-07-21T11:32:26.755515+02:00 HOST-REDACTED-B rigsignal-agent[1878]: 2026-07-21T09:32:26.755484Z  INFO rigsignal_agent::session: No game detected — idle polling
2026-07-21T11:32:59.755394+02:00 HOST-REDACTED-B rigsignal-agent[1878]: 2026-07-21T09:32:59.755376Z  INFO rigsignal_agent::session: No game detected — idle polling
2026-07-21T11:33:32.755967+02:00 HOST-REDACTED-B rigsignal-agent[1878]: 2026-07-21T09:33:32.755946Z  INFO rigsignal_agent::session: No game detected — idle polling
2026-07-21T11:34:06.755828+02:00 HOST-REDACTED-B rigsignal-agent[1878]: 2026-07-21T09:34:06.755808Z  INFO rigsignal_agent::session: No game detected — idle polling
2026-07-21T11:34:39.755420+02:00 HOST-REDACTED-B rigsignal-agent[1878]: 2026-07-21T09:34:39.755400Z  INFO rigsignal_agent::session: No game detected — idle polling
2026-07-21T11:35:12.755757+02:00 HOST-REDACTED-B rigsignal-agent[1878]: 2026-07-21T09:35:12.755736Z  INFO rigsignal_agent::session: No game detected — idle polling
2026-07-21T11:35:45.755589+02:00 HOST-REDACTED-B rigsignal-agent[1878]: 2026-07-21T09:35:45.755569Z  INFO rigsignal_agent::session: No game detected — idle polling
2026-07-21T11:36:18.755506+02:00 HOST-REDACTED-B rigsignal-agent[1878]: 2026-07-21T09:36:18.755456Z  INFO rigsignal_agent::session: No game detected — idle polling
2026-07-21T11:36:48.756018+02:00 HOST-REDACTED-B rigsignal-agent[1878]: 2026-07-21T09:36:48.756000Z  INFO rigsignal_agent::session: No game detected — idle polling
2026-07-21T11:37:22.755617+02:00 HOST-REDACTED-B rigsignal-agent[1878]: 2026-07-21T09:37:22.755592Z  INFO rigsignal_agent::session: No game detected — idle polling
2026-07-21T11:37:55.755344+02:00 HOST-REDACTED-B rigsignal-agent[1878]: 2026-07-21T09:37:55.755291Z  INFO rigsignal_agent::session: No game detected — idle polling
2026-07-21T11:38:09.980664+02:00 HOST-REDACTED-B iwd[1746]: invalid HE capabilities for MAC-REDACTED
2026-07-21T11:38:28.755493+02:00 HOST-REDACTED-B rigsignal-agent[1878]: 2026-07-21T09:38:28.755473Z  INFO rigsignal_agent::session: No game detected — idle polling
2026-07-21T11:39:01.755404+02:00 HOST-REDACTED-B rigsignal-agent[1878]: 2026-07-21T09:39:01.755384Z  INFO rigsignal_agent::session: No game detected — idle polling
2026-07-21T11:39:36.755458+02:00 HOST-REDACTED-B rigsignal-agent[1878]: 2026-07-21T09:39:36.755438Z  INFO rigsignal_agent::session: No game detected — idle polling
2026-07-21T11:40:10.755637+02:00 HOST-REDACTED-B rigsignal-agent[1878]: 2026-07-21T09:40:10.755613Z  INFO rigsignal_agent::session: No game detected — idle polling
2026-07-21T11:40:44.755942+02:00 HOST-REDACTED-B rigsignal-agent[1878]: 2026-07-21T09:40:44.755893Z  INFO rigsignal_agent::session: No game detected — idle polling
2026-07-21T11:41:19.755452+02:00 HOST-REDACTED-B rigsignal-agent[1878]: 2026-07-21T09:41:19.755429Z  INFO rigsignal_agent::session: No game detected — idle polling
2026-07-21T11:41:50.755510+02:00 HOST-REDACTED-B rigsignal-agent[1878]: 2026-07-21T09:41:50.755486Z  INFO rigsignal_agent::session: No game detected — idle polling
2026-07-21T11:42:23.755637+02:00 HOST-REDACTED-B rigsignal-agent[1878]: 2026-07-21T09:42:23.755584Z  INFO rigsignal_agent::session: No game detected — idle polling
2026-07-21T11:42:55.755304+02:00 HOST-REDACTED-B rigsignal-agent[1878]: 2026-07-21T09:42:55.755283Z  INFO rigsignal_agent::session: No game detected — idle polling
2026-07-21T11:43:25.756133+02:00 HOST-REDACTED-B rigsignal-agent[1878]: 2026-07-21T09:43:25.756111Z  INFO rigsignal_agent::session: No game detected — idle polling
2026-07-21T11:43:59.755470+02:00 HOST-REDACTED-B rigsignal-agent[1878]: 2026-07-21T09:43:59.755452Z  INFO rigsignal_agent::session: No game detected — idle polling
2026-07-21T11:44:33.755493+02:00 HOST-REDACTED-B rigsignal-agent[1878]: 2026-07-21T09:44:33.755471Z  INFO rigsignal_agent::session: No game detected — idle polling
2026-07-21T11:45:07.755662+02:00 HOST-REDACTED-B rigsignal-agent[1878]: 2026-07-21T09:45:07.755640Z  INFO rigsignal_agent::session: No game detected — idle polling
2026-07-21T11:45:39.755558+02:00 HOST-REDACTED-B rigsignal-agent[1878]: 2026-07-21T09:45:39.755514Z  INFO rigsignal_agent::session: No game detected — idle polling
2026-07-21T11:46:13.755549+02:00 HOST-REDACTED-B rigsignal-agent[1878]: 2026-07-21T09:46:13.755527Z  INFO rigsignal_agent::session: No game detected — idle polling
2026-07-21T11:46:46.755505+02:00 HOST-REDACTED-B rigsignal-agent[1878]: 2026-07-21T09:46:46.755448Z  INFO rigsignal_agent::session: No game detected — idle polling
2026-07-21T11:47:20.755992+02:00 HOST-REDACTED-B rigsignal-agent[1878]: 2026-07-21T09:47:20.755972Z  INFO rigsignal_agent::session: No game detected — idle polling
2026-07-21T11:47:28.773398+02:00 HOST-REDACTED-B gamescope-session[2042]: [gamescope] [Info]  wlserver: Got change event for KMS device
2026-07-21T11:47:28.774421+02:00 HOST-REDACTED-B gamescope-session[2042]: [gamescope] [Info]  drm: current connector 'HDMI-A-2' disconnected
2026-07-21T11:47:28.774421+02:00 HOST-REDACTED-B gamescope-session[2042]: [gamescope] [Info]  drm: cannot find any connected connector!
2026-07-21T11:47:28.774452+02:00 HOST-REDACTED-B gamescope-session[2042]: [gamescope] [Info]  wlserver: Updating mode for xwayland server #0: 1280x720@60
2026-07-21T11:47:28.775363+02:00 HOST-REDACTED-B gamescope-session[2042]: [gamescope] [Info]  wlserver: Updating mode for xwayland server #0: 1280x720@60
2026-07-21T11:47:30.122530+02:00 HOST-REDACTED-B kernel: HDR SB:eb 02 00 60 88 08 39 c8 31 91 88 fe 1c df 0a 09
2026-07-21T11:47:30.123585+02:00 HOST-REDACTED-B kernel: HDR SB:3d 47 40 1f 03 00 00 1f 03 1f 03 00 00 00 00 00
2026-07-21T11:47:30.224938+02:00 HOST-REDACTED-B gamescope-session[2042]: [gamescope] [Info]  wlserver: Got change event for KMS device
2026-07-21T11:47:30.300283+02:00 HOST-REDACTED-B gamescope-session[2042]: [gamescope] [Info]  drm: Connector HDMI-A-2 -> SAM - QCQ95S
2026-07-21T11:47:30.300358+02:00 HOST-REDACTED-B gamescope-session[2042]: [gamescope] [Info]  drm: [colorimetry]: EDID with colorimetry detected. Using it
2026-07-21T11:47:30.300358+02:00 HOST-REDACTED-B gamescope-session[2042]: [gamescope] [Info]  drm: [colorimetry]: r 0.698242 0.291992
2026-07-21T11:47:30.300358+02:00 HOST-REDACTED-B gamescope-session[2042]: [gamescope] [Info]  drm: [colorimetry]: g 0.254883 0.699219
2026-07-21T11:47:30.300358+02:00 HOST-REDACTED-B gamescope-session[2042]: [gamescope] [Info]  drm: [colorimetry]: b 0.148438 0.055664
2026-07-21T11:47:30.300358+02:00 HOST-REDACTED-B gamescope-session[2042]: [gamescope] [Info]  drm: [colorimetry]: w 0.312500 0.329102
2026-07-21T11:47:30.301283+02:00 HOST-REDACTED-B gamescope-session[2042]: [gamescope] [Info]  drm: selecting connector HDMI-A-2
2026-07-21T11:47:30.301320+02:00 HOST-REDACTED-B gamescope-session[2042]: [gamescope] [Info]  drm: selecting mode 3840x2160@120Hz
2026-07-21T11:47:30.301435+02:00 HOST-REDACTED-B gamescope-session[2042]: [gamescope] [Info]  edid: Wrote new edid to: /<USER-REDACTED>/.config/gamescope/edid.bin
2026-07-21T11:47:30.301455+02:00 HOST-REDACTED-B gamescope-session[2042]: [gamescope] [Info]  wlserver: Updating mode for xwayland server #0: 3840x2160@120
2026-07-21T11:47:30.302791+02:00 HOST-REDACTED-B gamescope-session[2042]: [gamescope] [Info]  wlserver: Updating mode for xwayland server #0: 3840x2160@120
2026-07-21T11:47:30.382531+02:00 HOST-REDACTED-B kernel: amdgpu 0000:09:00.0: [drm] CRB Config Warning: DET size (8,3,14,0) + Compbuf size (1) >  CRB segments (21)
2026-07-21T11:47:30.384528+02:00 HOST-REDACTED-B kernel: amdgpu 0000:09:00.0: [drm] CRB Config Warning: DET size (8,2,14,0) + Compbuf size (1) >  CRB segments (21)
2026-07-21T11:47:52.755755+02:00 HOST-REDACTED-B rigsignal-agent[1878]: 2026-07-21T09:47:52.755735Z  INFO rigsignal_agent::session: No game detected — idle polling
2026-07-21T11:48:16.717740+02:00 HOST-REDACTED-B iwd[1746]: invalid HE capabilities for MAC-REDACTED
2026-07-21T11:48:25.755627+02:00 HOST-REDACTED-B rigsignal-agent[1878]: 2026-07-21T09:48:25.755604Z  INFO rigsignal_agent::session: No game detected — idle polling
2026-07-21T11:48:59.755445+02:00 HOST-REDACTED-B rigsignal-agent[1878]: 2026-07-21T09:48:59.755422Z  INFO rigsignal_agent::session: No game detected — idle polling
2026-07-21T11:49:33.755345+02:00 HOST-REDACTED-B rigsignal-agent[1878]: 2026-07-21T09:49:33.755325Z  INFO rigsignal_agent::session: No game detected — idle polling
2026-07-21T11:50:06.755393+02:00 HOST-REDACTED-B rigsignal-agent[1878]: 2026-07-21T09:50:06.755341Z  INFO rigsignal_agent::session: No game detected — idle polling
2026-07-21T11:50:39.755671+02:00 HOST-REDACTED-B rigsignal-agent[1878]: 2026-07-21T09:50:39.755648Z  INFO rigsignal_agent::session: No game detected — idle polling
2026-07-21T11:51:12.756118+02:00 HOST-REDACTED-B rigsignal-agent[1878]: 2026-07-21T09:51:12.756067Z  INFO rigsignal_agent::session: No game detected — idle polling
2026-07-21T11:51:46.756177+02:00 HOST-REDACTED-B rigsignal-agent[1878]: 2026-07-21T09:51:46.756156Z  INFO rigsignal_agent::session: No game detected — idle polling
2026-07-21T11:52:18.755408+02:00 HOST-REDACTED-B rigsignal-agent[1878]: 2026-07-21T09:52:18.755386Z  INFO rigsignal_agent::session: No game detected — idle polling
2026-07-21T11:52:52.755568+02:00 HOST-REDACTED-B rigsignal-agent[1878]: 2026-07-21T09:52:52.755500Z  INFO rigsignal_agent::session: No game detected — idle polling
2026-07-21T11:53:20.098666+02:00 HOST-REDACTED-B iwd[1746]: invalid HE capabilities for MAC-REDACTED
2026-07-21T11:53:20.099955+02:00 HOST-REDACTED-B iwd[1746]: invalid HE capabilities for MAC-REDACTED
2026-07-21T11:53:23.756013+02:00 HOST-REDACTED-B rigsignal-agent[1878]: 2026-07-21T09:53:23.755993Z  INFO rigsignal_agent::session: No game detected — idle polling
2026-07-21T11:53:57.755740+02:00 HOST-REDACTED-B rigsignal-agent[1878]: 2026-07-21T09:53:57.755719Z  INFO rigsignal_agent::session: No game detected — idle polling
2026-07-21T11:54:29.755503+02:00 HOST-REDACTED-B rigsignal-agent[1878]: 2026-07-21T09:54:29.755451Z  INFO rigsignal_agent::session: No game detected — idle polling
2026-07-21T11:55:02.755715+02:00 HOST-REDACTED-B rigsignal-agent[1878]: 2026-07-21T09:55:02.755690Z  INFO rigsignal_agent::session: No game detected — idle polling
2026-07-21T11:55:35.755912+02:00 HOST-REDACTED-B rigsignal-agent[1878]: 2026-07-21T09:55:35.755892Z  INFO rigsignal_agent::session: No game detected — idle polling
2026-07-21T11:56:08.756049+02:00 HOST-REDACTED-B rigsignal-agent[1878]: 2026-07-21T09:56:08.755998Z  INFO rigsignal_agent::session: No game detected — idle polling
2026-07-21T11:56:41.755153+02:00 HOST-REDACTED-B rigsignal-agent[1878]: 2026-07-21T09:56:41.755133Z  INFO rigsignal_agent::session: No game detected — idle polling
2026-07-21T11:57:12.575908+02:00 HOST-REDACTED-B earlyoom[1229]: mem avail: 22733 of 28530 MiB (79.68%), swap free: 16887 of 16887 MiB (100.00%)
2026-07-21T11:57:13.755434+02:00 HOST-REDACTED-B rigsignal-agent[1878]: 2026-07-21T09:57:13.755411Z  INFO rigsignal_agent::session: No game detected — idle polling
2026-07-21T11:57:48.755370+02:00 HOST-REDACTED-B rigsignal-agent[1878]: 2026-07-21T09:57:48.755351Z  INFO rigsignal_agent::session: No game detected — idle polling
2026-07-21T11:58:20.761538+02:00 HOST-REDACTED-B rigsignal-agent[1878]: 2026-07-21T09:58:20.761130Z  INFO rigsignal_agent::session: No game detected — idle polling
2026-07-21T11:58:53.755470+02:00 HOST-REDACTED-B rigsignal-agent[1878]: 2026-07-21T09:58:53.755421Z  INFO rigsignal_agent::session: No game detected — idle polling
2026-07-21T11:59:27.755494+02:00 HOST-REDACTED-B rigsignal-agent[1878]: 2026-07-21T09:59:27.755470Z  INFO rigsignal_agent::session: No game detected — idle polling
2026-07-21T11:59:59.755076+02:00 HOST-REDACTED-B rigsignal-agent[1878]: 2026-07-21T09:59:59.755055Z  INFO rigsignal_agent::session: No game detected — idle polling
2026-07-21T12:00:25.536541+02:00 HOST-REDACTED-B systemd[1829]: Starting Prune harvested RigSignal spool files older than 48h...
2026-07-21T12:00:26.017344+02:00 HOST-REDACTED-B rigsignal-spool-retention[56728]: deleted=127 bytes=1401424 skipped=72270 registry=/<USER-REDACTED>/elastic/elastic-agent-9.4.3-linux-x86_64/data/elastic-agent-1bfb56/run/filestream-default/registry/filebeat/log.json
2026-07-21T12:00:26.022433+02:00 HOST-REDACTED-B systemd[1829]: Finished Prune harvested RigSignal spool files older than 48h.
2026-07-21T12:00:32.755648+02:00 HOST-REDACTED-B rigsignal-agent[1878]: 2026-07-21T10:00:32.755628Z  INFO rigsignal_agent::session: No game detected — idle polling
2026-07-21T12:01:05.755321+02:00 HOST-REDACTED-B rigsignal-agent[1878]: 2026-07-21T10:01:05.755300Z  INFO rigsignal_agent::session: No game detected — idle polling
2026-07-21T12:01:38.755539+02:00 HOST-REDACTED-B rigsignal-agent[1878]: 2026-07-21T10:01:38.755514Z  INFO rigsignal_agent::session: No game detected — idle polling
2026-07-21T12:02:11.755479+02:00 HOST-REDACTED-B rigsignal-agent[1878]: 2026-07-21T10:02:11.755430Z  INFO rigsignal_agent::session: No game detected — idle polling
2026-07-21T12:02:22.778777+02:00 HOST-REDACTED-B sshd-session[58776]: Accepted publickey for USER-REDACTED from IP-REDACTED port 58840 ssh2: ED25519 SSH-FINGERPRINT-REDACTED
2026-07-21T12:02:22.781898+02:00 HOST-REDACTED-B sshd-session[58776]: pam_unix(sshd:session): session opened for user USER-REDACTED(uid=1000) by USER-REDACTED(uid=0)
2026-07-21T12:02:22.787276+02:00 HOST-REDACTED-B systemd-logind[1274]: New session 12 of user USER-REDACTED.
2026-07-21T12:02:22.796597+02:00 HOST-REDACTED-B systemd[1]: Started Session 12 of User USER-REDACTED.
2026-07-21T12:02:22.879169+02:00 HOST-REDACTED-B sshd-session[58782]: Received disconnect from IP-REDACTED port 58840:11: disconnected by user
2026-07-21T12:02:22.879268+02:00 HOST-REDACTED-B sshd-session[58782]: Disconnected from user USER-REDACTED IP-REDACTED port 58840
2026-07-21T12:02:22.879688+02:00 HOST-REDACTED-B sshd-session[58776]: pam_unix(sshd:session): session closed for user USER-REDACTED
2026-07-21T12:02:22.885017+02:00 HOST-REDACTED-B systemd[1]: session-12.scope: Deactivated successfully.
2026-07-21T12:02:22.886335+02:00 HOST-REDACTED-B systemd-logind[1274]: Removed session 12.
2026-07-21T12:02:45.755357+02:00 HOST-REDACTED-B rigsignal-agent[1878]: 2026-07-21T10:02:45.755337Z  INFO rigsignal_agent::session: No game detected — idle polling
2026-07-21T12:03:19.755435+02:00 HOST-REDACTED-B rigsignal-agent[1878]: 2026-07-21T10:03:19.755385Z  INFO rigsignal_agent::session: No game detected — idle polling
2026-07-21T12:03:26.822708+02:00 HOST-REDACTED-B iwd[1746]: invalid HE capabilities for MAC-REDACTED
2026-07-21T12:03:52.755844+02:00 HOST-REDACTED-B rigsignal-agent[1878]: 2026-07-21T10:03:52.755823Z  INFO rigsignal_agent::session: No game detected — idle polling
2026-07-21T12:04:27.755629+02:00 HOST-REDACTED-B rigsignal-agent[1878]: 2026-07-21T10:04:27.755606Z  INFO rigsignal_agent::session: No game detected — idle polling
2026-07-21T12:05:01.756065+02:00 HOST-REDACTED-B rigsignal-agent[1878]: 2026-07-21T10:05:01.756015Z  INFO rigsignal_agent::session: No game detected — idle polling
2026-07-21T12:05:33.755647+02:00 HOST-REDACTED-B rigsignal-agent[1878]: 2026-07-21T10:05:33.755627Z  INFO rigsignal_agent::session: No game detected — idle polling
2026-07-21T12:06:06.755515+02:00 HOST-REDACTED-B rigsignal-agent[1878]: 2026-07-21T10:06:06.755495Z  INFO rigsignal_agent::session: No game detected — idle polling
2026-07-21T12:06:39.755390+02:00 HOST-REDACTED-B rigsignal-agent[1878]: 2026-07-21T10:06:39.755368Z  INFO rigsignal_agent::session: No game detected — idle polling
2026-07-21T12:07:12.755640+02:00 HOST-REDACTED-B rigsignal-agent[1878]: 2026-07-21T10:07:12.755620Z  INFO rigsignal_agent::session: No game detected — idle polling
2026-07-21T12:07:44.759597+02:00 HOST-REDACTED-B rigsignal-agent[1878]: 2026-07-21T10:07:44.758645Z  INFO rigsignal_agent::session: No game detected — idle polling
2026-07-21T12:08:17.756069+02:00 HOST-REDACTED-B rigsignal-agent[1878]: 2026-07-21T10:08:17.756046Z  INFO rigsignal_agent::session: No game detected — idle polling
2026-07-21T12:08:50.756250+02:00 HOST-REDACTED-B rigsignal-agent[1878]: 2026-07-21T10:08:50.756231Z  INFO rigsignal_agent::session: No game detected — idle polling
2026-07-21T12:09:23.755534+02:00 HOST-REDACTED-B rigsignal-agent[1878]: 2026-07-21T10:09:23.755472Z  INFO rigsignal_agent::session: No game detected — idle polling
2026-07-21T12:09:56.755590+02:00 HOST-REDACTED-B rigsignal-agent[1878]: 2026-07-21T10:09:56.755570Z  INFO rigsignal_agent::session: No game detected — idle polling
2026-07-21T12:10:29.756001+02:00 HOST-REDACTED-B rigsignal-agent[1878]: 2026-07-21T10:10:29.755981Z  INFO rigsignal_agent::session: No game detected — idle polling
2026-07-21T12:11:04.755855+02:00 HOST-REDACTED-B rigsignal-agent[1878]: 2026-07-21T10:11:04.755835Z  INFO rigsignal_agent::session: No game detected — idle polling
2026-07-21T12:11:37.756169+02:00 HOST-REDACTED-B rigsignal-agent[1878]: 2026-07-21T10:11:37.756147Z  INFO rigsignal_agent::session: No game detected — idle polling
2026-07-21T12:12:12.755752+02:00 HOST-REDACTED-B rigsignal-agent[1878]: 2026-07-21T10:12:12.755701Z  INFO rigsignal_agent::session: No game detected — idle polling
2026-07-21T12:12:45.755534+02:00 HOST-REDACTED-B rigsignal-agent[1878]: 2026-07-21T10:12:45.755510Z  INFO rigsignal_agent::session: No game detected — idle polling
2026-07-21T12:13:17.755798+02:00 HOST-REDACTED-B rigsignal-agent[1878]: 2026-07-21T10:13:17.755776Z  INFO rigsignal_agent::session: No game detected — idle polling
2026-07-21T12:13:33.535736+02:00 HOST-REDACTED-B iwd[1746]: invalid HE capabilities for MAC-REDACTED
2026-07-21T12:13:49.755727+02:00 HOST-REDACTED-B rigsignal-agent[1878]: 2026-07-21T10:13:49.755672Z  INFO rigsignal_agent::session: No game detected — idle polling
2026-07-21T12:14:23.755811+02:00 HOST-REDACTED-B rigsignal-agent[1878]: 2026-07-21T10:14:23.755790Z  INFO rigsignal_agent::session: No game detected — idle polling
2026-07-21T12:14:56.756100+02:00 HOST-REDACTED-B rigsignal-agent[1878]: 2026-07-21T10:14:56.756080Z  INFO rigsignal_agent::session: No game detected — idle polling
2026-07-21T12:15:30.755693+02:00 HOST-REDACTED-B rigsignal-agent[1878]: 2026-07-21T10:15:30.755633Z  INFO rigsignal_agent::session: No game detected — idle polling
2026-07-21T12:16:03.755451+02:00 HOST-REDACTED-B rigsignal-agent[1878]: 2026-07-21T10:16:03.755428Z  INFO rigsignal_agent::session: No game detected — idle polling
2026-07-21T12:16:37.755130+02:00 HOST-REDACTED-B rigsignal-agent[1878]: 2026-07-21T10:16:37.755108Z  INFO rigsignal_agent::session: No game detected — idle polling
2026-07-21T12:17:09.755391+02:00 HOST-REDACTED-B rigsignal-agent[1878]: 2026-07-21T10:17:09.755340Z  INFO rigsignal_agent::session: No game detected — idle polling
2026-07-21T12:17:42.755562+02:00 HOST-REDACTED-B rigsignal-agent[1878]: 2026-07-21T10:17:42.755542Z  INFO rigsignal_agent::session: No game detected — idle polling
2026-07-21T12:18:15.755786+02:00 HOST-REDACTED-B rigsignal-agent[1878]: 2026-07-21T10:18:15.755735Z  INFO rigsignal_agent::session: No game detected — idle polling
2026-07-21T12:18:36.891746+02:00 HOST-REDACTED-B iwd[1746]: invalid HE capabilities for MAC-REDACTED
2026-07-21T12:18:36.891746+02:00 HOST-REDACTED-B iwd[1746]: invalid HE capabilities for MAC-REDACTED
2026-07-21T12:18:48.755405+02:00 HOST-REDACTED-B rigsignal-agent[1878]: 2026-07-21T10:18:48.755385Z  INFO rigsignal_agent::session: No game detected — idle polling
2026-07-21T12:19:21.755813+02:00 HOST-REDACTED-B rigsignal-agent[1878]: 2026-07-21T10:19:21.755794Z  INFO rigsignal_agent::session: No game detected — idle polling
2026-07-21T12:19:55.755404+02:00 HOST-REDACTED-B rigsignal-agent[1878]: 2026-07-21T10:19:55.755354Z  INFO rigsignal_agent::session: No game detected — idle polling
2026-07-21T12:20:27.756415+02:00 HOST-REDACTED-B rigsignal-agent[1878]: 2026-07-21T10:20:27.756395Z  INFO rigsignal_agent::session: No game detected — idle polling
2026-07-21T12:21:00.755897+02:00 HOST-REDACTED-B rigsignal-agent[1878]: 2026-07-21T10:21:00.755878Z  INFO rigsignal_agent::session: No game detected — idle polling
2026-07-21T12:21:34.755613+02:00 HOST-REDACTED-B rigsignal-agent[1878]: 2026-07-21T10:21:34.755593Z  INFO rigsignal_agent::session: No game detected — idle polling
2026-07-21T12:22:07.756103+02:00 HOST-REDACTED-B rigsignal-agent[1878]: 2026-07-21T10:22:07.756083Z  INFO rigsignal_agent::session: No game detected — idle polling
2026-07-21T12:22:41.756115+02:00 HOST-REDACTED-B rigsignal-agent[1878]: 2026-07-21T10:22:41.756066Z  INFO rigsignal_agent::session: No game detected — idle polling
2026-07-21T12:23:16.755834+02:00 HOST-REDACTED-B rigsignal-agent[1878]: 2026-07-21T10:23:16.755815Z  INFO rigsignal_agent::session: No game detected — idle polling
2026-07-21T12:23:50.755646+02:00 HOST-REDACTED-B rigsignal-agent[1878]: 2026-07-21T10:23:50.755625Z  INFO rigsignal_agent::session: No game detected — idle polling
2026-07-21T12:24:23.755795+02:00 HOST-REDACTED-B rigsignal-agent[1878]: 2026-07-21T10:24:23.755743Z  INFO rigsignal_agent::session: No game detected — idle polling
2026-07-21T12:24:51.232533+02:00 HOST-REDACTED-B kernel: amdgpu 0000:09:00.0: [drm] CRB Config Warning: DET size (11,2,8,0) + Compbuf size (1) >  CRB segments (21)
2026-07-21T12:24:51.295427+02:00 HOST-REDACTED-B gamescope-session[2042]: [gamescope] [Warn]  xwm: got the same buffer committed twice, ignoring.
2026-07-21T12:24:51.295427+02:00 HOST-REDACTED-B gamescope-session[2042]: [gamescope] [Warn]  xwm: got the same buffer committed twice, ignoring.
2026-07-21T12:24:52.301346+02:00 HOST-REDACTED-B systemd[1]: Starting Time & Date Service...
2026-07-21T12:24:52.349872+02:00 HOST-REDACTED-B systemd[1]: Started Time & Date Service.
2026-07-21T12:24:52.352649+02:00 HOST-REDACTED-B systemd[1829]: steam-launcher.service: Got notification message from PID 82233, but reception is disabled
2026-07-21T12:24:52.361826+02:00 HOST-REDACTED-B systemd[1829]: steam-launcher.service: Got notification message from PID 82238, but reception is disabled
2026-07-21T12:24:57.756091+02:00 HOST-REDACTED-B rigsignal-agent[1878]: 2026-07-21T10:24:57.756067Z  INFO rigsignal_agent::session: No game detected — idle polling
2026-07-21T12:25:02.245531+02:00 HOST-REDACTED-B steam[2217]: reaping pid: 9817 -- IPC:CSteamEngin
2026-07-21T12:25:22.393118+02:00 HOST-REDACTED-B systemd[1]: systemd-timedated.service: Deactivated successfully.
2026-07-21T12:25:31.755763+02:00 HOST-REDACTED-B rigsignal-agent[1878]: 2026-07-21T10:25:31.755744Z  INFO rigsignal_agent::session: No game detected — idle polling
2026-07-21T12:26:05.755709+02:00 HOST-REDACTED-B rigsignal-agent[1878]: 2026-07-21T10:26:05.755657Z  INFO rigsignal_agent::session: No game detected — idle polling
2026-07-21T12:26:30.193908+02:00 HOST-REDACTED-B sshd-session[83974]: Accepted publickey for USER-REDACTED from IP-REDACTED port 57354 ssh2: ED25519 SSH-FINGERPRINT-REDACTED
2026-07-21T12:26:30.197004+02:00 HOST-REDACTED-B sshd-session[83974]: pam_unix(sshd:session): session opened for user USER-REDACTED(uid=1000) by USER-REDACTED(uid=0)
2026-07-21T12:26:30.202771+02:00 HOST-REDACTED-B systemd-logind[1274]: New session 13 of user USER-REDACTED.
2026-07-21T12:26:30.216596+02:00 HOST-REDACTED-B systemd[1]: Started Session 13 of User USER-REDACTED.
2026-07-21T12:26:30.279392+02:00 HOST-REDACTED-B sshd-session[83980]: Received disconnect from IP-REDACTED port 57354:11: disconnected by user
2026-07-21T12:26:30.279494+02:00 HOST-REDACTED-B sshd-session[83980]: Disconnected from user USER-REDACTED IP-REDACTED port 57354
2026-07-21T12:26:30.279880+02:00 HOST-REDACTED-B sshd-session[83974]: pam_unix(sshd:session): session closed for user USER-REDACTED
2026-07-21T12:26:30.285148+02:00 HOST-REDACTED-B systemd[1]: session-13.scope: Deactivated successfully.
2026-07-21T12:26:30.286318+02:00 HOST-REDACTED-B systemd-logind[1274]: Removed session 13.
2026-07-21T12:26:38.755789+02:00 HOST-REDACTED-B rigsignal-agent[1878]: 2026-07-21T10:26:38.755764Z  INFO rigsignal_agent::session: No game detected — idle polling
2026-07-21T12:27:11.755546+02:00 HOST-REDACTED-B rigsignal-agent[1878]: 2026-07-21T10:27:11.755481Z  INFO rigsignal_agent::session: No game detected — idle polling
2026-07-21T12:27:30.960271+02:00 HOST-REDACTED-B pkexec[85052]: pam_unix(polkit-1:session): session opened for user root(uid=0) by USER-REDACTED(uid=1000)
2026-07-21T12:27:30.963690+02:00 HOST-REDACTED-B pkexec[85052]: USER-REDACTED: Executing command [USER=root] [TTY=unknown] [CWD=/<USER-REDACTED>/.local/share/Steam] [COMMAND=/usr/bin/steamos-polkit-helpers/steamos-select-branch rel]
2026-07-21T12:27:31.035696+02:00 HOST-REDACTED-B steam[2217]: [2026-07-21 12:27:31] Background update loop checking for update. . .
2026-07-21T12:27:31.035979+02:00 HOST-REDACTED-B steam[2217]: [2026-07-21 12:27:31] Downloading manifest: https://client-update.fastly.steamstatic.com/steam_client_steamdeck_publicbeta_ubuntu12?t=3440015739
2026-07-21T12:27:31.085476+02:00 HOST-REDACTED-B steam[2217]: [2026-07-21 12:27:31] Manifest download: send request
2026-07-21T12:27:31.285996+02:00 HOST-REDACTED-B steam[2217]: [2026-07-21 12:27:31] Manifest download: waiting for download to finish
2026-07-21T12:27:31.786110+02:00 HOST-REDACTED-B steam[2217]: [2026-07-21 12:27:31] Manifest download: finished
2026-07-21T12:27:31.786177+02:00 HOST-REDACTED-B steam[2217]: [2026-07-21 12:27:31] Download skipped by HTTP 304 Not Modified
2026-07-21T12:27:31.786177+02:00 HOST-REDACTED-B steam[2217]: [2026-07-21 12:27:31] Nothing to do
2026-07-21T12:27:31.920355+02:00 HOST-REDACTED-B pkexec[85086]: pam_unix(polkit-1:session): session opened for user root(uid=0) by USER-REDACTED(uid=1000)
2026-07-21T12:27:31.923616+02:00 HOST-REDACTED-B pkexec[85086]: USER-REDACTED: Executing command [USER=root] [TTY=unknown] [CWD=/<USER-REDACTED>/.local/share/Steam] [COMMAND=/usr/bin/steamos-polkit-helpers/steamos-update --enable-duplicate-detection check]
2026-07-21T12:27:32.245399+02:00 HOST-REDACTED-B steam[2217]: [2026-07-21 12:27:32] Client beta changed from 'steamdeck_publicbeta' to 'steamdeck_stable'
2026-07-21T12:27:32.247556+02:00 HOST-REDACTED-B steam[2217]: [2026-07-21 12:27:32] Background update loop checking for update. . .
2026-07-21T12:27:32.247898+02:00 HOST-REDACTED-B steam[2217]: [2026-07-21 12:27:32] Downloading manifest: https://client-update.fastly.steamstatic.com/steam_client_steamdeck_stable_ubuntu12?t=3440015739
2026-07-21T12:27:32.297904+02:00 HOST-REDACTED-B steam[2217]: [2026-07-21 12:27:32] Manifest download: send request
2026-07-21T12:27:32.498079+02:00 HOST-REDACTED-B steam[2217]: [2026-07-21 12:27:32] Manifest download: waiting for download to finish
2026-07-21T12:27:32.748170+02:00 HOST-REDACTED-B steam[2217]: [2026-07-21 12:27:32] Manifest download: finished
2026-07-21T12:27:32.748170+02:00 HOST-REDACTED-B steam[2217]: [2026-07-21 12:27:32] Download skipped by HTTP 304 Not Modified
2026-07-21T12:27:32.748170+02:00 HOST-REDACTED-B steam[2217]: [2026-07-21 12:27:32] Nothing to do
2026-07-21T12:27:33.623688+02:00 HOST-REDACTED-B systemd-logind[1274]: The system will reboot now!
2026-07-21T12:27:33.623916+02:00 HOST-REDACTED-B systemd-logind[1274]: System is rebooting.
2026-07-21T12:27:33.626817+02:00 HOST-REDACTED-B steam[2217]: method return time=1784629653.626696 sender=:1.8 -> destination=:1.125 serial=350 reply_serial=2
2026-07-21T12:27:33.631270+02:00 HOST-REDACTED-B systemd[1]: Stopping Session 11 of User USER-REDACTED...
2026-07-21T12:27:33.631470+02:00 HOST-REDACTED-B sddm-helper[1918]: Signal received: SIGTERM
2026-07-21T12:27:33.631550+02:00 HOST-REDACTED-B sshd-session[23099]: error: mm_reap: preauth child terminated by signal 15
2026-07-21T12:27:33.631666+02:00 HOST-REDACTED-B sshd-session[23099]: pam_unix(sshd:session): session closed for user USER-REDACTED
2026-07-21T12:27:33.632303+02:00 HOST-REDACTED-B systemd[1]: Stopping Session 2 of User USER-REDACTED...
2026-07-21T12:27:33.632574+02:00 HOST-REDACTED-B systemd[1]: Removed slice Slice /system/getty.
2026-07-21T12:27:33.633214+02:00 HOST-REDACTED-B systemd[1]: Removed slice Slice /system/modprobe.
2026-07-21T12:27:33.633529+02:00 HOST-REDACTED-B systemd[1]: proc-sys-fs-binfmt_misc.automount: Deactivated successfully.
2026-07-21T12:27:33.633924+02:00 HOST-REDACTED-B sddm[1874]: Authentication error: SDDM::Auth::ERROR_INTERNAL "Process crashed"
2026-07-21T12:27:33.633939+02:00 HOST-REDACTED-B systemd[1]: Unset automount Arbitrary Executable File Formats File System Automount Point.
2026-07-21T12:27:33.633945+02:00 HOST-REDACTED-B sddm[1874]: Auth: sddm-helper (--socket /tmp/sddm-auth-UUID-REDACTED --id 1 --start start-gamescope-session --user USER-REDACTED --autologin) crashed (exit code 1)
2026-07-21T12:27:33.633952+02:00 HOST-REDACTED-B sddm[1874]: Authentication error: SDDM::Auth::ERROR_INTERNAL "Process crashed"
2026-07-21T12:27:33.633958+02:00 HOST-REDACTED-B sddm[1874]: Auth: sddm-helper exited with 1
2026-07-21T12:27:33.634043+02:00 HOST-REDACTED-B systemd[1]: Stopped target Bluetooth Support.
2026-07-21T12:27:33.634113+02:00 HOST-REDACTED-B systemd[1]: Stopped target Local Encrypted Volumes.
2026-07-21T12:27:33.634192+02:00 HOST-REDACTED-B systemd[1]: Stopped target Local Integrity Protected Volumes.
2026-07-21T12:27:33.634285+02:00 HOST-REDACTED-B systemd[1]: Stopped target Host and Network Name Lookups.
2026-07-21T12:27:33.634372+02:00 HOST-REDACTED-B systemd[1]: Stopped target Sound Card.
2026-07-21T12:27:33.634437+02:00 HOST-REDACTED-B systemd[1]: Stopped target SSH Access Available.
2026-07-21T12:27:33.634509+02:00 HOST-REDACTED-B systemd[1]: Stopped target SteamOS Offload.
2026-07-21T12:27:33.634586+02:00 HOST-REDACTED-B systemd[1]: Stopped target Timer Units.
2026-07-21T12:27:33.634631+02:00 HOST-REDACTED-B systemd[1]: mandoc.timer: Deactivated successfully.
2026-07-21T12:27:33.634673+02:00 HOST-REDACTED-B systemd[1]: Stopped Daily manpage database update.
2026-07-21T12:27:33.634716+02:00 HOST-REDACTED-B systemd[1]: shadow.timer: Deactivated successfully.
2026-07-21T12:27:33.634751+02:00 HOST-REDACTED-B systemd[1]: Stopped Daily verification of password and group files.
2026-07-21T12:27:33.634793+02:00 HOST-REDACTED-B systemd[1]: systemd-tmpfiles-clean.timer: Deactivated successfully.
2026-07-21T12:27:33.634830+02:00 HOST-REDACTED-B systemd[1]: Stopped Daily Cleanup of Temporary Directories.
2026-07-21T12:27:33.634900+02:00 HOST-REDACTED-B systemd[1]: Stopped target System Time Set.
2026-07-21T12:27:33.634967+02:00 HOST-REDACTED-B systemd[1]: Stopped target Trusted Platform Module.
2026-07-21T12:27:33.635036+02:00 HOST-REDACTED-B systemd[1]: Stopped target Local Verity Protected Volumes.
2026-07-21T12:27:33.635134+02:00 HOST-REDACTED-B systemd[1]: lvm2-lvmpolld.socket: Deactivated successfully.
2026-07-21T12:27:33.635229+02:00 HOST-REDACTED-B systemd[1]: Closed LVM2 poll daemon socket.
2026-07-21T12:27:33.635329+02:00 HOST-REDACTED-B systemd[1]: systemd-rfkill.socket: Deactivated successfully.
2026-07-21T12:27:33.635404+02:00 HOST-REDACTED-B systemd[1]: Closed Load/Save RF Kill Switch Status /dev/rfkill Watch.
2026-07-21T12:27:33.636005+02:00 HOST-REDACTED-B systemd[1]: Unmounting /esp...
2026-07-21T12:27:33.636218+02:00 HOST-REDACTED-B systemd[1]: Stopping Atomic Update Daemon...
2026-07-21T12:27:33.636279+02:00 HOST-REDACTED-B bluetoothd[1231]: Terminating
2026-07-21T12:27:33.636351+02:00 HOST-REDACTED-B systemd[1]: Stopping Bluetooth service...
2026-07-21T12:27:33.636382+02:00 HOST-REDACTED-B systemd[1]: kdumpst-init.service: Deactivated successfully.
2026-07-21T12:27:33.636479+02:00 HOST-REDACTED-B systemd[1]: Stopped kdumpst loader boot-time service.
2026-07-21T12:27:33.637592+02:00 HOST-REDACTED-B systemd[1]: Starting Generate shutdown-ramfs...
2026-07-21T12:27:33.637764+02:00 HOST-REDACTED-B systemd[1]: Stopping RealtimeKit Scheduling Policy Service...
2026-07-21T12:27:33.637858+02:00 HOST-REDACTED-B systemd[1]: steamos-boot.service: Deactivated successfully.
2026-07-21T12:27:33.637968+02:00 HOST-REDACTED-B systemd[1]: Stopped SteamOS Boot Registration.
2026-07-21T12:27:33.638091+02:00 HOST-REDACTED-B systemd[1]: Stopped target Graphical Interface.
2026-07-21T12:27:33.638175+02:00 HOST-REDACTED-B systemd[1]: Stopped target Multi-User System.
2026-07-21T12:27:33.638262+02:00 HOST-REDACTED-B systemd[1]: Stopped target Login Prompts.
2026-07-21T12:27:33.638808+02:00 HOST-REDACTED-B systemd[1]: Unmounting /efi...
2026-07-21T12:27:33.638934+02:00 HOST-REDACTED-B systemd[1]: Stopping Early OOM Daemon...
2026-07-21T12:27:33.638976+02:00 HOST-REDACTED-B avahi-daemon[1230]: Got SIGTERM, quitting.
2026-07-21T12:27:33.639013+02:00 HOST-REDACTED-B avahi-daemon[1230]: Leaving mDNS multicast group on interface enp6s0.IPv6 with address 2001:db8::1.
2026-07-21T12:27:33.639168+02:00 HOST-REDACTED-B avahi-daemon[1230]: Leaving mDNS multicast group on interface enp6s0.IPv4 with address IP-REDACTED.
2026-07-21T12:27:33.639278+02:00 HOST-REDACTED-B systemd[1829]: Stopped target Gamescope Session.
2026-07-21T12:27:33.639320+02:00 HOST-REDACTED-B avahi-daemon[1230]: Leaving mDNS multicast group on interface lo.IPv6 with address ::1.
2026-07-21T12:27:33.639332+02:00 HOST-REDACTED-B avahi-daemon[1230]: Leaving mDNS multicast group on interface lo.IPv4 with address 127.0.0.1.
2026-07-21T12:27:33.639543+02:00 HOST-REDACTED-B systemd[1]: Stopping Avahi mDNS/DNS-SD Stack...
2026-07-21T12:27:33.639559+02:00 HOST-REDACTED-B systemd[1]: cec-sysconf.service: Deactivated successfully.
2026-07-21T12:27:33.639651+02:00 HOST-REDACTED-B systemd[1]: Stopped Hardware Specific CEC Configuration.
2026-07-21T12:27:33.639705+02:00 HOST-REDACTED-B systemd[1829]: Stopping Accessibility services bus...
2026-07-21T12:27:33.639834+02:00 HOST-REDACTED-B dbus-broker[3010]: Dispatched 18 messages @ 4(±4)μs / message.
2026-07-21T12:27:33.639934+02:00 HOST-REDACTED-B systemd[1829]: Stopping mangoapp...
2026-07-21T12:27:33.640028+02:00 HOST-REDACTED-B systemd[1]: Stopping Service for enabling and controlling dmem cgroup limits for boosting foreground games, system-level...
2026-07-21T12:27:33.640136+02:00 HOST-REDACTED-B systemd[1829]: Stopping Xbindkeys for Gamescope session...
2026-07-21T12:27:33.640341+02:00 HOST-REDACTED-B systemd[1829]: Stopping Wrapper for Ibus...
2026-07-21T12:27:33.642545+02:00 HOST-REDACTED-B avahi-daemon[1230]: avahi-daemon 0.8 exiting.
2026-07-21T12:27:33.645046+02:00 HOST-REDACTED-B bluetoothd[1231]: src/device.c:device_disconnected() Unknown disconnection value: 21
2026-07-21T12:27:33.650909+02:00 HOST-REDACTED-B systemd[1]: Stopping GPU performance capture daemon...
2026-07-21T12:27:33.650931+02:00 HOST-REDACTED-B systemd[1]: pipewire-sysconf.service: Deactivated successfully.
2026-07-21T12:27:33.650958+02:00 HOST-REDACTED-B systemd[1829]: Stopping Steam Launcher...
2026-07-21T12:27:33.651069+02:00 HOST-REDACTED-B systemd[1]: Stopped Hardware Specific Pipewire Configuration.
2026-07-21T12:27:33.651184+02:00 HOST-REDACTED-B systemd[1829]: Stopping Steam Notification Daemon...
2026-07-21T12:27:33.651193+02:00 HOST-REDACTED-B systemd[1]: plymouth-quit-wait.service: Deactivated successfully.
2026-07-21T12:27:33.651323+02:00 HOST-REDACTED-B systemd[1]: Stopped Hold until boot process finishes up.
2026-07-21T12:27:33.651444+02:00 HOST-REDACTED-B systemd[1829]: Stopping Power Button daemon for SteamOS...
2026-07-21T12:27:33.651693+02:00 HOST-REDACTED-B systemd[1]: Stopping RigSignal eBPF kernel daemon...
2026-07-21T12:27:33.651784+02:00 HOST-REDACTED-B systemd[1829]: Stopping Portal service (gamescope implementation)...
2026-07-21T12:27:33.651810+02:00 HOST-REDACTED-B sddm[1874]: Signal received: SIGTERM
2026-07-21T12:27:33.651842+02:00 HOST-REDACTED-B systemd[1]: Stopping Simple Desktop Display Manager...
2026-07-21T12:27:33.652009+02:00 HOST-REDACTED-B systemd[1829]: Stopping Portal service (Holo implementation)...
2026-07-21T12:27:33.652317+02:00 HOST-REDACTED-B systemd[1829]: Stopping flatpak document portal service...
2026-07-21T12:27:33.653627+02:00 HOST-REDACTED-B sshd[1811]: Received signal 15; terminating.
2026-07-21T12:27:33.654818+02:00 HOST-REDACTED-B steamos-manager[1253]: 2026-07-21T10:27:33.653678Z  INFO steamos_manager::daemon: Got SIGTERM, shutting down
2026-07-21T12:27:33.654818+02:00 HOST-REDACTED-B steamos-manager[1253]: 2026-07-21T10:27:33.653701Z  INFO steamos_manager::daemon: Shutting down
2026-07-21T12:27:33.654818+02:00 HOST-REDACTED-B steamos-manager[1253]: 2026-07-21T10:27:33.653728Z  INFO steamos_manager: Shutting down sysfs-writer
2026-07-21T12:27:33.654818+02:00 HOST-REDACTED-B steamos-manager[1253]: 2026-07-21T10:27:33.653759Z  INFO steamos_manager: Shutting down inputplumber
2026-07-21T12:27:33.654818+02:00 HOST-REDACTED-B steamos-manager[1253]: 2026-07-21T10:27:33.653809Z  INFO steamos_manager: Shutting down ftrace
2026-07-21T12:27:33.654818+02:00 HOST-REDACTED-B steamos-manager[1253]: 2026-07-21T10:27:33.653885Z  INFO steamos_manager: Shutting down SLS log receiver
2026-07-21T12:27:33.654818+02:00 HOST-REDACTED-B steamos-manager[1253]: 2026-07-21T10:27:33.653994Z  INFO steamos_manager: Shutting down ds-inhibitor
2026-07-21T12:27:33.655072+02:00 HOST-REDACTED-B rigsignal-ebpf[2542]: 2026-07-21T10:27:33.653610Z  INFO rigsignal_ebpf: received SIGTERM — shutting down
2026-07-21T12:27:33.655072+02:00 HOST-REDACTED-B rigsignal-ebpf[2542]: 2026-07-21T10:27:33.654126Z  INFO rigsignal_ebpf: rigsignal-ebpf stopped
2026-07-21T12:27:33.652330+02:00 HOST-REDACTED-B systemd[1]: Stopping OpenSSH Daemon...
2026-07-21T12:27:33.655355+02:00 HOST-REDACTED-B python[1246]: Received SIGUSR1, exiting.
2026-07-21T12:27:33.655355+02:00 HOST-REDACTED-B python[1246]: Shutting down the httpd server
2026-07-21T12:27:33.652357+02:00 HOST-REDACTED-B systemd[1]: steamos-cfs-debugfs-tunings.service: Deactivated successfully.
2026-07-21T12:27:33.652499+02:00 HOST-REDACTED-B systemd[1]: Stopped set multiple CFS tunings in sched debugfs.
2026-07-21T12:27:33.652552+02:00 HOST-REDACTED-B systemd[1829]: Stopping sandboxed app permission store...
2026-07-21T12:27:33.653023+02:00 HOST-REDACTED-B systemd[1]: Stopping "SteamOS Devkit Service"...
2026-07-21T12:27:33.653037+02:00 HOST-REDACTED-B systemd[1]: steamos-dump-info.service: Deactivated successfully.
2026-07-21T12:27:33.653160+02:00 HOST-REDACTED-B systemd[1]: Stopped Append SteamOS info to kernel log.
2026-07-21T12:27:33.653410+02:00 HOST-REDACTED-B systemd[1]: Stopping SteamOS Manager Daemon...
2026-07-21T12:27:33.655455+02:00 HOST-REDACTED-B systemd[1]: Stopping Load/Save OS Random Seed...
2026-07-21T12:27:33.656667+02:00 HOST-REDACTED-B systemd[1]: Stopping Network Time Synchronization...
2026-07-21T12:27:33.656736+02:00 HOST-REDACTED-B systemd[1]: systemd-udev-load-credentials.service: Deactivated successfully.
2026-07-21T12:27:33.656892+02:00 HOST-REDACTED-B systemd[1]: Stopped Load udev Rules from Credentials.
2026-07-21T12:27:33.658210+02:00 HOST-REDACTED-B systemd[1]: Stopping Record System Boot/Shutdown in UTMP...
2026-07-21T12:27:33.658341+02:00 HOST-REDACTED-B systemd[1]: Stopping Disk Manager...
2026-07-21T12:27:33.658472+02:00 HOST-REDACTED-B systemd[1]: Stopping Daemon for power management...
2026-07-21T12:27:33.658488+02:00 HOST-REDACTED-B systemd[1]: wireplumber-sysconf.service: Deactivated successfully.
2026-07-21T12:27:33.658607+02:00 HOST-REDACTED-B systemd[1]: Stopped Hardware Specific Wireplumber Configuration.
2026-07-21T12:27:33.660538+02:00 HOST-REDACTED-B systemd[1829]: Stopped mangoapp.
2026-07-21T12:27:33.660663+02:00 HOST-REDACTED-B systemd[1829]: gamescope-mangoapp.service: Consumed 3min 22.498s CPU time, 40.5M memory peak.
2026-07-21T12:27:33.661606+02:00 HOST-REDACTED-B systemd[1829]: Stopped Xbindkeys for Gamescope session.
2026-07-21T12:27:33.662033+02:00 HOST-REDACTED-B systemd[1]: run-user-1000-doc.mount: Deactivated successfully.
2026-07-21T12:27:33.662076+02:00 HOST-REDACTED-B systemd[1]: Unmounted /run/user/1000/doc.
2026-07-21T12:27:33.662149+02:00 HOST-REDACTED-B systemd[1829]: Stopped Wrapper for Ibus.
2026-07-21T12:27:33.662196+02:00 HOST-REDACTED-B systemd[1]: proc-sys-fs-binfmt_misc.mount: Deactivated successfully.
2026-07-21T12:27:33.662442+02:00 HOST-REDACTED-B systemd[1829]: steam-notif-daemon.service: Main process exited, code=exited, status=1/FAILURE
2026-07-21T12:27:33.662529+02:00 HOST-REDACTED-B kernel: Bluetooth: hci0: ACL packet for unknown connection handle 2
2026-07-21T12:27:33.662549+02:00 HOST-REDACTED-B kernel: Bluetooth: hci0: ACL packet for unknown connection handle 2
2026-07-21T12:27:33.662561+02:00 HOST-REDACTED-B kernel: Bluetooth: hci0: ACL packet for unknown connection handle 2
2026-07-21T12:27:33.662541+02:00 HOST-REDACTED-B systemd[1829]: steam-notif-daemon.service: Failed with result 'exit-code'.
2026-07-21T12:27:33.662768+02:00 HOST-REDACTED-B systemd[1829]: Stopped Steam Notification Daemon.
2026-07-21T12:27:33.663673+02:00 HOST-REDACTED-B systemd[1829]: Stopped sandboxed app permission store.
2026-07-21T12:27:33.664339+02:00 HOST-REDACTED-B systemd[1829]: Stopped flatpak document portal service.
2026-07-21T12:27:33.664426+02:00 HOST-REDACTED-B systemd[1]: earlyoom.service: Deactivated successfully.
2026-07-21T12:27:33.664607+02:00 HOST-REDACTED-B systemd[1]: Stopped Early OOM Daemon.
2026-07-21T12:27:33.664958+02:00 HOST-REDACTED-B systemd[1]: avahi-daemon.service: Deactivated successfully.
2026-07-21T12:27:33.665158+02:00 HOST-REDACTED-B systemd[1829]: Stopped Portal service (Holo implementation).
2026-07-21T12:27:33.665194+02:00 HOST-REDACTED-B systemd[1]: Stopped Avahi mDNS/DNS-SD Stack.
2026-07-21T12:27:33.665473+02:00 HOST-REDACTED-B systemd[1]: dmemcg-booster-system.service: Deactivated successfully.
2026-07-21T12:27:33.665755+02:00 HOST-REDACTED-B systemd[1]: Stopped Service for enabling and controlling dmem cgroup limits for boosting foreground games, system-level.
2026-07-21T12:27:33.665858+02:00 HOST-REDACTED-B systemd[1829]: Stopped Portal service (gamescope implementation).
2026-07-21T12:27:33.665968+02:00 HOST-REDACTED-B systemd[1]: sshd.service: Deactivated successfully.
2026-07-21T12:27:33.666114+02:00 HOST-REDACTED-B systemd[1]: Stopped OpenSSH Daemon.
2026-07-21T12:27:33.666374+02:00 HOST-REDACTED-B systemd[1829]: Stopped Accessibility services bus.
2026-07-21T12:27:33.666382+02:00 HOST-REDACTED-B systemd[1]: sddm.service: Deactivated successfully.
2026-07-21T12:27:33.666528+02:00 HOST-REDACTED-B systemd[1]: Stopped Simple Desktop Display Manager.
2026-07-21T12:27:33.666769+02:00 HOST-REDACTED-B systemd[1]: rtkit-daemon.service: Deactivated successfully.
2026-07-21T12:27:33.666931+02:00 HOST-REDACTED-B systemd[1]: Stopped RealtimeKit Scheduling Policy Service.
2026-07-21T12:27:33.667261+02:00 HOST-REDACTED-B systemd[1]: atomupd.service: Deactivated successfully.
2026-07-21T12:27:33.667398+02:00 HOST-REDACTED-B systemd[1]: Stopped Atomic Update Daemon.
2026-07-21T12:27:33.667696+02:00 HOST-REDACTED-B systemd[1]: esp.mount: Deactivated successfully.
2026-07-21T12:27:33.667891+02:00 HOST-REDACTED-B systemd[1]: Unmounted /esp.
2026-07-21T12:27:33.668298+02:00 HOST-REDACTED-B systemd[1]: upower.service: Deactivated successfully.
2026-07-21T12:27:33.668430+02:00 HOST-REDACTED-B systemd[1]: Stopped Daemon for power management.
2026-07-21T12:27:33.669616+02:00 HOST-REDACTED-B systemd[1]: systemd-timesyncd.service: Deactivated successfully.
2026-07-21T12:27:33.669797+02:00 HOST-REDACTED-B systemd[1]: Stopped Network Time Synchronization.
2026-07-21T12:27:33.669804+02:00 HOST-REDACTED-B udisksd[3460]: udisks daemon version 2.10.1 exiting
2026-07-21T12:27:33.670109+02:00 HOST-REDACTED-B systemd[1]: efi.mount: Deactivated successfully.
2026-07-21T12:27:33.670305+02:00 HOST-REDACTED-B systemd[1]: Unmounted /efi.
2026-07-21T12:27:33.670529+02:00 HOST-REDACTED-B kernel: Bluetooth: hci0: ACL packet for unknown connection handle 2
2026-07-21T12:27:33.670971+02:00 HOST-REDACTED-B systemd[1]: systemd-random-seed.service: Deactivated successfully.
2026-07-21T12:27:33.671153+02:00 HOST-REDACTED-B systemd[1]: Stopped Load/Save OS Random Seed.
2026-07-21T12:27:33.671475+02:00 HOST-REDACTED-B systemd[1]: systemd-update-utmp.service: Deactivated successfully.
2026-07-21T12:27:33.671629+02:00 HOST-REDACTED-B systemd[1]: Stopped Record System Boot/Shutdown in UTMP.
2026-07-21T12:27:33.672326+02:00 HOST-REDACTED-B systemd[1]: session-11.scope: Deactivated successfully.
2026-07-21T12:27:33.672478+02:00 HOST-REDACTED-B systemd[1]: Stopped Session 11 of User USER-REDACTED.
2026-07-21T12:27:33.672543+02:00 HOST-REDACTED-B systemd[1]: session-11.scope: Consumed 2min 49.689s CPU time, 14.2M memory peak.
2026-07-21T12:27:33.673847+02:00 HOST-REDACTED-B systemd[1]: udisks2.service: Deactivated successfully.
2026-07-21T12:27:33.674059+02:00 HOST-REDACTED-B systemd[1]: Stopped Disk Manager.
2026-07-21T12:27:33.676298+02:00 HOST-REDACTED-B python[1246]: done serving at port: 32000
2026-07-21T12:27:33.676341+02:00 HOST-REDACTED-B python[1246]: UnregisterService /org/freedesktop/resolve1/dnssd/HOST-REDACTED-B
2026-07-21T12:27:33.678589+02:00 HOST-REDACTED-B kernel: Bluetooth: hci0: ACL packet for unknown connection handle 2
2026-07-21T12:27:33.682111+02:00 HOST-REDACTED-B systemd[1829]: Stopped Power Button daemon for SteamOS.
2026-07-21T12:27:33.685356+02:00 HOST-REDACTED-B systemd[1]: plymouth-deactivate.service: Deactivated successfully.
2026-07-21T12:27:33.685502+02:00 HOST-REDACTED-B systemd[1]: Stopped Deactivate Plymouth Boot Screen.
2026-07-21T12:27:33.685548+02:00 HOST-REDACTED-B kernel: Bluetooth: hci0: ACL packet for unknown connection handle 2
2026-07-21T12:27:33.685618+02:00 HOST-REDACTED-B systemd[1]: plymouth-quit.service: Deactivated successfully.
2026-07-21T12:27:33.685771+02:00 HOST-REDACTED-B systemd[1]: Stopped Terminate Plymouth Boot Screen.
2026-07-21T12:27:33.686719+02:00 HOST-REDACTED-B systemd[1]: Starting Show Plymouth Reboot Screen...
2026-07-21T12:27:33.686734+02:00 HOST-REDACTED-B systemd[1]: systemd-fsck@dev-disk-by\x2dpartsets-self-efi.service: Deactivated successfully.
2026-07-21T12:27:33.686845+02:00 HOST-REDACTED-B systemd[1]: Stopped File System Check on /dev/disk/by-partsets/self/efi.
2026-07-21T12:27:33.686954+02:00 HOST-REDACTED-B systemd[1]: systemd-fsck@dev-disk-by\x2dpartsets-shared-esp.service: Deactivated successfully.
2026-07-21T12:27:33.687058+02:00 HOST-REDACTED-B systemd[1]: Stopped File System Check on /dev/disk/by-partsets/shared/esp.
2026-07-21T12:27:33.687723+02:00 HOST-REDACTED-B systemd[1]: steamos-devkit-service.service: Deactivated successfully.
2026-07-21T12:27:33.687955+02:00 HOST-REDACTED-B systemd[1]: Stopped "SteamOS Devkit Service".
2026-07-21T12:27:33.689777+02:00 HOST-REDACTED-B systemd-logind[1274]: Removed session 11.
2026-07-21T12:27:33.691866+02:00 HOST-REDACTED-B USER-REDACTED[85231]: Gamescope Session Ended - Performing Final Cleanup
2026-07-21T12:27:33.694531+02:00 HOST-REDACTED-B kernel: Bluetooth: hci0: ACL packet for unknown connection handle 2
2026-07-21T12:27:33.699349+02:00 HOST-REDACTED-B systemd[1829]: Starting sandboxed app permission store...
2026-07-21T12:27:33.701475+02:00 HOST-REDACTED-B systemd[1]: Received SIGRTMIN+20 from PID 85241 (plymouthd).
2026-07-21T12:27:33.701559+02:00 HOST-REDACTED-B kernel: Bluetooth: hci0: ACL packet for unknown connection handle 2
2026-07-21T12:27:33.706295+02:00 HOST-REDACTED-B systemd[1829]: Started sandboxed app permission store.
2026-07-21T12:27:33.708529+02:00 HOST-REDACTED-B kernel: Bluetooth: hci0: ACL packet for unknown connection handle 2
2026-07-21T12:27:33.712833+02:00 HOST-REDACTED-B systemd[1]: Requested transaction contradicts existing jobs: Transaction for rtkit-daemon.service/start is destructive (system-systemd\x2dgrowfs.slice has 'stop' job queued, but 'start' is included in transaction).
2026-07-21T12:27:33.713540+02:00 HOST-REDACTED-B systemd[1]: steamos-manager.service: Deactivated successfully.
2026-07-21T12:27:33.713825+02:00 HOST-REDACTED-B systemd[1]: Stopped SteamOS Manager Daemon.
2026-07-21T12:27:33.714681+02:00 HOST-REDACTED-B systemd[1]: Stopping SteamOS log submitter service - sends error logs to Valve...
2026-07-21T12:27:33.716530+02:00 HOST-REDACTED-B kernel: Bluetooth: hci0: ACL packet for unknown connection handle 2
2026-07-21T12:27:33.716662+02:00 HOST-REDACTED-B systemd[1]: steamos-log-submitter.service: Deactivated successfully.
2026-07-21T12:27:33.716871+02:00 HOST-REDACTED-B systemd[1]: Stopped SteamOS log submitter service - sends error logs to Valve.
2026-07-21T12:27:33.724527+02:00 HOST-REDACTED-B kernel: Bluetooth: hci0: ACL packet for unknown connection handle 2
2026-07-21T12:27:33.728485+02:00 HOST-REDACTED-B gpu-trace[85177]: CRITICAL - Failed to setup logging
2026-07-21T12:27:33.730528+02:00 HOST-REDACTED-B kernel: Bluetooth: hci0: ACL packet for unknown connection handle 2
2026-07-21T12:27:33.738529+02:00 HOST-REDACTED-B systemd[1]: gpu-trace.service: Control process exited, code=exited, status=255/EXCEPTION
2026-07-21T12:27:33.739533+02:00 HOST-REDACTED-B kernel: Bluetooth: hci0: ACL packet for unknown connection handle 2
2026-07-21T12:27:33.740136+02:00 HOST-REDACTED-B systemd[1]: gpu-trace.service: Failed with result 'exit-code'.
2026-07-21T12:27:33.740371+02:00 HOST-REDACTED-B systemd[1]: Stopped GPU performance capture daemon.
2026-07-21T12:27:33.740485+02:00 HOST-REDACTED-B systemd[1]: gpu-trace.service: Consumed 896ms CPU time, 69.8M memory peak.
2026-07-21T12:27:33.745528+02:00 HOST-REDACTED-B kernel: Bluetooth: hci0: ACL packet for unknown connection handle 2
2026-07-21T12:27:33.749400+02:00 HOST-REDACTED-B mkinitcpio[85175]: ==> Starting build: 'none'
2026-07-21T12:27:33.752669+02:00 HOST-REDACTED-B mkinitcpio[85175]:   -> Running build hook: [sd-shutdown]
2026-07-21T12:27:33.753529+02:00 HOST-REDACTED-B kernel: Bluetooth: hci0: ACL packet for unknown connection handle 2
2026-07-21T12:27:33.761528+02:00 HOST-REDACTED-B kernel: Bluetooth: hci0: ACL packet for unknown connection handle 2
2026-07-21T12:27:33.770531+02:00 HOST-REDACTED-B kernel: Bluetooth: hci0: ACL packet for unknown connection handle 2
2026-07-21T12:27:33.773896+02:00 HOST-REDACTED-B systemd[1]: Started Show Plymouth Reboot Screen.
2026-07-21T12:27:33.776527+02:00 HOST-REDACTED-B kernel: Bluetooth: hci0: ACL packet for unknown connection handle 2
2026-07-21T12:27:33.784525+02:00 HOST-REDACTED-B kernel: Bluetooth: hci0: ACL packet for unknown connection handle 2
2026-07-21T12:27:33.784548+02:00 HOST-REDACTED-B kernel: HDR SB:eb 02 00 60 88 08 39 c8 31 91 88 fe 1c df 0a 09
2026-07-21T12:27:33.784560+02:00 HOST-REDACTED-B kernel: HDR SB:3d 47 40 1f 03 00 00 1f 03 1f 03 00 00 00 00 00
2026-07-21T12:27:33.791527+02:00 HOST-REDACTED-B kernel: Bluetooth: hci0: ACL packet for unknown connection handle 2
2026-07-21T12:27:33.799526+02:00 HOST-REDACTED-B kernel: Bluetooth: hci0: ACL packet for unknown connection handle 2
2026-07-21T12:27:33.805526+02:00 HOST-REDACTED-B kernel: Bluetooth: hci0: ACL packet for unknown connection handle 2
2026-07-21T12:27:33.836284+02:00 HOST-REDACTED-B bluetoothd[1231]: Endpoint unregistered: sender=:1.33 path=/MediaEndpoint/A2DPSource/ldac
2026-07-21T12:27:33.836299+02:00 HOST-REDACTED-B bluetoothd[1231]: Endpoint unregistered: sender=:1.33 path=/MediaEndpoint/A2DPSink/aptx_hd
2026-07-21T12:27:33.836308+02:00 HOST-REDACTED-B bluetoothd[1231]: Endpoint unregistered: sender=:1.33 path=/MediaEndpoint/A2DPSource/aptx_hd
2026-07-21T12:27:33.836317+02:00 HOST-REDACTED-B bluetoothd[1231]: Endpoint unregistered: sender=:1.33 path=/MediaEndpoint/A2DPSink/aptx
2026-07-21T12:27:33.836325+02:00 HOST-REDACTED-B bluetoothd[1231]: Endpoint unregistered: sender=:1.33 path=/MediaEndpoint/A2DPSource/aptx
2026-07-21T12:27:33.836333+02:00 HOST-REDACTED-B bluetoothd[1231]: Endpoint unregistered: sender=:1.33 path=/MediaEndpoint/A2DPSink/aac
2026-07-21T12:27:33.836346+02:00 HOST-REDACTED-B bluetoothd[1231]: Endpoint unregistered: sender=:1.33 path=/MediaEndpoint/A2DPSource/aac
2026-07-21T12:27:33.836358+02:00 HOST-REDACTED-B bluetoothd[1231]: Endpoint unregistered: sender=:1.33 path=/MediaEndpoint/A2DPSink/opus_g
2026-07-21T12:27:33.836370+02:00 HOST-REDACTED-B bluetoothd[1231]: Endpoint unregistered: sender=:1.33 path=/MediaEndpoint/A2DPSource/opus_g
2026-07-21T12:27:33.836381+02:00 HOST-REDACTED-B bluetoothd[1231]: Endpoint unregistered: sender=:1.33 path=/MediaEndpoint/A2DPSink/sbc
2026-07-21T12:27:33.836394+02:00 HOST-REDACTED-B bluetoothd[1231]: Endpoint unregistered: sender=:1.33 path=/MediaEndpoint/A2DPSource/sbc
2026-07-21T12:27:33.836406+02:00 HOST-REDACTED-B bluetoothd[1231]: Endpoint unregistered: sender=:1.33 path=/MediaEndpoint/A2DPSource/aptx_ll_1
2026-07-21T12:27:33.836419+02:00 HOST-REDACTED-B bluetoothd[1231]: Endpoint unregistered: sender=:1.33 path=/MediaEndpoint/A2DPSource/aptx_ll_0
2026-07-21T12:27:33.836428+02:00 HOST-REDACTED-B bluetoothd[1231]: Endpoint unregistered: sender=:1.33 path=/MediaEndpoint/A2DPSource/aptx_ll_duplex_1
2026-07-21T12:27:33.836439+02:00 HOST-REDACTED-B bluetoothd[1231]: Endpoint unregistered: sender=:1.33 path=/MediaEndpoint/A2DPSource/aptx_ll_duplex_0
2026-07-21T12:27:33.836452+02:00 HOST-REDACTED-B bluetoothd[1231]: Endpoint unregistered: sender=:1.33 path=/MediaEndpoint/A2DPSource/faststream
2026-07-21T12:27:33.836464+02:00 HOST-REDACTED-B bluetoothd[1231]: Endpoint unregistered: sender=:1.33 path=/MediaEndpoint/A2DPSource/faststream_duplex
2026-07-21T12:27:33.836477+02:00 HOST-REDACTED-B bluetoothd[1231]: Endpoint unregistered: sender=:1.33 path=/MediaEndpoint/A2DPSink/opus_05
2026-07-21T12:27:33.836489+02:00 HOST-REDACTED-B bluetoothd[1231]: Endpoint unregistered: sender=:1.33 path=/MediaEndpoint/A2DPSource/opus_05
2026-07-21T12:27:33.836510+02:00 HOST-REDACTED-B bluetoothd[1231]: Endpoint unregistered: sender=:1.33 path=/MediaEndpoint/A2DPSink/opus_05_duplex
2026-07-21T12:27:33.836532+02:00 HOST-REDACTED-B bluetoothd[1231]: Endpoint unregistered: sender=:1.33 path=/MediaEndpoint/A2DPSource/opus_05_duplex
2026-07-21T12:27:33.837819+02:00 HOST-REDACTED-B dbus-broker[1220]: A security policy denied :1.6 to send method call /midi/profile:org.bluez.GattProfile1.Release to :1.36.
2026-07-21T12:27:33.838221+02:00 HOST-REDACTED-B bluetoothd[1231]: Battery Provider Manager destroyed
2026-07-21T12:27:33.838255+02:00 HOST-REDACTED-B bluetoothd[1231]: Stopping SDP server
2026-07-21T12:27:33.838269+02:00 HOST-REDACTED-B bluetoothd[1231]: Exit
2026-07-21T12:27:33.839383+02:00 HOST-REDACTED-B systemd[1]: bluetooth.service: Deactivated successfully.
2026-07-21T12:27:33.839686+02:00 HOST-REDACTED-B systemd[1]: Stopped Bluetooth service.
2026-07-21T12:27:33.839841+02:00 HOST-REDACTED-B systemd[1]: bluetooth.service: Consumed 14.027s CPU time, 2.9M memory peak.
2026-07-21T12:27:33.842160+02:00 HOST-REDACTED-B systemd[1]: Requested transaction contradicts existing jobs: Transaction for bluetooth.service/start is destructive (reboot.target has 'start' job queued, but 'stop' is included in transaction).
2026-07-21T12:27:33.850757+02:00 HOST-REDACTED-B gamescope-session[2042]: [gamescope] [Info]  wlserver: [libseat] [libseat/backend/logind.c:351] Disabling seat
2026-07-21T12:27:33.850757+02:00 HOST-REDACTED-B gamescope-session[2042]: [gamescope] [Info]  wlserver: Session paused
2026-07-21T12:27:33.892931+02:00 HOST-REDACTED-B mkinitcpio[85175]: ==> Build complete.
2026-07-21T12:27:33.896105+02:00 HOST-REDACTED-B systemd[1]: mkinitcpio-generate-shutdown-ramfs.service: Deactivated successfully.
2026-07-21T12:27:33.896287+02:00 HOST-REDACTED-B systemd[1]: Finished Generate shutdown-ramfs.
2026-07-21T12:27:33.896983+02:00 HOST-REDACTED-B gamescope-session[2042]: [gamescope] [Info]  drm: Connector HDMI-A-2 -> SAM - QCQ95S
2026-07-21T12:27:33.897032+02:00 HOST-REDACTED-B gamescope-session[2042]: [gamescope] [Info]  drm: [colorimetry]: EDID with colorimetry detected. Using it
2026-07-21T12:27:33.897032+02:00 HOST-REDACTED-B gamescope-session[2042]: [gamescope] [Info]  drm: [colorimetry]: r 0.698242 0.291992
2026-07-21T12:27:33.897032+02:00 HOST-REDACTED-B gamescope-session[2042]: [gamescope] [Info]  drm: [colorimetry]: g 0.254883 0.699219
2026-07-21T12:27:33.897032+02:00 HOST-REDACTED-B gamescope-session[2042]: [gamescope] [Info]  drm: [colorimetry]: b 0.148438 0.055664
2026-07-21T12:27:33.897032+02:00 HOST-REDACTED-B gamescope-session[2042]: [gamescope] [Info]  drm: [colorimetry]: w 0.312500 0.329102
2026-07-21T12:27:33.897529+02:00 HOST-REDACTED-B systemd[1]: Starting Tell Plymouth To Jump To initramfs...
2026-07-21T12:27:33.919275+02:00 HOST-REDACTED-B systemd[1]: Finished Tell Plymouth To Jump To initramfs.
2026-07-21T12:27:35.194071+02:00 HOST-REDACTED-B systemd[1]: rigsignal-ebpf.service: Deactivated successfully.
2026-07-21T12:27:35.194282+02:00 HOST-REDACTED-B systemd[1]: Stopped RigSignal eBPF kernel daemon.
2026-07-21T12:27:35.194405+02:00 HOST-REDACTED-B systemd[1]: rigsignal-ebpf.service: Consumed 1.069s CPU time, 45.6M memory peak.
2026-07-21T12:27:35.194669+02:00 HOST-REDACTED-B systemd[1]: Stopped target Network is Online.
2026-07-21T12:27:35.194742+02:00 HOST-REDACTED-B systemd[1]: NetworkManager-wait-online.service: Deactivated successfully.
2026-07-21T12:27:35.194831+02:00 HOST-REDACTED-B systemd[1]: Stopped Network Manager Wait Online.
2026-07-21T12:27:35.283420+02:00 HOST-REDACTED-B systemd[1]: Requested transaction contradicts existing jobs: Transaction for upower.service/start is destructive (systemd-fsck@dev-disk-by\x2dpartsets-shared-home.service has 'stop' job queued, but 'start' is included in transaction).
2026-07-21T12:27:35.286013+02:00 HOST-REDACTED-B systemd[1]: Requested transaction contradicts existing jobs: Transaction for upower.service/start is destructive (system-systemd\x2dzram\x2dsetup.slice has 'stop' job queued, but 'start' is included in transaction).
2026-07-21T12:27:35.849243+02:00 HOST-REDACTED-B steam[2217]: [2026-07-21 12:27:35] Shutdown
2026-07-21T12:27:36.057136+02:00 HOST-REDACTED-B steam-short-session-tracker[85439]: rm: cannot remove '/tmp/steamos-short-session-tracker': No such file or directory
2026-07-21T12:27:36.057534+02:00 HOST-REDACTED-B systemd[1829]: steam-launcher.service: Killing process 2217 (srt-logger) with signal SIGKILL.
2026-07-21T12:27:36.057594+02:00 HOST-REDACTED-B systemd[1829]: steam-launcher.service: Killing process 2938 (steam-runtime-l) with signal SIGKILL.
2026-07-21T12:27:36.057664+02:00 HOST-REDACTED-B systemd[1829]: steam-launcher.service: Killing process 2939 (gmain) with signal SIGKILL.
2026-07-21T12:27:36.058347+02:00 HOST-REDACTED-B systemd[1829]: Stopped Steam Launcher.
2026-07-21T12:27:36.058443+02:00 HOST-REDACTED-B systemd[1829]: steam-launcher.service: Consumed 9min 22.776s CPU time, 4.4G memory peak.
2026-07-21T12:27:36.058762+02:00 HOST-REDACTED-B systemd[1829]: Stopping Portal service...
2026-07-21T12:27:36.063994+02:00 HOST-REDACTED-B systemd[1829]: Stopped Portal service.
2026-07-21T12:27:36.064338+02:00 HOST-REDACTED-B systemd[1829]: Stopped target Current graphical user session.
2026-07-21T12:27:36.064733+02:00 HOST-REDACTED-B systemd[1829]: Stopping Gamescope Session...
2026-07-21T12:27:36.064792+02:00 HOST-REDACTED-B gamescope-session[2042]: [gamescope] [Error] drm: finish_drm: drmModeAtomicCommit failed: Permission denied
2026-07-21T12:27:36.069947+02:00 HOST-REDACTED-B gamescope-session[2042]: [gamescope] [Error] drm: drmModeRmFB failed: Bad file descriptor
2026-07-21T12:27:36.069947+02:00 HOST-REDACTED-B gamescope-session[2042]: [gamescope] [Error] drm: drmModeRmFB failed: Bad file descriptor
2026-07-21T12:27:36.070005+02:00 HOST-REDACTED-B gamescope-session[2042]: [gamescope] [Error] drm: drmModeRmFB failed: Bad file descriptor
2026-07-21T12:27:36.070005+02:00 HOST-REDACTED-B gamescope-session[2042]: [gamescope] [Error] drm: drmModeRmFB failed: Bad file descriptor
2026-07-21T12:27:36.141366+02:00 HOST-REDACTED-B drm_janitor[85448]: open() failed: Permission denied
2026-07-21T12:27:36.141774+02:00 HOST-REDACTED-B systemd[1829]: Stopped Gamescope Session.
2026-07-21T12:27:36.141865+02:00 HOST-REDACTED-B systemd[1829]: gamescope-session.service: Consumed 2min 37.858s CPU time, 342.1M memory peak.
2026-07-21T12:27:36.142227+02:00 HOST-REDACTED-B systemd[1829]: Stopped target Session services which should run early before the graphical session is brought up.
2026-07-21T12:27:36.144544+02:00 HOST-REDACTED-B USER-REDACTED[85450]: Gamescope Session Ended - Cleanup Complete
2026-07-21T12:27:36.145028+02:00 HOST-REDACTED-B systemd[1]: session-2.scope: Deactivated successfully.
2026-07-21T12:27:36.145231+02:00 HOST-REDACTED-B systemd[1]: Stopped Session 2 of User USER-REDACTED.
2026-07-21T12:27:36.145680+02:00 HOST-REDACTED-B systemd[1]: Stopping User Manager for UID 1000...
2026-07-21T12:27:36.146013+02:00 HOST-REDACTED-B systemd-logind[1274]: Removed session 2.
2026-07-21T12:27:36.146338+02:00 HOST-REDACTED-B systemd[1829]: Activating special unit Exit the Session...
2026-07-21T12:27:36.147607+02:00 HOST-REDACTED-B systemd[1829]: Removed slice Slice /app/dbus-:1.1-org.freedesktop.portal.IBus.
2026-07-21T12:27:36.147681+02:00 HOST-REDACTED-B systemd[1829]: Stopped target Bluetooth.
2026-07-21T12:27:36.147743+02:00 HOST-REDACTED-B systemd[1829]: Stopped target Main User Target.
2026-07-21T12:27:36.147882+02:00 HOST-REDACTED-B systemd[1829]: Closed Socket to launch DrKonqi for a systemd-coredump crash.
2026-07-21T12:27:36.148025+02:00 HOST-REDACTED-B systemd[1829]: Stopping Consumer Electronics Control (CEC) Daemon...
2026-07-21T12:27:36.148112+02:00 HOST-REDACTED-B systemd[1829]: Stopping dbus-:1.44-org.a11y.atspi.Registry@0.service...
2026-07-21T12:27:36.148243+02:00 HOST-REDACTED-B systemd[1829]: Stopping Service for enabling and controlling dmem cgroup limits for boosting foreground games, user-level...
2026-07-21T12:27:36.148597+02:00 HOST-REDACTED-B systemd[1829]: Stopping Elastic Agent (unprivileged)...
2026-07-21T12:27:36.148776+02:00 HOST-REDACTED-B systemd[1829]: Stopping PipeWire filter chain daemon...
2026-07-21T12:27:36.148908+02:00 HOST-REDACTED-B systemd[1829]: Stopping gamemoded...
2026-07-21T12:27:36.149049+02:00 HOST-REDACTED-B systemd[1829]: Stopping PipeWire PulseAudio...
2026-07-21T12:27:36.149186+02:00 HOST-REDACTED-B systemd[1829]: Stopping RigSignal metrics agent (user install)...
2026-07-21T12:27:36.149313+02:00 HOST-REDACTED-B steamos-manager[1966]: 2026-07-21T10:27:36.149292Z  INFO steamos_manager::daemon: Got SIGTERM, shutting down
2026-07-21T12:27:36.149313+02:00 HOST-REDACTED-B steamos-manager[1966]: 2026-07-21T10:27:36.149310Z  INFO steamos_manager::daemon: Shutting down
2026-07-21T12:27:36.149642+02:00 HOST-REDACTED-B steamos-manager[1966]: 2026-07-21T10:27:36.149377Z  INFO steamos_manager: Shutting down udev-monitor
2026-07-21T12:27:36.149666+02:00 HOST-REDACTED-B rigsignal-agent[1878]: 2026-07-21T10:27:36.149500Z  INFO rigsignal_agent: SIGTERM received — shutting down
2026-07-21T12:27:36.149666+02:00 HOST-REDACTED-B rigsignal-agent[1878]: 2026-07-21T10:27:36.149564Z  INFO rigsignal_agent: Shipping session summary (5422s, 5423 ticks)
2026-07-21T12:27:36.149382+02:00 HOST-REDACTED-B systemd[1829]: Stopping SteamOS Manager Daemon...
2026-07-21T12:27:36.149782+02:00 HOST-REDACTED-B systemd[1829]: Stopping [systemd-run] /<USER-REDACTED>/streammon.sh enp6s0 /<USER-REDACTED>/streammon-ab-clientstable.log...
2026-07-21T12:27:36.150060+02:00 HOST-REDACTED-B steamos-manager[1966]: 2026-07-21T10:27:36.150028Z  INFO steamos_manager: Shutting down cecd-listener
2026-07-21T12:27:36.150095+02:00 HOST-REDACTED-B steamos-manager[1966]: 2026-07-21T10:27:36.150079Z  INFO steamos_manager: Shutting down tdp-manager
2026-07-21T12:27:36.150150+02:00 HOST-REDACTED-B steamos-manager[1966]: 2026-07-21T10:27:36.150112Z  INFO steamos_manager: Shutting down job-manager
2026-07-21T12:27:36.150150+02:00 HOST-REDACTED-B steamos-manager[1966]: 2026-07-21T10:27:36.150122Z  INFO steamos_manager: Shutting down session-manager
2026-07-21T12:27:36.150165+02:00 HOST-REDACTED-B systemd[1829]: Stopping sandboxed app permission store...
2026-07-21T12:27:36.150481+02:00 HOST-REDACTED-B steamos-manager[1966]: 2026-07-21T10:27:36.150468Z  INFO steamos_manager: Shutting down signal-relay
2026-07-21T12:27:36.151013+02:00 HOST-REDACTED-B rigsignal-agent[1878]: 2026-07-21T10:27:36.151000Z  INFO rigsignal_agent: RigSignal agent stopped after 5423 ticks
2026-07-21T12:27:36.151917+02:00 HOST-REDACTED-B systemd[1829]: Stopped PipeWire filter chain daemon.
2026-07-21T12:27:36.152348+02:00 HOST-REDACTED-B systemd[1829]: Stopped Service for enabling and controlling dmem cgroup limits for boosting foreground games, user-level.
2026-07-21T12:27:36.152791+02:00 HOST-REDACTED-B systemd[1829]: Stopped RigSignal metrics agent (user install).
2026-07-21T12:27:36.152840+02:00 HOST-REDACTED-B systemd[1829]: rigsignal-agent.service: Consumed 40.434s CPU time, 105.2M memory peak.
2026-07-21T12:27:36.153304+02:00 HOST-REDACTED-B systemd[1829]: Stopped Consumer Electronics Control (CEC) Daemon.
2026-07-21T12:27:36.153760+02:00 HOST-REDACTED-B systemd[1829]: Stopped PipeWire PulseAudio.
2026-07-21T12:27:36.153812+02:00 HOST-REDACTED-B systemd[1829]: pipewire-pulse.service: Consumed 31.364s CPU time, 20.7M memory peak.
2026-07-21T12:27:36.154248+02:00 HOST-REDACTED-B systemd[1829]: Stopped gamemoded.
2026-07-21T12:27:36.154662+02:00 HOST-REDACTED-B systemd[1829]: Stopped dbus-:1.44-org.a11y.atspi.Registry@0.service.
2026-07-21T12:27:36.155088+02:00 HOST-REDACTED-B systemd[1829]: Stopped [systemd-run] /<USER-REDACTED>/streammon.sh enp6s0 /<USER-REDACTED>/streammon-ab-clientstable.log.
2026-07-21T12:27:36.155134+02:00 HOST-REDACTED-B systemd[1829]: streammon-ab2.service: Consumed 2min 14.642s CPU time, 5.8M memory peak.
2026-07-21T12:27:36.155469+02:00 HOST-REDACTED-B systemd[1829]: Stopped sandboxed app permission store.
2026-07-21T12:27:36.156220+02:00 HOST-REDACTED-B systemd[1829]: Removed slice Slice /app/dbus-:1.44-org.a11y.atspi.Registry.
2026-07-21T12:27:36.156344+02:00 HOST-REDACTED-B systemd[1829]: Stopping Multimedia Service Session Manager...
2026-07-21T12:27:36.162944+02:00 HOST-REDACTED-B steamos-manager[1966]: 2026-07-21T10:27:36.162922Z  INFO steamos_manager: Shutting down screenreader-setup
2026-07-21T12:27:36.164862+02:00 HOST-REDACTED-B systemd[1829]: Stopped Multimedia Service Session Manager.
2026-07-21T12:27:36.164942+02:00 HOST-REDACTED-B systemd[1829]: wireplumber.service: Consumed 17.690s CPU time, 100.9M memory peak.
2026-07-21T12:27:36.165522+02:00 HOST-REDACTED-B systemd[1829]: Stopped SteamOS Manager Daemon.
2026-07-21T12:27:36.165815+02:00 HOST-REDACTED-B systemd[1829]: Stopping PipeWire Multimedia Service...
2026-07-21T12:27:36.167246+02:00 HOST-REDACTED-B systemd[1829]: Stopped PipeWire Multimedia Service.
2026-07-21T12:27:36.167310+02:00 HOST-REDACTED-B systemd[1829]: pipewire.service: Consumed 25.515s CPU time, 29.5M memory peak.
2026-07-21T12:27:36.353935+02:00 HOST-REDACTED-B systemd[1829]: Stopped Elastic Agent (unprivileged).
2026-07-21T12:27:36.354015+02:00 HOST-REDACTED-B systemd[1829]: elastic-agent.service: Consumed 17min 9.490s CPU time, 10.2G memory peak.
2026-07-21T12:27:36.354208+02:00 HOST-REDACTED-B systemd[1829]: Stopped target Basic System.
2026-07-21T12:27:36.354278+02:00 HOST-REDACTED-B systemd[1829]: Stopped target Paths.
2026-07-21T12:27:36.354376+02:00 HOST-REDACTED-B systemd[1829]: Stopped Submitting pending crash events (file monitor).
2026-07-21T12:27:36.354430+02:00 HOST-REDACTED-B systemd[1829]: Stopped target Sockets.
2026-07-21T12:27:36.354497+02:00 HOST-REDACTED-B systemd[1829]: Stopped target Timers.
2026-07-21T12:27:36.354571+02:00 HOST-REDACTED-B systemd[1829]: Stopped Hourly RigSignal spool retention.
2026-07-21T12:27:36.354691+02:00 HOST-REDACTED-B systemd[1829]: Closed HDMI CEC volume and mute control.
2026-07-21T12:27:36.354819+02:00 HOST-REDACTED-B systemd[1829]: Closed GnuPG network certificate management daemon.
2026-07-21T12:27:36.354942+02:00 HOST-REDACTED-B systemd[1829]: Closed GnuPG cryptographic agent and passphrase cache (access for web browsers).
2026-07-21T12:27:36.355063+02:00 HOST-REDACTED-B systemd[1829]: Closed GnuPG cryptographic agent and passphrase cache (restricted).
2026-07-21T12:27:36.355181+02:00 HOST-REDACTED-B systemd[1829]: Closed GnuPG cryptographic agent (ssh-agent emulation).
2026-07-21T12:27:36.355298+02:00 HOST-REDACTED-B systemd[1829]: Closed GnuPG cryptographic agent and passphrase cache.
2026-07-21T12:27:36.355414+02:00 HOST-REDACTED-B systemd[1829]: Closed GnuPG public key management service.
2026-07-21T12:27:36.355540+02:00 HOST-REDACTED-B systemd[1829]: Closed p11-kit server.
2026-07-21T12:27:36.355663+02:00 HOST-REDACTED-B systemd[1829]: Closed PipeWire PulseAudio.
2026-07-21T12:27:36.355786+02:00 HOST-REDACTED-B systemd[1829]: Closed PipeWire Multimedia System Sockets.
2026-07-21T12:27:36.355920+02:00 HOST-REDACTED-B dbus-broker[1872]: Dispatched 11498 messages @ 3(±4)μs / message.
2026-07-21T12:27:36.356600+02:00 HOST-REDACTED-B systemd[1829]: Stopping D-Bus User Message Bus...
2026-07-21T12:27:36.357089+02:00 HOST-REDACTED-B systemd[1829]: Stopped D-Bus User Message Bus.
2026-07-21T12:27:36.357572+02:00 HOST-REDACTED-B systemd[1829]: Removed slice User Core Session Slice.
2026-07-21T12:27:36.357585+02:00 HOST-REDACTED-B systemd[1829]: session.slice: Consumed 3min 53.982s CPU time, 509.4M memory peak.
2026-07-21T12:27:36.357855+02:00 HOST-REDACTED-B systemd[1829]: Closed D-Bus User Message Bus Socket.
2026-07-21T12:27:36.358061+02:00 HOST-REDACTED-B systemd[1829]: Removed slice User Application Slice.
2026-07-21T12:27:36.358071+02:00 HOST-REDACTED-B systemd[1829]: app.slice: Consumed 32min 52.119s CPU time, 14.6G memory peak.
2026-07-21T12:27:36.358089+02:00 HOST-REDACTED-B systemd[1829]: Reached target Shutdown.
2026-07-21T12:27:36.358230+02:00 HOST-REDACTED-B systemd[1829]: Finished Exit the Session.
2026-07-21T12:27:36.358256+02:00 HOST-REDACTED-B systemd[1829]: Reached target Exit the Session.
2026-07-21T12:27:36.369605+02:00 HOST-REDACTED-B (sd-pam)[1843]: pam_unix(systemd-user:session): session closed for user USER-REDACTED
2026-07-21T12:27:36.370069+02:00 HOST-REDACTED-B systemd-logind[1274]: Removed session 1.
2026-07-21T12:27:36.370506+02:00 HOST-REDACTED-B systemd[1]: user@1000.service: Deactivated successfully.
2026-07-21T12:27:36.370826+02:00 HOST-REDACTED-B systemd[1]: Stopped User Manager for UID 1000.
2026-07-21T12:27:36.370958+02:00 HOST-REDACTED-B systemd[1]: user@1000.service: Consumed 36min 46.432s CPU time, 15.1G memory peak.
2026-07-21T12:27:36.418688+02:00 HOST-REDACTED-B systemd[1]: Stopping Permit User Sessions...
2026-07-21T12:27:36.419389+02:00 HOST-REDACTED-B systemd[1]: Stopping User Runtime Directory /run/user/1000...
2026-07-21T12:27:36.433597+02:00 HOST-REDACTED-B systemd[1]: systemd-user-sessions.service: Deactivated successfully.
2026-07-21T12:27:36.433799+02:00 HOST-REDACTED-B systemd[1]: Stopped Permit User Sessions.
2026-07-21T12:27:36.435096+02:00 HOST-REDACTED-B systemd[1]: run-user-1000.mount: Deactivated successfully.
2026-07-21T12:27:36.435132+02:00 HOST-REDACTED-B systemd[1]: Unmounted /run/user/1000.
2026-07-21T12:27:36.435700+02:00 HOST-REDACTED-B systemd[1]: user-runtime-dir@1000.service: Deactivated successfully.
2026-07-21T12:27:36.435855+02:00 HOST-REDACTED-B systemd[1]: Stopped User Runtime Directory /run/user/1000.
2026-07-21T12:27:36.436814+02:00 HOST-REDACTED-B systemd[1]: Removed slice User Slice of UID 1000.
2026-07-21T12:27:36.436904+02:00 HOST-REDACTED-B systemd[1]: user-1000.slice: Consumed 39min 36.392s CPU time, 15.1G memory peak.
2026-07-21T12:27:36.436952+02:00 HOST-REDACTED-B systemd[1]: Stopped target Network.
2026-07-21T12:27:36.437048+02:00 HOST-REDACTED-B systemd[1]: Stopped target Remote File Systems.
2026-07-21T12:27:36.437171+02:00 HOST-REDACTED-B systemd[1]: Stopping Network Manager...
2026-07-21T12:27:36.437175+02:00 HOST-REDACTED-B NetworkManager[1735]: <info>  [1784629656.4371] caught SIGTERM, shutting down normally.
2026-07-21T12:27:36.437292+02:00 HOST-REDACTED-B systemd[1]: Stopping Wireless service...
2026-07-21T12:27:36.437364+02:00 HOST-REDACTED-B iwd[1746]: Terminate
2026-07-21T12:27:36.437364+02:00 HOST-REDACTED-B iwd[1746]: Removing scan context for wdev 2
2026-07-21T12:27:36.437326+02:00 HOST-REDACTED-B systemd[1]: steamos-create-homedir.service: Deactivated successfully.
2026-07-21T12:27:36.437414+02:00 HOST-REDACTED-B systemd[1]: Stopped Create UID 1000 homedir on first boot/after factory reset.
2026-07-21T12:27:36.437600+02:00 HOST-REDACTED-B systemd[1]: Stopping User Login Management...
2026-07-21T12:27:36.437746+02:00 HOST-REDACTED-B systemd[1]: Stopping Network Name Resolution...
2026-07-21T12:27:36.452713+02:00 HOST-REDACTED-B NetworkManager[1735]: <info>  [1784629656.4527] dhcp4 (enp6s0): canceled DHCP transaction
2026-07-21T12:27:36.452722+02:00 HOST-REDACTED-B NetworkManager[1735]: <info>  [1784629656.4527] dhcp4 (enp6s0): activation: beginning transaction (timeout in 45 seconds)
2026-07-21T12:27:36.452730+02:00 HOST-REDACTED-B NetworkManager[1735]: <info>  [1784629656.4527] dhcp4 (enp6s0): state changed no lease
2026-07-21T12:27:36.452831+02:00 HOST-REDACTED-B NetworkManager[1735]: <info>  [1784629656.4528] manager: NetworkManager state is now CONNECTED_SITE
2026-07-21T12:27:36.452955+02:00 HOST-REDACTED-B NetworkManager[1735]: <info>  [1784629656.4529] device (wlan0): state change: disconnected -> unmanaged (reason 'unmanaged-quitting', managed-type: 'full')
2026-07-21T12:27:36.454956+02:00 HOST-REDACTED-B systemd[1]: Requested transaction contradicts existing jobs: Transaction for NetworkManager-dispatcher.service/start is destructive (shutdown.target has 'start' job queued, but 'stop' is included in transaction).
2026-07-21T12:27:36.457425+02:00 HOST-REDACTED-B NetworkManager[1735]: <info>  [1784629656.4574] exiting (success)
2026-07-21T12:27:36.469340+02:00 HOST-REDACTED-B systemd[1]: systemd-logind.service: Deactivated successfully.
2026-07-21T12:27:36.469588+02:00 HOST-REDACTED-B systemd[1]: Stopped User Login Management.
2026-07-21T12:27:36.474961+02:00 HOST-REDACTED-B systemd[1]: systemd-resolved.service: Deactivated successfully.
2026-07-21T12:27:36.475148+02:00 HOST-REDACTED-B systemd[1]: Stopped Network Name Resolution.
2026-07-21T12:27:36.476535+02:00 HOST-REDACTED-B systemd[1]: systemd-sysctl.service: Deactivated successfully.
2026-07-21T12:27:36.476637+02:00 HOST-REDACTED-B systemd[1]: Stopped Apply Kernel Variables.
2026-07-21T12:27:36.476766+02:00 HOST-REDACTED-B systemd[1]: systemd-coredump.socket: Deactivated successfully.
2026-07-21T12:27:36.476855+02:00 HOST-REDACTED-B systemd[1]: Closed Process Core Dump Socket.
2026-07-21T12:27:36.477004+02:00 HOST-REDACTED-B systemd[1]: systemd-modules-load.service: Deactivated successfully.
2026-07-21T12:27:36.477124+02:00 HOST-REDACTED-B systemd[1]: Stopped Load Kernel Modules.
2026-07-21T12:27:36.480033+02:00 HOST-REDACTED-B systemd[1]: NetworkManager.service: Deactivated successfully.
2026-07-21T12:27:36.480253+02:00 HOST-REDACTED-B systemd[1]: Stopped Network Manager.
2026-07-21T12:27:37.441937+02:00 HOST-REDACTED-B iwd[1746]: D-Bus disconnected, quitting...
2026-07-21T12:27:37.442550+02:00 HOST-REDACTED-B systemd[1]: iwd.service: Deactivated successfully.
2026-07-21T12:27:37.442782+02:00 HOST-REDACTED-B systemd[1]: Stopped Wireless service.
2026-07-21T12:27:37.442924+02:00 HOST-REDACTED-B systemd[1]: iwd.service: Consumed 2.588s CPU time, 2.9M memory peak.
2026-07-21T12:27:37.444506+02:00 HOST-REDACTED-B systemd[1]: Stopped target Preparation for Network.
2026-07-21T12:27:37.444681+02:00 HOST-REDACTED-B systemd[1]: Stopping firewalld - dynamic firewall daemon...
2026-07-21T12:27:37.467822+02:00 HOST-REDACTED-B systemd[1]: firewalld.service: Deactivated successfully.
2026-07-21T12:27:37.468027+02:00 HOST-REDACTED-B systemd[1]: Stopped firewalld - dynamic firewall daemon.
2026-07-21T12:27:37.468149+02:00 HOST-REDACTED-B systemd[1]: firewalld.service: Consumed 448ms CPU time, 71.1M memory peak.
2026-07-21T12:27:37.468381+02:00 HOST-REDACTED-B systemd[1]: Stopping Authorization Manager...
2026-07-21T12:27:37.474862+02:00 HOST-REDACTED-B systemd[1]: polkit.service: Deactivated successfully.
2026-07-21T12:27:37.475060+02:00 HOST-REDACTED-B systemd[1]: Stopped Authorization Manager.
2026-07-21T12:27:37.476185+02:00 HOST-REDACTED-B systemd[1]: Stopped target Basic System.
2026-07-21T12:27:37.476288+02:00 HOST-REDACTED-B systemd[1]: Stopped target Path Units.
2026-07-21T12:27:37.476352+02:00 HOST-REDACTED-B systemd[1]: systemd-ask-password-wall.path: Deactivated successfully.
2026-07-21T12:27:37.480546+02:00 HOST-REDACTED-B systemd[1]: Stopped Forward Password Requests to Wall Directory Watch.
2026-07-21T12:27:37.480711+02:00 HOST-REDACTED-B systemd[1]: Stopped target Slice Units.
2026-07-21T12:27:37.481005+02:00 HOST-REDACTED-B systemd[1]: Removed slice User and Session Slice.
2026-07-21T12:27:37.481106+02:00 HOST-REDACTED-B systemd[1]: user.slice: Consumed 39min 36.392s CPU time, 15.1G memory peak.
2026-07-21T12:27:37.481145+02:00 HOST-REDACTED-B systemd[1]: Stopped target Socket Units.
2026-07-21T12:27:37.481260+02:00 HOST-REDACTED-B systemd[1]: avahi-daemon.socket: Deactivated successfully.
2026-07-21T12:27:37.481338+02:00 HOST-REDACTED-B systemd[1]: Closed Avahi mDNS/DNS-SD Stack Activation Socket.
2026-07-21T12:27:37.481456+02:00 HOST-REDACTED-B systemd[1]: cups.socket: Deactivated successfully.
2026-07-21T12:27:37.481572+02:00 HOST-REDACTED-B systemd[1]: Closed CUPS Scheduler.
2026-07-21T12:27:37.481690+02:00 HOST-REDACTED-B systemd[1]: dirmngr@etc-pacman.d-gnupg.socket: Deactivated successfully.
2026-07-21T12:27:37.481768+02:00 HOST-REDACTED-B systemd[1]: Closed GnuPG network certificate management daemon for /etc/pacman.d/gnupg.
2026-07-21T12:27:37.482013+02:00 HOST-REDACTED-B systemd[1]: Removed slice Slice /system/dirmngr.
2026-07-21T12:27:37.482102+02:00 HOST-REDACTED-B systemd[1]: gpg-agent-browser@etc-pacman.d-gnupg.socket: Deactivated successfully.
2026-07-21T12:27:37.482166+02:00 HOST-REDACTED-B systemd[1]: Closed GnuPG cryptographic agent and passphrase cache (access for web browsers) for /etc/pacman.d/gnupg.
2026-07-21T12:27:37.482393+02:00 HOST-REDACTED-B systemd[1]: Removed slice Slice /system/gpg-agent-browser.
2026-07-21T12:27:37.482484+02:00 HOST-REDACTED-B systemd[1]: gpg-agent-extra@etc-pacman.d-gnupg.socket: Deactivated successfully.
2026-07-21T12:27:37.482554+02:00 HOST-REDACTED-B systemd[1]: Closed GnuPG cryptographic agent and passphrase cache (restricted) for /etc/pacman.d/gnupg.
2026-07-21T12:27:37.482778+02:00 HOST-REDACTED-B systemd[1]: Removed slice Slice /system/gpg-agent-extra.
2026-07-21T12:27:37.482867+02:00 HOST-REDACTED-B systemd[1]: gpg-agent-ssh@etc-pacman.d-gnupg.socket: Deactivated successfully.
2026-07-21T12:27:37.482929+02:00 HOST-REDACTED-B systemd[1]: Closed GnuPG cryptographic agent (ssh-agent emulation) for /etc/pacman.d/gnupg.
2026-07-21T12:27:37.483152+02:00 HOST-REDACTED-B systemd[1]: Removed slice Slice /system/gpg-agent-ssh.
2026-07-21T12:27:37.483241+02:00 HOST-REDACTED-B systemd[1]: gpg-agent@etc-pacman.d-gnupg.socket: Deactivated successfully.
2026-07-21T12:27:37.483301+02:00 HOST-REDACTED-B systemd[1]: Closed GnuPG cryptographic agent and passphrase cache for /etc/pacman.d/gnupg.
2026-07-21T12:27:37.483514+02:00 HOST-REDACTED-B systemd[1]: Removed slice Slice /system/gpg-agent.
2026-07-21T12:27:37.483608+02:00 HOST-REDACTED-B systemd[1]: keyboxd@etc-pacman.d-gnupg.socket: Deactivated successfully.
2026-07-21T12:27:37.483669+02:00 HOST-REDACTED-B systemd[1]: Closed GnuPG public key management service for /etc/pacman.d/gnupg.
2026-07-21T12:27:37.483883+02:00 HOST-REDACTED-B systemd[1]: Removed slice Slice /system/keyboxd.
2026-07-21T12:27:37.483970+02:00 HOST-REDACTED-B systemd[1]: sshd-unix-local.socket: Deactivated successfully.
2026-07-21T12:27:37.484029+02:00 HOST-REDACTED-B systemd[1]: Closed OpenSSH Server Socket (systemd-ssh-generator, AF_UNIX Local).
2026-07-21T12:27:37.484172+02:00 HOST-REDACTED-B systemd[1]: steam-web-debug-portforward.socket: Deactivated successfully.
2026-07-21T12:27:37.484361+02:00 HOST-REDACTED-B systemd[1]: Closed steam-web-debug-portforward.socket.
2026-07-21T12:27:37.484467+02:00 HOST-REDACTED-B systemd[1]: systemd-hostnamed.socket: Deactivated successfully.
2026-07-21T12:27:37.484530+02:00 HOST-REDACTED-B systemd[1]: Closed Hostname Service Socket.
2026-07-21T12:27:37.484631+02:00 HOST-REDACTED-B systemd[1]: systemd-importd.socket: Deactivated successfully.
2026-07-21T12:27:37.484686+02:00 HOST-REDACTED-B systemd[1]: Closed Disk Image Download Service Socket.
2026-07-21T12:27:37.484771+02:00 HOST-REDACTED-B systemd[1]: systemd-tmpfiles-setup.service: Deactivated successfully.
2026-07-21T12:27:37.484847+02:00 HOST-REDACTED-B systemd[1]: Stopped Create System Files and Directories.
2026-07-21T12:27:37.484952+02:00 HOST-REDACTED-B systemd[1]: Stopped target Local File Systems.
2026-07-21T12:27:37.485016+02:00 HOST-REDACTED-B systemd[1]: efi.automount: Deactivated successfully.
2026-07-21T12:27:37.485082+02:00 HOST-REDACTED-B systemd[1]: Unset automount efi.automount.
2026-07-21T12:27:37.485145+02:00 HOST-REDACTED-B systemd[1]: esp.automount: Deactivated successfully.
2026-07-21T12:27:37.485204+02:00 HOST-REDACTED-B systemd[1]: Unset automount esp.automount.
2026-07-21T12:27:37.485723+02:00 HOST-REDACTED-B systemd[1]: Unmounting SteamOS Offload - /nix...
2026-07-21T12:27:37.486103+02:00 HOST-REDACTED-B systemd[1]: Unmounting SteamOS Offload - /opt...
2026-07-21T12:27:37.486592+02:00 HOST-REDACTED-B systemd[1]: Unmounting SteamOS Offload - /root...
2026-07-21T12:27:37.487026+02:00 HOST-REDACTED-B systemd[1]: Unmounting SteamOS Offload - /srv...
2026-07-21T12:27:37.487429+02:00 HOST-REDACTED-B systemd[1]: Unmounting Temporary Directory /tmp...
2026-07-21T12:27:37.487873+02:00 HOST-REDACTED-B systemd[1]: Unmounting SteamOS Offload - /var/cache/pacman...
2026-07-21T12:27:37.488388+02:00 HOST-REDACTED-B systemd[1]: Unmounting SteamOS Offload - /var/lib/docker...
2026-07-21T12:27:37.488876+02:00 HOST-REDACTED-B systemd[1]: Unmounting SteamOS Offload - /var/lib/flatpak...
2026-07-21T12:27:37.503785+02:00 HOST-REDACTED-B systemd[1]: Unmounting SteamOS Offload - /var/lib/steamos-log-submitter...
2026-07-21T12:27:37.504310+02:00 HOST-REDACTED-B systemd[1]: Unmounting SteamOS Offload - /var/lib/systemd/coredump...
2026-07-21T12:27:37.504797+02:00 HOST-REDACTED-B systemd[1]: Unmounting SteamOS Offload - /var/tmp...
2026-07-21T12:27:37.504896+02:00 HOST-REDACTED-B systemd[1]: systemd-growfs@home.service: Deactivated successfully.
2026-07-21T12:27:37.505095+02:00 HOST-REDACTED-B systemd[1]: Stopped Grow File System on /home.
2026-07-21T12:27:37.505566+02:00 HOST-REDACTED-B systemd[1]: Removed slice Slice /system/systemd-growfs.
2026-07-21T12:27:37.506542+02:00 HOST-REDACTED-B systemd[1]: Stopping Flush Journal to Persistent Storage...
2026-07-21T12:27:37.506592+02:00 HOST-REDACTED-B systemd[1]: systemd-repart.service: Deactivated successfully.
2026-07-21T12:27:37.506720+02:00 HOST-REDACTED-B systemd[1]: Stopped Repartition Root Disk.
2026-07-21T12:27:37.511313+02:00 HOST-REDACTED-B systemd[1]: nix.mount: Deactivated successfully.
2026-07-21T12:27:37.511464+02:00 HOST-REDACTED-B systemd[1]: Unmounted SteamOS Offload - /nix.
2026-07-21T12:27:37.511801+02:00 HOST-REDACTED-B systemd[1]: opt.mount: Deactivated successfully.
2026-07-21T12:27:37.511973+02:00 HOST-REDACTED-B systemd[1]: Unmounted SteamOS Offload - /opt.
2026-07-21T12:27:37.512254+02:00 HOST-REDACTED-B systemd[1]: root.mount: Deactivated successfully.
