2026-07-20T19:41:41.051750+02:00 HOST-REDACTED-B gamescope-session[2307]: [gamescope] [Info]  vulkan:   NV12 (0x3231564E)
2026-07-20T19:41:41.051750+02:00 HOST-REDACTED-B gamescope-session[2307]: [gamescope] [Info]  vulkan:   AB4H (0x48344241)
2026-07-20T19:41:41.051750+02:00 HOST-REDACTED-B gamescope-session[2307]: [gamescope] [Info]  vulkan:   XB4H (0x48344258)
2026-07-20T19:41:41.051750+02:00 HOST-REDACTED-B gamescope-session[2307]: [gamescope] [Info]  vulkan:   AB48 (0x38344241)
2026-07-20T19:41:41.051750+02:00 HOST-REDACTED-B gamescope-session[2307]: [gamescope] [Info]  vulkan:   XB48 (0x38344258)
2026-07-20T19:41:41.051750+02:00 HOST-REDACTED-B gamescope-session[2307]: [gamescope] [Info]  vulkan:   AB30 (0x30334241)
2026-07-20T19:41:41.051750+02:00 HOST-REDACTED-B gamescope-session[2307]: [gamescope] [Info]  vulkan:   XB30 (0x30334258)
2026-07-20T19:41:41.051750+02:00 HOST-REDACTED-B gamescope-session[2307]: [gamescope] [Info]  vulkan:   AR30 (0x30335241)
2026-07-20T19:41:41.051750+02:00 HOST-REDACTED-B gamescope-session[2307]: [gamescope] [Info]  vulkan:   XR30 (0x30335258)
2026-07-20T19:41:41.060511+02:00 HOST-REDACTED-B rigsignal-agent[2152]: 2026-07-20T17:41:41.060497Z  INFO rigsignal_agent::collectors::linux::gpu_amd: GPU card path: /sys/class/drm/card0/device
2026-07-20T19:41:41.060511+02:00 HOST-REDACTED-B rigsignal-agent[2152]: 2026-07-20T17:41:41.060507Z  INFO rigsignal_agent::collectors::linux::gpu_amd: GPU hwmon path: /sys/class/drm/card0/device/hwmon/hwmon4
2026-07-20T19:41:41.060776+02:00 HOST-REDACTED-B rigsignal-agent[2152]: 2026-07-20T17:41:41.060767Z  INFO rigsignal_agent: Session UUID-REDACTED started (label: HOST-REDACTED-B)
2026-07-20T19:41:41.061553+02:00 HOST-REDACTED-B gamescope-session[2307]: [gamescope] [Info]  wlserver: Using explicit sync when available
2026-07-20T19:41:41.061584+02:00 HOST-REDACTED-B gamescope-session[2307]: [gamescope] [Info]  wlserver: Running compositor on wayland display 'gamescope-0'
2026-07-20T19:41:41.061584+02:00 HOST-REDACTED-B gamescope-session[2307]: [gamescope] [Info]  wlserver: [backend/headless/backend.c:17] Starting headless backend
2026-07-20T19:41:41.064131+02:00 HOST-REDACTED-B rigsignal-agent[2152]: 2026-07-20T17:41:41.064121Z  INFO rigsignal_agent::session: No game detected — idle polling
2026-07-20T19:41:41.093411+02:00 HOST-REDACTED-B gamescope-session[2307]: [gamescope] [Error] wlserver: [libseat] [libseat/backend/logind.c:124] Could not take device: No such device
2026-07-20T19:41:41.093411+02:00 HOST-REDACTED-B gamescope-session[2307]: [gamescope] [Error] wlserver: [backend/session/session.c:318] Failed to open device: '/dev/input/event16': Resource temporarily unavailable
2026-07-20T19:41:41.098328+02:00 HOST-REDACTED-B gamescope-session[2307]: [gamescope] [Info]  wlserver: Successfully initialized libei for input emulation!
2026-07-20T19:41:41.099598+02:00 HOST-REDACTED-B gamescope-session[2383]: [gamescope] [Info]  wlserver: [xwayland/server.c:107] Starting Xwayland on :0
2026-07-20T19:41:41.099998+02:00 HOST-REDACTED-B gamescope-session[2384]: [gamescope] [Info]  wlserver: [xwayland/server.c:107] Starting Xwayland on :1
2026-07-20T19:41:41.103276+02:00 HOST-REDACTED-B kernel: /proc/cgroups lists only v1 controllers, use cgroup.controllers of root cgroup for v2 info
2026-07-20T19:41:41.168195+02:00 HOST-REDACTED-B systemd[2096]: Started PipeWire PulseAudio.
2026-07-20T19:41:41.195356+02:00 HOST-REDACTED-B rtkit-daemon[2192]: Successfully made thread 2391 of process 2391 owned by '1000' high priority at nice level -11.
2026-07-20T19:41:41.198534+02:00 HOST-REDACTED-B rtkit-daemon[2192]: Successfully made thread 2413 of process 2391 owned by '1000' RT at priority 20.
2026-07-20T19:41:41.205738+02:00 HOST-REDACTED-B gamescope-session[2415]: The XKEYBOARD keymap compiler (xkbcomp) reports:
2026-07-20T19:41:41.205738+02:00 HOST-REDACTED-B gamescope-session[2415]: > Warning:          Could not resolve keysym XF86RefreshRateToggle
2026-07-20T19:41:41.205938+02:00 HOST-REDACTED-B gamescope-session[2415]: > Warning:          Could not resolve keysym XF86Accessibility
2026-07-20T19:41:41.205938+02:00 HOST-REDACTED-B gamescope-session[2415]: > Warning:          Could not resolve keysym XF86DoNotDisturb
2026-07-20T19:41:41.206062+02:00 HOST-REDACTED-B gamescope-session[2414]: The XKEYBOARD keymap compiler (xkbcomp) reports:
2026-07-20T19:41:41.206062+02:00 HOST-REDACTED-B gamescope-session[2414]: > Warning:          Could not resolve keysym XF86RefreshRateToggle
2026-07-20T19:41:41.206205+02:00 HOST-REDACTED-B gamescope-session[2414]: > Warning:          Could not resolve keysym XF86Accessibility
2026-07-20T19:41:41.206205+02:00 HOST-REDACTED-B gamescope-session[2414]: > Warning:          Could not resolve keysym XF86DoNotDisturb
2026-07-20T19:41:41.206255+02:00 HOST-REDACTED-B gamescope-session[2415]: Errors from xkbcomp are not fatal to the X server
2026-07-20T19:41:41.206594+02:00 HOST-REDACTED-B gamescope-session[2414]: Errors from xkbcomp are not fatal to the X server
2026-07-20T19:41:41.210078+02:00 HOST-REDACTED-B gamescope-session[2307]: [gamescope] [Info]  pipewire: stream state changed: connecting
2026-07-20T19:41:41.210927+02:00 HOST-REDACTED-B gamescope-session[2307]: [gamescope] [Info]  pipewire: stream state changed: paused
2026-07-20T19:41:41.210944+02:00 HOST-REDACTED-B gamescope-session[2307]: [gamescope] [Info]  pipewire: stream available on node ID: 98
2026-07-20T19:41:41.215459+02:00 HOST-REDACTED-B gamescope-session[2307]: [gamescope] [Info]  xwm: Embedded, no cursor set. Using left_ptr by default.
2026-07-20T19:41:41.224447+02:00 HOST-REDACTED-B gamescope-session[2307]: [gamescope] [Info]  xwm: Embedded, no cursor set. Using left_ptr by default.
2026-07-20T19:41:41.229548+02:00 HOST-REDACTED-B gamescope-session[2307]: [gamescope] [Info]  vblank: Using timerfd.
2026-07-20T19:41:41.230038+02:00 HOST-REDACTED-B gamescope-session[2307]: [gamescope] [Info]  edid: Wrote new edid to: /<USER-REDACTED>/.config/gamescope/edid.bin
2026-07-20T19:41:41.232978+02:00 HOST-REDACTED-B gamescope-session[2307]: [gamescope] [Info]  wlserver: Updating mode for xwayland server #0: 3840x2160@120
2026-07-20T19:41:41.234202+02:00 HOST-REDACTED-B systemd[2096]: Started Gamescope Session.
2026-07-20T19:41:41.234707+02:00 HOST-REDACTED-B systemd[2096]: Reached target Current graphical user session.
2026-07-20T19:41:41.234797+02:00 HOST-REDACTED-B systemd[2096]: galileo mura setup was skipped because of an unmet condition check (ConditionFirmware=smbios-field(product_name="Galileo")).
2026-07-20T19:41:41.235828+02:00 HOST-REDACTED-B systemd[2096]: Starting mangoapp...
2026-07-20T19:41:41.236751+02:00 HOST-REDACTED-B systemd[2096]: Starting Xbindkeys for Gamescope session...
2026-07-20T19:41:41.237728+02:00 HOST-REDACTED-B systemd[2096]: Starting Wrapper for Ibus...
2026-07-20T19:41:41.238672+02:00 HOST-REDACTED-B systemd[2096]: Starting Steam Launcher...
2026-07-20T19:41:41.259290+02:00 HOST-REDACTED-B systemd[2096]: Started Steam Notification Daemon.
2026-07-20T19:41:41.259940+02:00 HOST-REDACTED-B systemd[2096]: Started Xbindkeys for Gamescope session.
2026-07-20T19:41:41.260606+02:00 HOST-REDACTED-B systemd[2096]: Started mangoapp.
2026-07-20T19:41:41.261954+02:00 HOST-REDACTED-B steam-short-session-tracker[2434]: /usr/lib/steamos/steam-short-session-tracker: line 33: /tmp/steamos-short-session-tracker: No such file or directory
2026-07-20T19:41:41.267887+02:00 HOST-REDACTED-B systemd[2096]: Started Steam Launcher.
2026-07-20T19:41:41.299025+02:00 HOST-REDACTED-B steam-runtime-steam-remote[2463]: steam-runtime-steam-remote: Steam is not running: No such device or address
2026-07-20T19:41:41.400010+02:00 HOST-REDACTED-B mangoapp[2428]: [2026-07-20 19:41:41.399] [MANGOHUD] [info] [cpu.cpp:636] hwmon: using input: /sys/class/hwmon/hwmon1/temp1_input
2026-07-20T19:41:41.471551+02:00 HOST-REDACTED-B ibus-daemon[2496]: /usr/share/ibus-table/engine/main.py:232: DeprecationWarning: Testing an element's truth value will always return True in future versions.  Use specific 'len(elem)' or 'elem is not None' test instead.
2026-07-20T19:41:41.471551+02:00 HOST-REDACTED-B ibus-daemon[2496]:   if element:
2026-07-20T19:41:41.493319+02:00 HOST-REDACTED-B systemd[2096]: Started Wrapper for Ibus.
2026-07-20T19:41:41.493702+02:00 HOST-REDACTED-B systemd[2096]: Reached target Gamescope Session.
2026-07-20T19:41:41.495365+02:00 HOST-REDACTED-B systemd[2096]: Created slice Slice /app/dbus-:1.1-org.freedesktop.portal.IBus.
2026-07-20T19:41:41.496154+02:00 HOST-REDACTED-B systemd[2096]: Started dbus-:1.1-org.freedesktop.portal.IBus@0.service.
2026-07-20T19:41:41.880101+02:00 HOST-REDACTED-B steam[2476]: steam.sh[2439]: Running Steam on steamos rolling 64-bit
2026-07-20T19:41:41.880319+02:00 HOST-REDACTED-B steam[2476]: steam.sh[2439]: STEAM_RUNTIME is enabled automatically
2026-07-20T19:41:41.916007+02:00 HOST-REDACTED-B steam[2476]: setup.sh[2603]: Steam runtime environment up-to-date!
2026-07-20T19:41:42.025934+02:00 HOST-REDACTED-B steam[2476]: steam.sh[2439]: Log already open
2026-07-20T19:41:42.039272+02:00 HOST-REDACTED-B steam[2476]: steam.sh[2439]: Steam client's requirements are satisfied
2026-07-20T19:41:42.047644+02:00 HOST-REDACTED-B steam[2476]: CProcessEnvironmentManager is ready, 5 preallocated environment variables.
2026-07-20T19:41:42.050510+02:00 HOST-REDACTED-B steam[2476]: [2026-07-20 19:41:42] Startup - updater built Jul 14 2026 22:52:38
2026-07-20T19:41:42.050532+02:00 HOST-REDACTED-B steam[2476]: [2026-07-20 19:41:42] Startup - Steam Client launched with: '/<USER-REDACTED>/.local/share/Steam/ubuntu12_32/steam' '-srt-logger-opened' '-steamdeck' '-pipewire' '-steamos3' '-steampal' '-steamdeck' '-gamepadui'
2026-07-20T19:41:42.050532+02:00 HOST-REDACTED-B steam[2476]: [2026-07-20 19:41:42] Opted in to client beta 'steamdeck_publicbeta' via beta file
2026-07-20T19:41:42.050565+02:00 HOST-REDACTED-B steam[2476]: You are in the 'steamdeck_publicbeta' client beta.
2026-07-20T19:41:42.053166+02:00 HOST-REDACTED-B steam[2476]: 07/20 19:41:42 minidumps folder is set to /tmp/dumps
2026-07-20T19:41:42.053351+02:00 HOST-REDACTED-B steam[2476]: 07/20 19:41:42 Init: Installing breakpad exception handler for appid(steam)/version(1784145295)/tid(2649)
2026-07-20T19:41:42.057687+02:00 HOST-REDACTED-B steam[2476]: CProcessEnvironmentManager is ready, 5 preallocated environment variables.
2026-07-20T19:41:42.059301+02:00 HOST-REDACTED-B steam[2476]: [2026-07-20 19:41:42] Process started with command-line: '/<USER-REDACTED>/.local/share/Steam/ubuntu12_32/steam' '-child-update-ui' '-child-update-ui-socket' '8' '-srt-logger-opened' '-steamdeck' '-pipewire' '-steamos3' '-steampal' '-steamdeck' '-gamepadui'
2026-07-20T19:41:42.059542+02:00 HOST-REDACTED-B steam[2476]: 07/20 19:41:42 minidumps folder is set to /tmp/dumps
2026-07-20T19:41:42.062710+02:00 HOST-REDACTED-B steam[2476]: [2026-07-20 19:41:42] Using update UI: glx
2026-07-20T19:41:42.062743+02:00 HOST-REDACTED-B steam[2476]: 07/20 19:41:42 Init: Installing breakpad exception handler for appid(steam)/version(0)/tid(2650)
2026-07-20T19:41:42.062907+02:00 HOST-REDACTED-B steam[2476]: [2026-07-20 19:41:42] Create window
2026-07-20T19:41:42.070381+02:00 HOST-REDACTED-B steam[2476]: [2026-07-20 19:41:42] Loading cached metrics from disk (/<USER-REDACTED>/.local/share/Steam/package/steam_client_metrics.bin)
2026-07-20T19:41:42.070929+02:00 HOST-REDACTED-B steam[2476]: [2026-07-20 19:41:42] Using the following download hosts for Public, Realm steamglobal
2026-07-20T19:41:42.070945+02:00 HOST-REDACTED-B steam[2476]: [2026-07-20 19:41:42] 1. https://client-update.fastly.steamstatic.com, /, Realm 'steamglobal', weight was 900, source = 'update_hosts_cached.vdf'
2026-07-20T19:41:42.070958+02:00 HOST-REDACTED-B steam[2476]: [2026-07-20 19:41:42] 2. https://client-update.akamai.steamstatic.com, /, Realm 'steamglobal', weight was 400, source = 'update_hosts_cached.vdf'
2026-07-20T19:41:42.070974+02:00 HOST-REDACTED-B steam[2476]: [2026-07-20 19:41:42] 3. https://client-update.steamstatic.com, /, Realm 'steamglobal', weight was 1, source = 'baked in'
2026-07-20T19:41:42.071554+02:00 HOST-REDACTED-B steam[2476]: [2026-07-20 19:41:42] Verifying installation...
2026-07-20T19:41:42.071570+02:00 HOST-REDACTED-B steam[2476]: [2026-07-20 19:41:42] Verifying file sizes only
2026-07-20T19:41:42.191869+02:00 HOST-REDACTED-B steam[2476]: [2026-07-20 19:41:42] Set percent complete: 0
2026-07-20T19:41:42.200175+02:00 HOST-REDACTED-B steam[2476]: [2026-07-20 19:41:42] Set percent complete: -1
2026-07-20T19:41:42.231571+02:00 HOST-REDACTED-B steam[2476]: [2026-07-20 19:41:42] Set status message: Verifying installation...
2026-07-20T19:41:42.284806+02:00 HOST-REDACTED-B steam[2476]: [2026-07-20 19:41:42] Verification complete
2026-07-20T19:41:42.285468+02:00 HOST-REDACTED-B steam[2476]: UpdateUI: skip show logo
2026-07-20T19:41:42.299941+02:00 HOST-REDACTED-B steam[2476]: [2026-07-20 19:41:42] Destroy window
2026-07-20T19:41:42.361297+02:00 HOST-REDACTED-B steam[2476]: [2026-07-20 19:41:42] Shutdown
2026-07-20T19:41:42.361375+02:00 HOST-REDACTED-B steam[2476]: Steam logging initialized: directory: /<USER-REDACTED>/.local/share/Steam/logs
2026-07-20T19:41:42.367877+02:00 HOST-REDACTED-B systemd[2096]: Starting Portal service...
2026-07-20T19:41:42.395781+02:00 HOST-REDACTED-B systemd[2096]: Starting sandboxed app permission store...
2026-07-20T19:41:42.414034+02:00 HOST-REDACTED-B systemd[2096]: Started sandboxed app permission store.
2026-07-20T19:41:42.416788+02:00 HOST-REDACTED-B systemd[2096]: Starting flatpak document portal service...
2026-07-20T19:41:42.424604+02:00 HOST-REDACTED-B systemd[2096]: Started flatpak document portal service.
2026-07-20T19:41:42.429794+02:00 HOST-REDACTED-B systemd[2096]: Starting Portal service (Holo implementation)...
2026-07-20T19:41:42.436555+02:00 HOST-REDACTED-B xdg-desktop-portal-holo[2689]: INFO: Name acquired: org.freedesktop.impl.portal.desktop.holo
2026-07-20T19:41:42.436552+02:00 HOST-REDACTED-B systemd[2096]: Started Portal service (Holo implementation).
2026-07-20T19:41:42.447729+02:00 HOST-REDACTED-B systemd[2096]: Starting Portal service (gamescope implementation)...
2026-07-20T19:41:42.465132+02:00 HOST-REDACTED-B gamescope-session[2307]: [gamescope] [Info]  console: gamescope version 3.16.23.5 (gcc 15.1.1)
2026-07-20T19:41:42.465337+02:00 HOST-REDACTED-B xdg-desktop-portal-gamescope[2709]: gamescope version 3.16.23.5 (gcc 15.1.1)
2026-07-20T19:41:42.465936+02:00 HOST-REDACTED-B systemd[2096]: Started Portal service (gamescope implementation).
2026-07-20T19:41:42.470116+02:00 HOST-REDACTED-B systemd[2096]: Started Portal service.
2026-07-20T19:41:42.473057+02:00 HOST-REDACTED-B systemd[1]: proc-sys-fs-binfmt_misc.automount: Got automount request for /proc/sys/fs/binfmt_misc, triggered by 2649 (steam)
2026-07-20T19:41:42.474067+02:00 HOST-REDACTED-B systemd[1]: Mounting Arbitrary Executable File Formats File System...
2026-07-20T19:41:42.485413+02:00 HOST-REDACTED-B systemd[1]: Mounted Arbitrary Executable File Formats File System.
2026-07-20T19:41:42.525806+02:00 HOST-REDACTED-B steam[2476]: XOpenIM() failed, LANG = en_US.UTF-8
2026-07-20T19:41:42.527806+02:00 HOST-REDACTED-B steam[2476]: XOpenIM() failed, LANG = en_US.UTF-8XRRGetOutputInfo Workaround: initialized with override: 1 real: 0xf667c370
2026-07-20T19:41:42.527836+02:00 HOST-REDACTED-B steam[2476]: XRRGetCrtcInfo Workaround: initialized with override: 1 real: 0xf667acc0
2026-07-20T19:41:42.586790+02:00 HOST-REDACTED-B steam[2476]: 07/20 19:41:42 minidumps folder is set to /tmp/dumps
2026-07-20T19:41:42.586840+02:00 HOST-REDACTED-B steam[2476]: 07/20 19:41:42 Init: Installing breakpad exception handler for appid(steamsysinfo)/version(1784145295)/tid(2725)
2026-07-20T19:41:42.586920+02:00 HOST-REDACTED-B steam[2476]: Running query: 1 - GpuTopology
2026-07-20T19:41:42.597963+02:00 HOST-REDACTED-B steam[2476]: ATTENTION: default value of option vk_xwayland_wait_ready overridden by environment.
2026-07-20T19:41:42.599328+02:00 HOST-REDACTED-B steam[2476]: ATTENTION: default value of option vk_xwayland_wait_ready overridden by environment.
2026-07-20T19:41:42.600630+02:00 HOST-REDACTED-B steam[2476]: [Gamescope WSI] Application info:
2026-07-20T19:41:42.600658+02:00 HOST-REDACTED-B steam[2476]:   pApplicationName: Steam Gpu Query
2026-07-20T19:41:42.600658+02:00 HOST-REDACTED-B steam[2476]:   applicationVersion: 4194304
2026-07-20T19:41:42.600658+02:00 HOST-REDACTED-B steam[2476]:   pEngineName: Steam Gpu Query Engine
2026-07-20T19:41:42.600699+02:00 HOST-REDACTED-B steam[2476]:   engineVersion: 4194304
2026-07-20T19:41:42.600699+02:00 HOST-REDACTED-B steam[2476]:   apiVersion: 4202496
2026-07-20T19:41:42.600699+02:00 HOST-REDACTED-B steam[2476]: [Gamescope WSI] Executable name: steamsysinfo
2026-07-20T19:41:42.602575+02:00 HOST-REDACTED-B steam[2476]: WARNING: radv is not a conformant Vulkan implementation, testing use only.
2026-07-20T19:41:42.608750+02:00 HOST-REDACTED-B steam[2476]: Response: gpu_topology {
2026-07-20T19:41:42.608788+02:00 HOST-REDACTED-B steam[2476]:   gpus {
2026-07-20T19:41:42.608788+02:00 HOST-REDACTED-B steam[2476]:     id: 1
2026-07-20T19:41:42.608788+02:00 HOST-REDACTED-B steam[2476]:     name: "AMD Radeon RX 9060 XT (RADV GFX1200)"
2026-07-20T19:41:42.608788+02:00 HOST-REDACTED-B steam[2476]:     vram_size_bytes: 17095983104
2026-07-20T19:41:42.608788+02:00 HOST-REDACTED-B steam[2476]:     driver_id: k_EGpuDriverId_MesaRadv
2026-07-20T19:41:42.608869+02:00 HOST-REDACTED-B steam[2476]:     driver_version_major: 26
2026-07-20T19:41:42.608869+02:00 HOST-REDACTED-B steam[2476]:     driver_version_minor: 1
2026-07-20T19:41:42.608869+02:00 HOST-REDACTED-B steam[2476]:     driver_version_patch: 99
2026-07-20T19:41:42.608869+02:00 HOST-REDACTED-B steam[2476]:     luid: 0
2026-07-20T19:41:42.608869+02:00 HOST-REDACTED-B steam[2476]:   }
2026-07-20T19:41:42.608869+02:00 HOST-REDACTED-B steam[2476]:   default_gpu_id: 1
2026-07-20T19:41:42.608869+02:00 HOST-REDACTED-B steam[2476]: }
2026-07-20T19:41:42.608869+02:00 HOST-REDACTED-B steam[2476]: Exit code: 0
2026-07-20T19:41:42.608969+02:00 HOST-REDACTED-B steam[2476]: Saving response to: /tmp/steamIlnJfE - 62 bytes
2026-07-20T19:41:42.674662+02:00 HOST-REDACTED-B steamwebhelper[2751]: steamwebhelper.sh[2741]: Starting steamwebhelper under bootstrap steamrt steam runtime via: /<USER-REDACTED>/.local/share/Steam/steamrt64/pv-runtime/steam-runtime-steamrt/_v2-entry-point
2026-07-20T19:41:42.675176+02:00 HOST-REDACTED-B steamwebhelper[2751]: steamwebhelper.sh[2741]: CEF sandbox already disabled
2026-07-20T19:41:42.675568+02:00 HOST-REDACTED-B steamwebhelper[2751]: steamwebhelper.sh[2741]: Starting steamwebhelper with steamrt steam runtime at /<USER-REDACTED>/.local/share/Steam/steamrt64/pv-runtime/steam-runtime-steamrt/_v2-entry-point
2026-07-20T19:41:43.038347+02:00 HOST-REDACTED-B bluetoothd[1458]: profiles/input/device.c:hidp_report_req_timeout() Device MAC-REDACTED HIDP GET_REPORT request timed out
2026-07-20T19:41:43.183836+02:00 HOST-REDACTED-B rtkit-daemon[2192]: Successfully made thread 2809 of process 2649 owned by '1000' high priority at nice level -10.
2026-07-20T19:41:43.188512+02:00 HOST-REDACTED-B systemd[1]: Starting Daemon for power management...
2026-07-20T19:41:43.224867+02:00 HOST-REDACTED-B upowerd[2823]: The "Ignore" CriticalPowerAction setting is considered risky: abrupt power loss due to battery exhaustion may lead to data corruption. Use AllowRiskyCriticalPowerAction=false to disable support for risky settings.
2026-07-20T19:41:43.278946+02:00 HOST-REDACTED-B rtkit-daemon[2192]: Successfully made thread 2810 of process 2649 owned by '1000' high priority at nice level -10.
2026-07-20T19:41:43.279807+02:00 HOST-REDACTED-B systemd[1]: Started Daemon for power management.
2026-07-20T19:41:43.286098+02:00 HOST-REDACTED-B systemd[2096]: steam-launcher.service: Got notification message from PID 2839, but reception is disabled
2026-07-20T19:41:43.309173+02:00 HOST-REDACTED-B pkexec[2841]: pam_unix(polkit-1:session): session opened for user root(uid=0) by USER-REDACTED(uid=1000)
2026-07-20T19:41:43.312102+02:00 HOST-REDACTED-B pkexec[2841]: USER-REDACTED: Executing command [USER=root] [TTY=unknown] [CWD=/<USER-REDACTED>/.local/share/Steam] [COMMAND=/usr/bin/steamos-polkit-helpers/jupiter-fan-control --disable]
2026-07-20T19:41:43.333215+02:00 HOST-REDACTED-B mangoapp[2428]: [2026-07-20 19:41:43.333] [MANGOHUD] [error] [overlay_params.cpp:758] Unknown option 'nis_steam_sharpness'
2026-07-20T19:41:43.335098+02:00 HOST-REDACTED-B steam[2476]: Steam Runtime Launch Service: starting steam-runtime-launcher-service
2026-07-20T19:41:43.336131+02:00 HOST-REDACTED-B steam[2476]: Steam Runtime Launch Service: steam-runtime-launcher-service is running pid 2864
2026-07-20T19:41:43.340140+02:00 HOST-REDACTED-B mangoapp[2428]: [2026-07-20 19:41:43.340] [MANGOHUD] [error] [overlay_params.cpp:758] Unknown option 'nis_steam_sharpness'
2026-07-20T19:41:43.345161+02:00 HOST-REDACTED-B steam[2476]: bus_name=com.steampowered.PressureVessel.LaunchAlongsideSteam
2026-07-20T19:41:43.345931+02:00 HOST-REDACTED-B steamwebhelper[2751]: i386-linux-gnu-capsule-capture-libs: warning: Dependencies of /usr/lib32/libMangoHud.so not found, ignoring: Missing dependencies: Could not find "libxkbcommon.so.0" in LD_LIBRARY_PATH "/<USER-REDACTED>/.local/share/Steam/ubuntu12_32:/<USER-REDACTED>/.local/share/Steam/ubuntu12_32/panorama:/usr/lib32:/usr/lib/perf:/usr/lib", ld.so.cache, DT_RUNPATH or fallback /lib/i386-linux-gnu:/usr/lib/i386-linux-gnu:/usr/i686-pc-linux-gnu/lib:/lib32:/usr/lib32:/lib:/usr/lib
2026-07-20T19:41:43.347730+02:00 HOST-REDACTED-B gamescope-session[2307]: [gamescope] [Info]  wlserver: Updating mode for xwayland server #0: 3840x2160@120
2026-07-20T19:41:43.421273+02:00 HOST-REDACTED-B gamescope-session[2307]: [gamescope] [Info]  binding: (VolumeUp) -> Adding new trigger [XF86AudioRaiseVolume].
2026-07-20T19:41:43.421344+02:00 HOST-REDACTED-B gamescope-session[2307]: [gamescope] [Info]  binding: (VolumeDown) -> Adding new trigger [XF86AudioLowerVolume].
2026-07-20T19:41:43.448208+02:00 HOST-REDACTED-B systemd[1]: systemd-rfkill.service: Deactivated successfully.
2026-07-20T19:41:43.499189+02:00 HOST-REDACTED-B gpu-trace[1463]: INFO - Executing get tracing status command
2026-07-20T19:41:43.499437+02:00 HOST-REDACTED-B gpu-trace[1463]: 127.0.0.1 - - [20/Jul/2026 19:41:43] "POST / HTTP/1.1" 200 -
2026-07-20T19:41:43.500270+02:00 HOST-REDACTED-B kernel: r8169 0000:06:00.0 enp6s0: Link is Up - 2.5Gbps/Full - flow control rx/tx
2026-07-20T19:41:43.500258+02:00 HOST-REDACTED-B NetworkManager[1878]: <info>  [1784569303.5002] device (enp6s0): carrier: link connected
2026-07-20T19:41:43.500440+02:00 HOST-REDACTED-B NetworkManager[1878]: <info>  [1784569303.5004] device (enp6s0): state change: unavailable -> disconnected (reason 'carrier-changed', managed-type: 'full')
2026-07-20T19:41:43.500807+02:00 HOST-REDACTED-B NetworkManager[1878]: <info>  [1784569303.5007] policy: auto-activating connection 'Wired connection 1' (UUID-REDACTED)
2026-07-20T19:41:43.501002+02:00 HOST-REDACTED-B NetworkManager[1878]: <info>  [1784569303.5009] device (enp6s0): Activation: starting connection 'Wired connection 1' (UUID-REDACTED)
2026-07-20T19:41:43.501049+02:00 HOST-REDACTED-B NetworkManager[1878]: <info>  [1784569303.5010] device (enp6s0): state change: disconnected -> prepare (reason 'none', managed-type: 'full')
2026-07-20T19:41:43.501170+02:00 HOST-REDACTED-B NetworkManager[1878]: <info>  [1784569303.5011] manager: NetworkManager state is now CONNECTING
2026-07-20T19:41:43.501245+02:00 HOST-REDACTED-B NetworkManager[1878]: <info>  [1784569303.5012] device (enp6s0): state change: prepare -> config (reason 'none', managed-type: 'full')
2026-07-20T19:41:43.501417+02:00 HOST-REDACTED-B mangoapp[2428]: [2026-07-20 19:41:43.501] [MANGOHUD] [error] [overlay_params.cpp:758] Unknown option 'nis_steam_sharpness'
2026-07-20T19:41:43.508747+02:00 HOST-REDACTED-B NetworkManager[1878]: <info>  [1784569303.5087] device (enp6s0): state change: config -> ip-config (reason 'none', managed-type: 'full')
2026-07-20T19:41:43.509059+02:00 HOST-REDACTED-B NetworkManager[1878]: <info>  [1784569303.5090] dhcp4 (enp6s0): activation: beginning transaction (timeout in 45 seconds)
2026-07-20T19:41:43.509475+02:00 HOST-REDACTED-B avahi-daemon[1457]: Joining mDNS multicast group on interface enp6s0.IPv6 with address 2001:db8::1.
2026-07-20T19:41:43.509498+02:00 HOST-REDACTED-B avahi-daemon[1457]: New relevant interface enp6s0.IPv6 for mDNS.
2026-07-20T19:41:43.537197+02:00 HOST-REDACTED-B NetworkManager[1878]: <info>  [1784569303.5371] dhcp4 (enp6s0): state changed new lease, address=IP-REDACTED, acd pending
2026-07-20T19:41:43.542170+02:00 HOST-REDACTED-B systemd[2096]: Starting Accessibility services bus...
2026-07-20T19:41:43.562883+02:00 HOST-REDACTED-B systemd[2096]: Started Accessibility services bus.
2026-07-20T19:41:43.565866+02:00 HOST-REDACTED-B dbus-broker-launch[2959]: Ready
2026-07-20T19:41:43.573439+02:00 HOST-REDACTED-B gpu-trace[1463]: INFO - Executing get tracing status command
2026-07-20T19:41:43.573492+02:00 HOST-REDACTED-B gpu-trace[1463]: 127.0.0.1 - - [20/Jul/2026 19:41:43] "POST / HTTP/1.1" 200 -
2026-07-20T19:41:43.682930+02:00 HOST-REDACTED-B steamwebhelper[2751]: exec ./steamwebhelper -nocrashdialog -lang=en_US -cachedir=/<USER-REDACTED>/.local/share/Steam/config/htmlcache -steampid=2649 -buildid=1784145295 -steamid=0 -logdir=/<USER-REDACTED>/.local/share/Steam/logs -uimode=4 -startcount=0 -steamos3 -steamuniverse=Public -realm=Global -clientui=/<USER-REDACTED>/.local/share/Steam/clientui -steampath=/<USER-REDACTED>/.local/share/Steam/ubuntu12_32/steam -launcher=0 --valve-enable-accessibility --valve-enable-site-isolation --enable-smooth-scrolling --no-sandbox --password-store=basic --log-file=/<USER-REDACTED>/.local/share/Steam/logs/cef_log.txt --disable-quick-menu --disable-component-update --gaia-url=http://disabled.invalid --enable-features=PlatformHEVCDecoderSupport --disable-features=WinRetrieveSuggestionsOnlyOnDemand,SpareRendererForSitePerProcess,DcheckIsFatal,BlockPromptsIfIgnoredOften,WebUsbDeviceDetection,ValveFFmpegAllowLowDelayHEVC
2026-07-20T19:41:43.722323+02:00 HOST-REDACTED-B NetworkManager[1878]: <info>  [1784569303.7223] dhcp4 (enp6s0): state changed new lease, address=IP-REDACTED
2026-07-20T19:41:43.722551+02:00 HOST-REDACTED-B avahi-daemon[1457]: Joining mDNS multicast group on interface enp6s0.IPv4 with address IP-REDACTED.
2026-07-20T19:41:43.722591+02:00 HOST-REDACTED-B avahi-daemon[1457]: New relevant interface enp6s0.IPv4 for mDNS.
2026-07-20T19:41:43.722794+02:00 HOST-REDACTED-B NetworkManager[1878]: <info>  [1784569303.7227] policy: set 'Wired connection 1' (enp6s0) as default for IPv4 routing and DNS
2026-07-20T19:41:43.723362+02:00 HOST-REDACTED-B systemd-resolved[620]: enp6s0: Bus client set default route setting: yes
2026-07-20T19:41:43.723660+02:00 HOST-REDACTED-B systemd-resolved[620]: enp6s0: Bus client set DNS server list to: IP-REDACTED
2026-07-20T19:41:43.725105+02:00 HOST-REDACTED-B NetworkManager[1878]: <info>  [1784569303.7250] device (enp6s0): state change: ip-config -> ip-check (reason 'none', managed-type: 'full')
2026-07-20T19:41:43.725748+02:00 HOST-REDACTED-B NetworkManager[1878]: <info>  [1784569303.7257] device (enp6s0): state change: ip-check -> secondaries (reason 'none', managed-type: 'full')
2026-07-20T19:41:43.725804+02:00 HOST-REDACTED-B NetworkManager[1878]: <info>  [1784569303.7257] device (enp6s0): state change: secondaries -> activated (reason 'none', managed-type: 'full')
2026-07-20T19:41:43.725979+02:00 HOST-REDACTED-B NetworkManager[1878]: <info>  [1784569303.7259] manager: NetworkManager state is now CONNECTED_SITE
2026-07-20T19:41:43.726113+02:00 HOST-REDACTED-B NetworkManager[1878]: <info>  [1784569303.7261] device (enp6s0): Activation: successful, device activated.
2026-07-20T19:41:43.726384+02:00 HOST-REDACTED-B NetworkManager[1878]: <info>  [1784569303.7263] manager: startup complete
2026-07-20T19:41:43.727736+02:00 HOST-REDACTED-B systemd[1]: Finished Network Manager Wait Online.
2026-07-20T19:41:43.728092+02:00 HOST-REDACTED-B systemd[1]: Reached target Network is Online.
2026-07-20T19:41:43.728154+02:00 HOST-REDACTED-B systemd[1]: RigSignal eBPF kernel daemon was skipped because of an unmet condition check (ConditionPathExists=/usr/local/bin/rigsignal-ebpf).
2026-07-20T19:41:43.728233+02:00 HOST-REDACTED-B systemd[1]: Reached target Multi-User System.
2026-07-20T19:41:43.728316+02:00 HOST-REDACTED-B systemd[1]: Reached target Graphical Interface.
2026-07-20T19:41:43.729257+02:00 HOST-REDACTED-B systemd[1]: Starting SteamOS Boot Registration...
2026-07-20T19:41:43.753803+02:00 HOST-REDACTED-B systemd[1]: Finished SteamOS Boot Registration.
2026-07-20T19:41:43.757294+02:00 HOST-REDACTED-B systemd[1]: Startup finished in 7.237s (firmware) + 627ms (loader) + 3.101s (kernel) + 7.617s (userspace) = 18.583s.
2026-07-20T19:41:43.830672+02:00 HOST-REDACTED-B NetworkManager[1878]: <info>  [1784569303.8306] manager: NetworkManager state is now CONNECTED_GLOBAL
2026-07-20T19:41:44.283428+02:00 HOST-REDACTED-B steam[2476]: [2026-07-20 19:41:44] Background update loop checking for update. . .
2026-07-20T19:41:44.283525+02:00 HOST-REDACTED-B steam[2476]: [2026-07-20 19:41:44] Checking for available updates...
2026-07-20T19:41:44.283543+02:00 HOST-REDACTED-B steam[2476]: [2026-07-20 19:41:44] Downloading manifest: https://client-update.fastly.steamstatic.com/steam_client_steamdeck_publicbeta_ubuntu12
2026-07-20T19:41:44.300139+02:00 HOST-REDACTED-B steam[2476]: [2026-07-20 19:41:44] Manifest download: send request
2026-07-20T19:41:44.346445+02:00 HOST-REDACTED-B iwd[2011]: invalid HE capabilities for MAC-REDACTED
2026-07-20T19:41:44.346445+02:00 HOST-REDACTED-B iwd[2011]: invalid HE capabilities for MAC-REDACTED
2026-07-20T19:41:44.420776+02:00 HOST-REDACTED-B gamescope-session[3189]: The XKEYBOARD keymap compiler (xkbcomp) reports:
2026-07-20T19:41:44.420776+02:00 HOST-REDACTED-B gamescope-session[3189]: > Warning:          Unsupported maximum keycode 708, clipping.
2026-07-20T19:41:44.420776+02:00 HOST-REDACTED-B gamescope-session[3189]: >                   X11 cannot support keycodes above 255.
2026-07-20T19:41:44.421441+02:00 HOST-REDACTED-B gamescope-session[3190]: The XKEYBOARD keymap compiler (xkbcomp) reports:
2026-07-20T19:41:44.421672+02:00 HOST-REDACTED-B gamescope-session[3190]: >
2026-07-20T19:41:44.421672+02:00 HOST-REDACTED-B gamescope-session[3189]: > Warning:          Could not resolve keysym XF86RefreshRateToggle
2026-07-20T19:41:44.421714+02:00 HOST-REDACTED-B gamescope-session[3189]: > Warning:          Could not resolve keysym XF86Accessibility
2026-07-20T19:41:44.421731+02:00 HOST-REDACTED-B gamescope-session[3189]: > Warning:          Could not resolve keysym XF86DoNotDisturb
2026-07-20T19:41:44.421773+02:00 HOST-REDACTED-B gamescope-session[3190]: Warning:          Unsupported maximum keycode 708, clipping.
2026-07-20T19:41:44.421833+02:00 HOST-REDACTED-B gamescope-session[3190]: >                   X11 cannot support keycodes above 255.
2026-07-20T19:41:44.422181+02:00 HOST-REDACTED-B gamescope-session[3189]: Errors from xkbcomp are not fatal to the X server
2026-07-20T19:41:44.422561+02:00 HOST-REDACTED-B systemd[1]: Starting Atomic Update Daemon...
2026-07-20T19:41:44.422639+02:00 HOST-REDACTED-B gamescope-session[3190]: > Warning:          Could not resolve keysym XF86RefreshRateToggle
2026-07-20T19:41:44.422661+02:00 HOST-REDACTED-B gamescope-session[3190]: > Warning:          Could not resolve keysym XF86Accessibility
2026-07-20T19:41:44.422679+02:00 HOST-REDACTED-B gamescope-session[3190]: > Warning:          Could not resolve keysym XF86DoNotDisturb
2026-07-20T19:41:44.422986+02:00 HOST-REDACTED-B gamescope-session[3190]: Errors from xkbcomp are not fatal to the X server
2026-07-20T19:41:44.449679+02:00 HOST-REDACTED-B systemd[1]: Starting Time & Date Service...
2026-07-20T19:41:44.450172+02:00 HOST-REDACTED-B pkexec[3199]: pam_unix(polkit-1:session): session opened for user root(uid=0) by USER-REDACTED(uid=1000)
2026-07-20T19:41:44.453670+02:00 HOST-REDACTED-B pkexec[3199]: USER-REDACTED: Executing command [USER=root] [TTY=unknown] [CWD=/<USER-REDACTED>/.local/share/Steam] [COMMAND=/usr/bin/steamos-polkit-helpers/steamos-devkit-mode --enable]
2026-07-20T19:41:44.462009+02:00 HOST-REDACTED-B systemd[1]: Reload requested from client PID 3260 ('systemctl') (unit user@1000.service)...
2026-07-20T19:41:44.462018+02:00 HOST-REDACTED-B systemd[1]: Reloading...
2026-07-20T19:41:44.533793+02:00 HOST-REDACTED-B steam[2476]: [2026-07-20 19:41:44] Manifest download: waiting for download to finish
2026-07-20T19:41:44.534099+02:00 HOST-REDACTED-B steam[2476]: ATTENTION: default value of option vk_xwayland_wait_ready overridden by environment.
2026-07-20T19:41:44.536369+02:00 HOST-REDACTED-B steam[2476]: ATTENTION: default value of option vk_xwayland_wait_ready overridden by environment.
2026-07-20T19:41:44.540009+02:00 HOST-REDACTED-B steam[2476]: [Gamescope WSI] Application info:
2026-07-20T19:41:44.540077+02:00 HOST-REDACTED-B steam[2476]:   pApplicationName: hellovr_vulkan
2026-07-20T19:41:44.540131+02:00 HOST-REDACTED-B steam[2476]:   applicationVersion: 1
2026-07-20T19:41:44.540185+02:00 HOST-REDACTED-B steam[2476]:   pEngineName: (null)
2026-07-20T19:41:44.540231+02:00 HOST-REDACTED-B steam[2476]:   engineVersion: 1
2026-07-20T19:41:44.540292+02:00 HOST-REDACTED-B steam[2476]:   apiVersion: 4194304
2026-07-20T19:41:44.540354+02:00 HOST-REDACTED-B steam[2476]: [Gamescope WSI] Executable name: vulkandriverquery
2026-07-20T19:41:44.541521+02:00 HOST-REDACTED-B steam[2476]: WARNING: radv is not a conformant Vulkan implementation, testing use only.
2026-07-20T19:41:44.545885+02:00 HOST-REDACTED-B steam[2476]: [Gamescope WSI] Forcing on VK_EXT_swapchain_maintenance1.
2026-07-20T19:41:44.745343+02:00 HOST-REDACTED-B systemd[1]: Reloading finished in 282 ms.
2026-07-20T19:41:44.762751+02:00 HOST-REDACTED-B systemd[1]: Started Time & Date Service.
2026-07-20T19:41:44.777253+02:00 HOST-REDACTED-B sh[3375]: adjtime state 5 status 40 time Mon 2026-07-20 17:41:44.777203 UTC
2026-07-20T19:41:44.783891+02:00 HOST-REDACTED-B steam[2476]: [2026-07-20 19:41:44] Manifest download: finished
2026-07-20T19:41:44.784057+02:00 HOST-REDACTED-B steam[2476]: [2026-07-20 19:41:44] Download skipped: /steam_client_steamdeck_publicbeta_ubuntu12 version 1784145295, installed version 1784145295, existing pending version 0
2026-07-20T19:41:44.784089+02:00 HOST-REDACTED-B steam[2476]: [2026-07-20 19:41:44] Nothing to do
2026-07-20T19:41:45.036180+02:00 HOST-REDACTED-B systemd[2096]: steam-launcher.service: Got notification message from PID 3378, but reception is disabled
2026-07-20T19:41:45.076491+02:00 HOST-REDACTED-B steam[2476]: ATTENTION: default value of option vk_xwayland_wait_ready overridden by environment.
2026-07-20T19:41:45.077433+02:00 HOST-REDACTED-B steam[2476]: ATTENTION: default value of option vk_xwayland_wait_ready overridden by environment.
2026-07-20T19:41:45.078552+02:00 HOST-REDACTED-B steam[2476]: [Gamescope WSI] Application info:
2026-07-20T19:41:45.078552+02:00 HOST-REDACTED-B steam[2476]:   pApplicationName: hellovr_vulkan
2026-07-20T19:41:45.078596+02:00 HOST-REDACTED-B steam[2476]:   applicationVersion: 1
2026-07-20T19:41:45.078596+02:00 HOST-REDACTED-B steam[2476]:   pEngineName: (null)
2026-07-20T19:41:45.078596+02:00 HOST-REDACTED-B steam[2476]:   engineVersion: 1
2026-07-20T19:41:45.078596+02:00 HOST-REDACTED-B steam[2476]:   apiVersion: 4194304
2026-07-20T19:41:45.078596+02:00 HOST-REDACTED-B steam[2476]: [Gamescope WSI] Executable name: vulkandriverquery
2026-07-20T19:41:45.079698+02:00 HOST-REDACTED-B steam[2476]: WARNING: radv is not a conformant Vulkan implementation, testing use only.
2026-07-20T19:41:45.084224+02:00 HOST-REDACTED-B steam[2476]: [Gamescope WSI] Forcing on VK_EXT_swapchain_maintenance1.
2026-07-20T19:41:45.722316+02:00 HOST-REDACTED-B systemd[2096]: Created slice Slice /app/dbus-:1.40-org.a11y.atspi.Registry.
2026-07-20T19:41:45.723314+02:00 HOST-REDACTED-B systemd[2096]: Started dbus-:1.40-org.a11y.atspi.Registry@0.service.
2026-07-20T19:41:45.747962+02:00 HOST-REDACTED-B at-spi2-registryd[3437]: SpiRegistry daemon is running with well-known name - org.a11y.atspi.Registry
2026-07-20T19:41:45.756325+02:00 HOST-REDACTED-B pkexec[3446]: pam_unix(polkit-1:session): session opened for user root(uid=0) by USER-REDACTED(uid=1000)
2026-07-20T19:41:45.759279+02:00 HOST-REDACTED-B pkexec[3446]: USER-REDACTED: Executing command [USER=root] [TTY=unknown] [CWD=/<USER-REDACTED>/.local/share/Steam] [COMMAND=/usr/bin/steamos-polkit-helpers/jupiter-check-support]
2026-07-20T19:41:45.895180+02:00 HOST-REDACTED-B systemd[2096]: steam-launcher.service: Got notification message from PID 3465, but reception is disabled
2026-07-20T19:41:45.906161+02:00 HOST-REDACTED-B systemd[2096]: steam-launcher.service: Got notification message from PID 3473, but reception is disabled
2026-07-20T19:41:45.914426+02:00 HOST-REDACTED-B pkexec[3467]: pam_unix(polkit-1:session): session opened for user root(uid=0) by USER-REDACTED(uid=1000)
2026-07-20T19:41:45.918127+02:00 HOST-REDACTED-B pkexec[3467]: USER-REDACTED: Executing command [USER=root] [TTY=unknown] [CWD=/<USER-REDACTED>/.local/share/Steam] [COMMAND=/usr/bin/jupiter-initial-firmware-update check]
2026-07-20T19:41:46.036729+02:00 HOST-REDACTED-B steam[2476]: /usr/share/themes/Breeze-Dark/gtk-2.0/widgets/entry:70: error: unexpected identifier 'direction', expected character '}'
2026-07-20T19:41:46.039401+02:00 HOST-REDACTED-B bluetoothd[1458]: profiles/input/device.c:hidp_report_req_timeout() Device MAC-REDACTED HIDP GET_REPORT request timed out
2026-07-20T19:41:46.040205+02:00 HOST-REDACTED-B steam[2476]: /usr/share/themes/Breeze-Dark/gtk-2.0/widgets/styles:36: error: invalid string constant "combobox_entry", expected valid string constant
2026-07-20T19:41:46.089245+02:00 HOST-REDACTED-B systemd[1]: Starting Disk Manager...
2026-07-20T19:41:46.107818+02:00 HOST-REDACTED-B udisksd[3536]: udisks daemon version 2.10.1 starting
2026-07-20T19:41:46.120277+02:00 HOST-REDACTED-B kernel: nvme nvme0: using unchecked data buffer
2026-07-20T19:41:46.124414+02:00 HOST-REDACTED-B kernel: block nvme0n1: No UUID available providing old NGUID
2026-07-20T19:41:46.154482+02:00 HOST-REDACTED-B systemd[1]: Started Disk Manager.
2026-07-20T19:41:46.166065+02:00 HOST-REDACTED-B udisksd[3536]: Acquired the name org.freedesktop.UDisks2 on the system message bus
2026-07-20T19:41:46.173779+02:00 HOST-REDACTED-B gamescope-session[2307]: [gamescope] [Info]  binding: (GRMarker) -> Adding new trigger [F12 + Control_L].
2026-07-20T19:41:46.174057+02:00 HOST-REDACTED-B gamescope-session[2307]: [gamescope] [Info]  binding: (GRBackgroundRecordingToggle) -> Adding new trigger [F11 + Control_L].
2026-07-20T19:41:46.269832+02:00 HOST-REDACTED-B gamescope-session[2307]: [gamescope] [Info]  binding: (GuideKeyboardHotkey) -> Adding new trigger [Tab + Shift_L].
2026-07-20T19:41:46.269914+02:00 HOST-REDACTED-B gamescope-session[2307]: [gamescope] [Info]  binding: (QAMKeyboardHotkey) -> Adding new trigger [Tab + Control_L + Shift_L].
2026-07-20T19:41:47.353278+02:00 HOST-REDACTED-B kernel: HDR SB:eb 02 00 60 88 08 39 c8 31 91 88 fe 1c df 0a 09
2026-07-20T19:41:47.353372+02:00 HOST-REDACTED-B kernel: HDR SB:3d 47 40 1f 03 00 00 1f 03 1f 03 00 00 00 00 00
2026-07-20T19:41:47.355293+02:00 HOST-REDACTED-B kernel: HDR SB:eb 02 00 60 88 08 39 c8 31 91 88 fe 1c df 0a 09
2026-07-20T19:41:47.355369+02:00 HOST-REDACTED-B kernel: HDR SB:3d 47 40 1f 03 00 00 1f 03 1f 03 00 00 00 00 00
2026-07-20T19:41:47.355397+02:00 HOST-REDACTED-B kernel: HDR SB:eb 02 00 60 88 08 39 c8 31 91 88 fe 1c df 0a 09
2026-07-20T19:41:47.355414+02:00 HOST-REDACTED-B kernel: HDR SB:3d 47 40 1f 03 00 00 1f 03 1f 03 00 00 00 00 00
2026-07-20T19:41:47.356271+02:00 HOST-REDACTED-B kernel: HDR SB:eb 02 00 60 88 08 39 c8 31 91 88 fe 1c df 0a 09
2026-07-20T19:41:47.356289+02:00 HOST-REDACTED-B kernel: HDR SB:3d 47 40 1f 03 00 00 1f 03 1f 03 00 00 00 00 00
2026-07-20T19:41:47.356297+02:00 HOST-REDACTED-B kernel: HDR SB:eb 02 00 60 88 08 39 c8 31 91 88 fe 1c df 0a 09
2026-07-20T19:41:47.356304+02:00 HOST-REDACTED-B kernel: HDR SB:3d 47 40 1f 03 00 00 1f 03 1f 03 00 00 00 00 00
2026-07-20T19:41:47.358275+02:00 HOST-REDACTED-B kernel: HDR SB:eb 02 00 60 88 08 39 c8 31 91 88 fe 1c df 0a 09
2026-07-20T19:41:47.358306+02:00 HOST-REDACTED-B kernel: HDR SB:3d 47 40 1f 03 00 00 1f 03 1f 03 00 00 00 00 00
2026-07-20T19:41:47.358347+02:00 HOST-REDACTED-B kernel: HDR SB:eb 02 00 60 88 08 39 c8 31 91 88 fe 1c df 0a 09
2026-07-20T19:41:47.358359+02:00 HOST-REDACTED-B kernel: HDR SB:3d 47 40 1f 03 00 00 1f 03 1f 03 00 00 00 00 00
2026-07-20T19:41:47.361296+02:00 HOST-REDACTED-B kernel: HDR SB:eb 02 00 60 88 08 39 c8 31 91 88 fe 1c df 0a 09
2026-07-20T19:41:47.361340+02:00 HOST-REDACTED-B kernel: HDR SB:3d 47 40 1f 03 00 00 1f 03 1f 03 00 00 00 00 00
2026-07-20T19:41:47.497028+02:00 HOST-REDACTED-B mangoapp[2428]: [2026-07-20 19:41:47.496] [MANGOHUD] [error] [cpu.cpp:794] Failed to initialize CPU power data
2026-07-20T19:41:47.497028+02:00 HOST-REDACTED-B mangoapp[2428]: [2026-07-20 19:41:47.496] [MANGOHUD] [error] [battery.cpp:29] No battery found
2026-07-20T19:41:47.630606+02:00 HOST-REDACTED-B steam[2476]: Desktop state changed: desktop: { pos:    0,   0 size: 3840,2160 } primary: { pos:    0,   0 size: 3840,2160 }
2026-07-20T19:41:47.631327+02:00 HOST-REDACTED-B steam[2476]: Caching cursor image for default, size 32x32, serial 46, cache size = 0
2026-07-20T19:41:47.632237+02:00 HOST-REDACTED-B steam[2476]: Caching cursor image for left_ptr, size 256x256, serial 2, cache size = 0
2026-07-20T19:41:47.632998+02:00 HOST-REDACTED-B steam[2476]: CDesktopCapturePipeWire: Opening DRM render node /dev/dri/renderD128
2026-07-20T19:41:47.640939+02:00 HOST-REDACTED-B steam[2476]: CDesktopCapturePipeWire: setting stream node path: gamescope
2026-07-20T19:41:47.672276+02:00 HOST-REDACTED-B kernel: input: Microsoft X-Box 360 pad 0 as /devices/virtual/input/input30
2026-07-20T19:41:47.681559+02:00 HOST-REDACTED-B rtkit-daemon[2192]: Successfully made thread 3619 of process 2649 owned by '1000' high priority at nice level -10.
2026-07-20T19:41:48.004140+02:00 HOST-REDACTED-B mangoapp[2428]: [2026-07-20 19:41:48.004] [MANGOHUD] [error] [cpu.cpp:794] Failed to initialize CPU power data
2026-07-20T19:41:48.512539+02:00 HOST-REDACTED-B mangoapp[2428]: [2026-07-20 19:41:48.512] [MANGOHUD] [error] [cpu.cpp:794] Failed to initialize CPU power data
2026-07-20T19:41:49.020810+02:00 HOST-REDACTED-B mangoapp[2428]: [2026-07-20 19:41:49.020] [MANGOHUD] [error] [cpu.cpp:794] Failed to initialize CPU power data
2026-07-20T19:41:49.040376+02:00 HOST-REDACTED-B bluetoothd[1458]: profiles/input/device.c:hidp_report_req_timeout() Device MAC-REDACTED HIDP GET_REPORT request timed out
2026-07-20T19:41:49.521122+02:00 HOST-REDACTED-B mangoapp[2428]: [2026-07-20 19:41:49.521] [MANGOHUD] [error] [cpu.cpp:794] Failed to initialize CPU power data
2026-07-20T19:41:50.172594+02:00 HOST-REDACTED-B systemd[1]: NetworkManager-dispatcher.service: Deactivated successfully.
2026-07-20T19:41:50.251907+02:00 HOST-REDACTED-B steam[2476]: Timeout calling process LD_LIBRARY_PATH="${SYSTEM_LD_LIBRARY_PATH-${LD_LIBRARY_PATH}}" PATH="${SYSTEM_PATH-${PATH}}" steamos-select-branch -c
2026-07-20T19:41:50.252211+02:00 HOST-REDACTED-B steam[2476]: Timeout calling process LD_LIBRARY_PATH="${SYSTEM_LD_LIBRARY_PATH-${LD_LIBRARY_PATH}}" PATH="${SYSTEM_PATH-${PATH}}" steamos-select-branch -c
2026-07-20T19:41:53.241630+02:00 HOST-REDACTED-B pkexec[3682]: pam_unix(polkit-1:session): session opened for user root(uid=0) by USER-REDACTED(uid=1000)
2026-07-20T19:41:53.245083+02:00 HOST-REDACTED-B pkexec[3682]: USER-REDACTED: Executing command [USER=root] [TTY=unknown] [CWD=/<USER-REDACTED>/.local/share/Steam] [COMMAND=/usr/bin/steamos-polkit-helpers/jupiter-dock-updater --check]
2026-07-20T19:41:54.332250+02:00 HOST-REDACTED-B steam[2476]: reaping pid: 2650 -- steam
2026-07-20T19:41:57.354386+02:00 HOST-REDACTED-B steam[2476]: Timeout calling process LD_LIBRARY_PATH="${SYSTEM_LD_LIBRARY_PATH-${LD_LIBRARY_PATH}}" PATH="${SYSTEM_PATH-${PATH}}" steamos-select-branch -c
2026-07-20T19:41:57.354386+02:00 HOST-REDACTED-B steam[2476]: Timeout calling process LD_LIBRARY_PATH="${SYSTEM_LD_LIBRARY_PATH-${LD_LIBRARY_PATH}}" PATH="${SYSTEM_PATH-${PATH}}" steamos-select-branch -c
2026-07-20T19:41:57.980446+02:00 HOST-REDACTED-B iwd[2011]: invalid HE capabilities for MAC-REDACTED
2026-07-20T19:41:57.980446+02:00 HOST-REDACTED-B iwd[2011]: invalid HE capabilities for MAC-REDACTED
2026-07-20T19:42:04.379083+02:00 HOST-REDACTED-B steam[2476]: reaping pid: 3399 -- steamos-select-
2026-07-20T19:42:04.774524+02:00 HOST-REDACTED-B sh[3375]: Exit without adjtimex synchronized.
2026-07-20T19:42:04.828649+02:00 HOST-REDACTED-B systemd[1]: Started Atomic Update Daemon.
2026-07-20T19:42:06.617452+02:00 HOST-REDACTED-B iwd[2011]: invalid HE capabilities for MAC-REDACTED
2026-07-20T19:42:06.617452+02:00 HOST-REDACTED-B iwd[2011]: invalid HE capabilities for MAC-REDACTED
2026-07-20T19:42:09.032120+02:00 HOST-REDACTED-B systemd-timesyncd[621]: Contacted time server 213.239.234.28:123 (2.arch.pool.ntp.org).
2026-07-20T19:42:09.032180+02:00 HOST-REDACTED-B systemd-timesyncd[621]: Initial clock synchronization to Mon 2026-07-20 19:42:09.363469 CEST.
2026-07-20T19:42:09.439461+02:00 HOST-REDACTED-B iwd[2011]: invalid HE capabilities for MAC-REDACTED
2026-07-20T19:42:09.439461+02:00 HOST-REDACTED-B iwd[2011]: invalid HE capabilities for MAC-REDACTED
2026-07-20T19:42:10.162719+02:00 HOST-REDACTED-B systemd[1]: systemd-hostnamed.service: Deactivated successfully.
2026-07-20T19:42:10.235481+02:00 HOST-REDACTED-B iwd[2011]: invalid HE capabilities for MAC-REDACTED
2026-07-20T19:42:10.235481+02:00 HOST-REDACTED-B iwd[2011]: invalid HE capabilities for MAC-REDACTED
2026-07-20T19:42:10.416485+02:00 HOST-REDACTED-B iwd[2011]: invalid HE capabilities for MAC-REDACTED
2026-07-20T19:42:10.416485+02:00 HOST-REDACTED-B iwd[2011]: invalid HE capabilities for MAC-REDACTED
2026-07-20T19:42:14.384861+02:00 HOST-REDACTED-B steam[2476]: reaping pid: 3667 -- steamos-select-
2026-07-20T19:42:15.064349+02:00 HOST-REDACTED-B rigsignal-agent[2152]: 2026-07-20T17:42:15.064329Z  INFO rigsignal_agent::session: No game detected — idle polling
2026-07-20T19:42:15.936707+02:00 HOST-REDACTED-B systemd[1]: systemd-timedated.service: Deactivated successfully.
2026-07-20T19:42:21.565458+02:00 HOST-REDACTED-B iwd[2011]: invalid HE capabilities for MAC-REDACTED
2026-07-20T19:42:21.565720+02:00 HOST-REDACTED-B iwd[2011]: invalid HE capabilities for MAC-REDACTED
2026-07-20T19:42:21.747420+02:00 HOST-REDACTED-B iwd[2011]: invalid HE capabilities for MAC-REDACTED
2026-07-20T19:42:21.747475+02:00 HOST-REDACTED-B iwd[2011]: invalid HE capabilities for MAC-REDACTED
2026-07-20T19:42:49.064105+02:00 HOST-REDACTED-B rigsignal-agent[2152]: 2026-07-20T17:42:49.064084Z  INFO rigsignal_agent::session: No game detected — idle polling
2026-07-20T19:43:05.138445+02:00 HOST-REDACTED-B iwd[2011]: invalid HE capabilities for MAC-REDACTED
2026-07-20T19:43:05.138445+02:00 HOST-REDACTED-B iwd[2011]: invalid HE capabilities for MAC-REDACTED
2026-07-20T19:43:05.138751+02:00 HOST-REDACTED-B iwd[2011]: invalid HE capabilities for MAC-REDACTED
2026-07-20T19:43:22.063947+02:00 HOST-REDACTED-B rigsignal-agent[2152]: 2026-07-20T17:43:22.063928Z  INFO rigsignal_agent::session: No game detected — idle polling
2026-07-20T19:43:28.992617+02:00 HOST-REDACTED-B sshd-session[3852]: Accepted publickey for USER-REDACTED from IP-REDACTED port 59002 ssh2: ED25519 SSH-FINGERPRINT-REDACTED
2026-07-20T19:43:28.995415+02:00 HOST-REDACTED-B sshd-session[3852]: pam_unix(sshd:session): session opened for user USER-REDACTED(uid=1000) by USER-REDACTED(uid=0)
2026-07-20T19:43:29.000714+02:00 HOST-REDACTED-B systemd-logind[1502]: New session 3 of user USER-REDACTED.
2026-07-20T19:43:29.007334+02:00 HOST-REDACTED-B systemd[1]: Started Session 3 of User USER-REDACTED.
2026-07-20T19:43:29.067554+02:00 HOST-REDACTED-B systemd[1]: Starting RAUC Update Service...
2026-07-20T19:43:29.089157+02:00 HOST-REDACTED-B rauc[3871]: No data directory or status file set, falling back to per-slot status.
                                                          Consider setting 'data-directory=<path>' or 'statusfile=<path>/per-slot' explicitly.
2026-07-20T19:43:29.089162+02:00 HOST-REDACTED-B rauc[3871]: Using per-slot statusfile. System status information not supported!
2026-07-20T19:43:29.089211+02:00 HOST-REDACTED-B rauc[3871]: Using system config file /etc/rauc/system.conf
2026-07-20T19:43:29.089243+02:00 HOST-REDACTED-B rauc[3871]: Failed to resolve realpath for '/dev/disk/by-partsets/dev/rootfs'
2026-07-20T19:43:29.089252+02:00 HOST-REDACTED-B rauc[3871]: Failed to resolve realpath for '/dev/disk/by-partsets/A/verity'
2026-07-20T19:43:29.089273+02:00 HOST-REDACTED-B rauc[3871]: Failed to resolve realpath for '/dev/disk/by-partsets/B/verity'
2026-07-20T19:43:29.089336+02:00 HOST-REDACTED-B rauc[3871]: Service started
2026-07-20T19:43:29.090206+02:00 HOST-REDACTED-B systemd[1]: Started RAUC Update Service.
2026-07-20T19:43:29.203904+02:00 HOST-REDACTED-B sshd-session[3858]: Received disconnect from IP-REDACTED port 59002:11: disconnected by user
2026-07-20T19:43:29.203982+02:00 HOST-REDACTED-B sshd-session[3858]: Disconnected from user USER-REDACTED IP-REDACTED port 59002
2026-07-20T19:43:29.204447+02:00 HOST-REDACTED-B sshd-session[3852]: pam_unix(sshd:session): session closed for user USER-REDACTED
2026-07-20T19:43:29.209815+02:00 HOST-REDACTED-B systemd[1]: session-3.scope: Deactivated successfully.
2026-07-20T19:43:29.211002+02:00 HOST-REDACTED-B systemd-logind[1502]: Removed session 3.
2026-07-20T19:43:43.404760+02:00 HOST-REDACTED-B steam[2476]: [2026-07-20 19:43:43] Background update loop checking for update. . .
2026-07-20T19:43:43.405048+02:00 HOST-REDACTED-B steam[2476]: [2026-07-20 19:43:43] Downloading manifest: https://client-update.fastly.steamstatic.com/steam_client_steamdeck_publicbeta_ubuntu12
2026-07-20T19:43:43.423218+02:00 HOST-REDACTED-B steam[2476]: [2026-07-20 19:43:43] Manifest download: send request
2026-07-20T19:43:43.655007+02:00 HOST-REDACTED-B steam[2476]: [2026-07-20 19:43:43] Manifest download: waiting for download to finish
2026-07-20T19:43:44.155115+02:00 HOST-REDACTED-B steam[2476]: [2026-07-20 19:43:44] Manifest download: finished
2026-07-20T19:43:44.155181+02:00 HOST-REDACTED-B steam[2476]: [2026-07-20 19:43:44] Download skipped by HTTP 304 Not Modified
2026-07-20T19:43:44.155181+02:00 HOST-REDACTED-B steam[2476]: [2026-07-20 19:43:44] Nothing to do
2026-07-20T19:43:44.312430+02:00 HOST-REDACTED-B pkexec[3922]: pam_unix(polkit-1:session): session opened for user root(uid=0) by USER-REDACTED(uid=1000)
2026-07-20T19:43:44.315498+02:00 HOST-REDACTED-B pkexec[3922]: USER-REDACTED: Executing command [USER=root] [TTY=unknown] [CWD=/<USER-REDACTED>/.local/share/Steam] [COMMAND=/usr/bin/steamos-polkit-helpers/steamos-update --supports-duplicate-detection]
2026-07-20T19:43:44.348160+02:00 HOST-REDACTED-B pkexec[3933]: pam_unix(polkit-1:session): session opened for user root(uid=0) by USER-REDACTED(uid=1000)
2026-07-20T19:43:44.350937+02:00 HOST-REDACTED-B pkexec[3933]: USER-REDACTED: Executing command [USER=root] [TTY=unknown] [CWD=/<USER-REDACTED>/.local/share/Steam] [COMMAND=/usr/bin/steamos-polkit-helpers/steamos-update --enable-duplicate-detection check]
2026-07-20T19:43:44.763334+02:00 HOST-REDACTED-B pkexec[3951]: pam_unix(polkit-1:session): session opened for user root(uid=0) by USER-REDACTED(uid=1000)
2026-07-20T19:43:44.766578+02:00 HOST-REDACTED-B pkexec[3951]: USER-REDACTED: Executing command [USER=root] [TTY=unknown] [CWD=/<USER-REDACTED>/.local/share/Steam] [COMMAND=/usr/bin/steamos-polkit-helpers/jupiter-biosupdate check]
2026-07-20T19:43:44.781649+02:00 HOST-REDACTED-B steam[2476]: :: No updates configured for this vendor
2026-07-20T19:43:56.064105+02:00 HOST-REDACTED-B rigsignal-agent[2152]: 2026-07-20T17:43:56.064084Z  INFO rigsignal_agent::session: No game detected — idle polling
2026-07-20T19:44:28.617453+02:00 HOST-REDACTED-B iwd[2011]: invalid HE capabilities for MAC-REDACTED
2026-07-20T19:44:28.617453+02:00 HOST-REDACTED-B iwd[2011]: invalid HE capabilities for MAC-REDACTED
2026-07-20T19:44:30.064376+02:00 HOST-REDACTED-B rigsignal-agent[2152]: 2026-07-20T17:44:30.064354Z  INFO rigsignal_agent::session: No game detected — idle polling
2026-07-20T19:45:03.064633+02:00 HOST-REDACTED-B rigsignal-agent[2152]: 2026-07-20T17:45:03.064364Z  INFO rigsignal_agent::session: No game detected — idle polling
2026-07-20T19:45:37.063883+02:00 HOST-REDACTED-B rigsignal-agent[2152]: 2026-07-20T17:45:37.063849Z  INFO rigsignal_agent::session: No game detected — idle polling
2026-07-20T19:46:09.064028+02:00 HOST-REDACTED-B rigsignal-agent[2152]: 2026-07-20T17:46:09.063974Z  INFO rigsignal_agent::session: No game detected — idle polling
2026-07-20T19:46:42.064665+02:00 HOST-REDACTED-B rigsignal-agent[2152]: 2026-07-20T17:46:42.064646Z  INFO rigsignal_agent::session: No game detected — idle polling
2026-07-20T19:47:11.360416+02:00 HOST-REDACTED-B iwd[2011]: invalid HE capabilities for MAC-REDACTED
2026-07-20T19:47:11.360416+02:00 HOST-REDACTED-B iwd[2011]: invalid HE capabilities for MAC-REDACTED
2026-07-20T19:47:14.839418+02:00 HOST-REDACTED-B iwd[2011]: invalid HE capabilities for MAC-REDACTED
2026-07-20T19:47:14.839418+02:00 HOST-REDACTED-B iwd[2011]: invalid HE capabilities for MAC-REDACTED
2026-07-20T19:47:15.063921+02:00 HOST-REDACTED-B rigsignal-agent[2152]: 2026-07-20T17:47:15.063902Z  INFO rigsignal_agent::session: No game detected — idle polling
2026-07-20T19:47:16.376426+02:00 HOST-REDACTED-B iwd[2011]: invalid HE capabilities for MAC-REDACTED
2026-07-20T19:47:16.376426+02:00 HOST-REDACTED-B iwd[2011]: invalid HE capabilities for MAC-REDACTED
2026-07-20T19:47:19.134416+02:00 HOST-REDACTED-B iwd[2011]: invalid HE capabilities for MAC-REDACTED
2026-07-20T19:47:19.134416+02:00 HOST-REDACTED-B iwd[2011]: invalid HE capabilities for MAC-REDACTED
2026-07-20T19:47:19.842429+02:00 HOST-REDACTED-B iwd[2011]: invalid HE capabilities for MAC-REDACTED
2026-07-20T19:47:19.842429+02:00 HOST-REDACTED-B iwd[2011]: invalid HE capabilities for MAC-REDACTED
2026-07-20T19:47:24.689118+02:00 HOST-REDACTED-B systemd[1]: Starting Time & Date Service...
2026-07-20T19:47:24.740808+02:00 HOST-REDACTED-B systemd[1]: Started Time & Date Service.
2026-07-20T19:47:24.743682+02:00 HOST-REDACTED-B systemd[2096]: steam-launcher.service: Got notification message from PID 4189, but reception is disabled
2026-07-20T19:47:24.753150+02:00 HOST-REDACTED-B systemd[2096]: steam-launcher.service: Got notification message from PID 4197, but reception is disabled
2026-07-20T19:47:25.240266+02:00 HOST-REDACTED-B rtkit-daemon[2192]: Successfully made thread 4227 of process 4185 owned by '1000' high priority at nice level -10.
2026-07-20T19:47:27.293209+02:00 HOST-REDACTED-B rtkit-daemon[2192]: Successfully made thread 4231 of process 4185 owned by '1000' high priority at nice level -15.
2026-07-20T19:47:27.379112+02:00 HOST-REDACTED-B gamescope-session[2307]: [gamescope] [Warn]  xwm: got the same buffer committed twice, ignoring.
2026-07-20T19:47:48.063994+02:00 HOST-REDACTED-B rigsignal-agent[2152]: 2026-07-20T17:47:48.063942Z  INFO rigsignal_agent::session: No game detected — idle polling
2026-07-20T19:47:54.783699+02:00 HOST-REDACTED-B systemd[1]: systemd-timedated.service: Deactivated successfully.
2026-07-20T19:48:21.064350+02:00 HOST-REDACTED-B rigsignal-agent[2152]: 2026-07-20T17:48:21.064330Z  INFO rigsignal_agent::session: No game detected — idle polling
2026-07-20T19:48:55.064171+02:00 HOST-REDACTED-B rigsignal-agent[2152]: 2026-07-20T17:48:55.064151Z  INFO rigsignal_agent::session: No game detected — idle polling
2026-07-20T19:49:29.063748+02:00 HOST-REDACTED-B rigsignal-agent[2152]: 2026-07-20T17:49:29.063728Z  INFO rigsignal_agent::session: No game detected — idle polling
2026-07-20T19:50:03.064203+02:00 HOST-REDACTED-B rigsignal-agent[2152]: 2026-07-20T17:50:03.064184Z  INFO rigsignal_agent::session: No game detected — idle polling
2026-07-20T19:50:22.188624+02:00 HOST-REDACTED-B sshd-session[4388]: Accepted publickey for USER-REDACTED from IP-REDACTED port 52700 ssh2: ED25519 SSH-FINGERPRINT-REDACTED
2026-07-20T19:50:22.191401+02:00 HOST-REDACTED-B sshd-session[4388]: pam_unix(sshd:session): session opened for user USER-REDACTED(uid=1000) by USER-REDACTED(uid=0)
2026-07-20T19:50:22.197055+02:00 HOST-REDACTED-B systemd-logind[1502]: New session 4 of user USER-REDACTED.
2026-07-20T19:50:22.214342+02:00 HOST-REDACTED-B systemd[1]: Started Session 4 of User USER-REDACTED.
2026-07-20T19:50:22.285279+02:00 HOST-REDACTED-B sshd-session[4394]: Received disconnect from IP-REDACTED port 52700:11: disconnected by user
2026-07-20T19:50:22.285373+02:00 HOST-REDACTED-B sshd-session[4394]: Disconnected from user USER-REDACTED IP-REDACTED port 52700
2026-07-20T19:50:22.285820+02:00 HOST-REDACTED-B sshd-session[4388]: pam_unix(sshd:session): session closed for user USER-REDACTED
2026-07-20T19:50:22.290843+02:00 HOST-REDACTED-B systemd[1]: session-4.scope: Deactivated successfully.
2026-07-20T19:50:22.292228+02:00 HOST-REDACTED-B systemd-logind[1502]: Removed session 4.
2026-07-20T19:50:37.063826+02:00 HOST-REDACTED-B rigsignal-agent[2152]: 2026-07-20T17:50:37.063777Z  INFO rigsignal_agent::session: No game detected — idle polling
2026-07-20T19:51:11.064314+02:00 HOST-REDACTED-B rigsignal-agent[2152]: 2026-07-20T17:51:11.064294Z  INFO rigsignal_agent::session: No game detected — idle polling
2026-07-20T19:51:46.063930+02:00 HOST-REDACTED-B rigsignal-agent[2152]: 2026-07-20T17:51:46.063908Z  INFO rigsignal_agent::session: No game detected — idle polling
2026-07-20T19:52:18.330400+02:00 HOST-REDACTED-B iwd[2011]: invalid HE capabilities for MAC-REDACTED
2026-07-20T19:52:18.330400+02:00 HOST-REDACTED-B iwd[2011]: invalid HE capabilities for MAC-REDACTED
2026-07-20T19:52:19.064131+02:00 HOST-REDACTED-B rigsignal-agent[2152]: 2026-07-20T17:52:19.064116Z  INFO rigsignal_agent::session: No game detected — idle polling
2026-07-20T19:52:51.064383+02:00 HOST-REDACTED-B rigsignal-agent[2152]: 2026-07-20T17:52:51.064362Z  INFO rigsignal_agent::session: No game detected — idle polling
2026-07-20T19:53:00.727347+02:00 HOST-REDACTED-B systemd[1]: Starting Time & Date Service...
2026-07-20T19:53:00.776498+02:00 HOST-REDACTED-B systemd[1]: Started Time & Date Service.
2026-07-20T19:53:00.779404+02:00 HOST-REDACTED-B systemd[2096]: steam-launcher.service: Got notification message from PID 4560, but reception is disabled
2026-07-20T19:53:00.788109+02:00 HOST-REDACTED-B systemd[2096]: steam-launcher.service: Got notification message from PID 4569, but reception is disabled
2026-07-20T19:53:08.174157+02:00 HOST-REDACTED-B wireplumber[2154]: wp-event-dispatcher: <WpAsyncEventHook:0x56516f8f5d70> failed: <WpSiStandardLink:0x56516fcc2f70> link failed: 2 of 2 PipeWire links failed to activate
2026-07-20T19:53:10.717430+02:00 HOST-REDACTED-B steam[2476]: reaping pid: 4184 -- IPC:CSteamEngin
2026-07-20T19:53:25.063988+02:00 HOST-REDACTED-B rigsignal-agent[2152]: 2026-07-20T17:53:25.063966Z  INFO rigsignal_agent::session: No game detected — idle polling
2026-07-20T19:53:28.014415+02:00 HOST-REDACTED-B iwd[2011]: invalid HE capabilities for MAC-REDACTED
2026-07-20T19:53:28.014415+02:00 HOST-REDACTED-B iwd[2011]: invalid HE capabilities for MAC-REDACTED
2026-07-20T19:53:30.818915+02:00 HOST-REDACTED-B systemd[1]: systemd-timedated.service: Deactivated successfully.
2026-07-20T19:53:35.454608+02:00 HOST-REDACTED-B sshd-session[4663]: Accepted publickey for USER-REDACTED from IP-REDACTED port 47194 ssh2: ED25519 SSH-FINGERPRINT-REDACTED
2026-07-20T19:53:35.457381+02:00 HOST-REDACTED-B sshd-session[4663]: pam_unix(sshd:session): session opened for user USER-REDACTED(uid=1000) by USER-REDACTED(uid=0)
2026-07-20T19:53:35.481543+02:00 HOST-REDACTED-B systemd-logind[1502]: New session 5 of user USER-REDACTED.
2026-07-20T19:53:35.498363+02:00 HOST-REDACTED-B systemd[1]: Started Session 5 of User USER-REDACTED.
2026-07-20T19:53:35.557887+02:00 HOST-REDACTED-B sshd-session[4669]: Received disconnect from IP-REDACTED port 47194:11: disconnected by user
2026-07-20T19:53:35.557947+02:00 HOST-REDACTED-B sshd-session[4669]: Disconnected from user USER-REDACTED IP-REDACTED port 47194
2026-07-20T19:53:35.558417+02:00 HOST-REDACTED-B sshd-session[4663]: pam_unix(sshd:session): session closed for user USER-REDACTED
2026-07-20T19:53:35.563781+02:00 HOST-REDACTED-B systemd[1]: session-5.scope: Deactivated successfully.
2026-07-20T19:53:35.565046+02:00 HOST-REDACTED-B systemd-logind[1502]: Removed session 5.
2026-07-20T19:53:35.654089+02:00 HOST-REDACTED-B sshd-session[4676]: Accepted publickey for USER-REDACTED from IP-REDACTED port 47204 ssh2: ED25519 SSH-FINGERPRINT-REDACTED
2026-07-20T19:53:35.657143+02:00 HOST-REDACTED-B sshd-session[4676]: pam_unix(sshd:session): session opened for user USER-REDACTED(uid=1000) by USER-REDACTED(uid=0)
2026-07-20T19:53:35.662531+02:00 HOST-REDACTED-B systemd-logind[1502]: New session 6 of user USER-REDACTED.
2026-07-20T19:53:35.672360+02:00 HOST-REDACTED-B systemd[1]: Started Session 6 of User USER-REDACTED.
2026-07-20T19:53:35.732616+02:00 HOST-REDACTED-B sshd-session[4682]: Received disconnect from IP-REDACTED port 47204:11: disconnected by user
2026-07-20T19:53:35.732650+02:00 HOST-REDACTED-B sshd-session[4682]: Disconnected from user USER-REDACTED IP-REDACTED port 47204
2026-07-20T19:53:35.733065+02:00 HOST-REDACTED-B sshd-session[4676]: pam_unix(sshd:session): session closed for user USER-REDACTED
2026-07-20T19:53:35.738539+02:00 HOST-REDACTED-B systemd[1]: session-6.scope: Deactivated successfully.
2026-07-20T19:53:35.739783+02:00 HOST-REDACTED-B systemd-logind[1502]: Removed session 6.
2026-07-20T19:53:35.828500+02:00 HOST-REDACTED-B sshd-session[4689]: Accepted publickey for USER-REDACTED from IP-REDACTED port 47210 ssh2: ED25519 SSH-FINGERPRINT-REDACTED
2026-07-20T19:53:35.831540+02:00 HOST-REDACTED-B sshd-session[4689]: pam_unix(sshd:session): session opened for user USER-REDACTED(uid=1000) by USER-REDACTED(uid=0)
2026-07-20T19:53:35.837387+02:00 HOST-REDACTED-B systemd-logind[1502]: New session 7 of user USER-REDACTED.
2026-07-20T19:53:35.852375+02:00 HOST-REDACTED-B systemd[1]: Started Session 7 of User USER-REDACTED.
2026-07-20T19:53:35.904693+02:00 HOST-REDACTED-B sshd-session[4696]: Received disconnect from IP-REDACTED port 47210:11: disconnected by user
2026-07-20T19:53:35.904772+02:00 HOST-REDACTED-B sshd-session[4696]: Disconnected from user USER-REDACTED IP-REDACTED port 47210
2026-07-20T19:53:35.905174+02:00 HOST-REDACTED-B sshd-session[4689]: pam_unix(sshd:session): session closed for user USER-REDACTED
2026-07-20T19:53:35.910457+02:00 HOST-REDACTED-B systemd[1]: session-7.scope: Deactivated successfully.
2026-07-20T19:53:35.911821+02:00 HOST-REDACTED-B systemd-logind[1502]: Removed session 7.
2026-07-20T19:53:57.063778+02:00 HOST-REDACTED-B rigsignal-agent[2152]: 2026-07-20T17:53:57.063725Z  INFO rigsignal_agent::session: No game detected — idle polling
2026-07-20T19:54:31.064508+02:00 HOST-REDACTED-B rigsignal-agent[2152]: 2026-07-20T17:54:31.064474Z  INFO rigsignal_agent::session: No game detected — idle polling
2026-07-20T19:54:54.904023+02:00 HOST-REDACTED-B sshd-session[4789]: Accepted publickey for USER-REDACTED from IP-REDACTED port 60802 ssh2: ED25519 SSH-FINGERPRINT-REDACTED
2026-07-20T19:54:54.907032+02:00 HOST-REDACTED-B sshd-session[4789]: pam_unix(sshd:session): session opened for user USER-REDACTED(uid=1000) by USER-REDACTED(uid=0)
2026-07-20T19:54:54.912881+02:00 HOST-REDACTED-B systemd-logind[1502]: New session 8 of user USER-REDACTED.
2026-07-20T19:54:54.925355+02:00 HOST-REDACTED-B systemd[1]: Started Session 8 of User USER-REDACTED.
2026-07-20T19:54:54.995209+02:00 HOST-REDACTED-B sshd-session[4795]: Received disconnect from IP-REDACTED port 60802:11: disconnected by user
2026-07-20T19:54:54.995311+02:00 HOST-REDACTED-B sshd-session[4795]: Disconnected from user USER-REDACTED IP-REDACTED port 60802
2026-07-20T19:54:54.995786+02:00 HOST-REDACTED-B sshd-session[4789]: pam_unix(sshd:session): session closed for user USER-REDACTED
2026-07-20T19:54:55.000813+02:00 HOST-REDACTED-B systemd[1]: session-8.scope: Deactivated successfully.
2026-07-20T19:54:55.002117+02:00 HOST-REDACTED-B systemd-logind[1502]: Removed session 8.
2026-07-20T19:55:06.064411+02:00 HOST-REDACTED-B rigsignal-agent[2152]: 2026-07-20T17:55:06.064390Z  INFO rigsignal_agent::session: No game detected — idle polling
2026-07-20T19:55:39.063901+02:00 HOST-REDACTED-B rigsignal-agent[2152]: 2026-07-20T17:55:39.063879Z  INFO rigsignal_agent::session: No game detected — idle polling
2026-07-20T19:55:47.615526+02:00 HOST-REDACTED-B sshd-session[4850]: Accepted publickey for USER-REDACTED from IP-REDACTED port 34936 ssh2: ED25519 SSH-FINGERPRINT-REDACTED
2026-07-20T19:55:47.618470+02:00 HOST-REDACTED-B sshd-session[4850]: pam_unix(sshd:session): session opened for user USER-REDACTED(uid=1000) by USER-REDACTED(uid=0)
2026-07-20T19:55:47.623586+02:00 HOST-REDACTED-B systemd-logind[1502]: New session 9 of user USER-REDACTED.
2026-07-20T19:55:47.637334+02:00 HOST-REDACTED-B systemd[1]: Started Session 9 of User USER-REDACTED.
2026-07-20T19:55:47.694196+02:00 HOST-REDACTED-B sshd-session[4856]: Received disconnect from IP-REDACTED port 34936:11: disconnected by user
2026-07-20T19:55:47.694224+02:00 HOST-REDACTED-B sshd-session[4856]: Disconnected from user USER-REDACTED IP-REDACTED port 34936
2026-07-20T19:55:47.694622+02:00 HOST-REDACTED-B sshd-session[4850]: pam_unix(sshd:session): session closed for user USER-REDACTED
2026-07-20T19:55:47.699590+02:00 HOST-REDACTED-B systemd[1]: session-9.scope: Deactivated successfully.
2026-07-20T19:55:47.700661+02:00 HOST-REDACTED-B systemd-logind[1502]: Removed session 9.
2026-07-20T19:55:47.787189+02:00 HOST-REDACTED-B sshd-session[4863]: Accepted publickey for USER-REDACTED from IP-REDACTED port 34944 ssh2: ED25519 SSH-FINGERPRINT-REDACTED
2026-07-20T19:55:47.789901+02:00 HOST-REDACTED-B sshd-session[4863]: pam_unix(sshd:session): session opened for user USER-REDACTED(uid=1000) by USER-REDACTED(uid=0)
2026-07-20T19:55:47.795117+02:00 HOST-REDACTED-B systemd-logind[1502]: New session 10 of user USER-REDACTED.
2026-07-20T19:55:47.808333+02:00 HOST-REDACTED-B systemd[1]: Started Session 10 of User USER-REDACTED.
2026-07-20T19:55:47.859147+02:00 HOST-REDACTED-B sshd-session[4870]: Received disconnect from IP-REDACTED port 34944:11: disconnected by user
2026-07-20T19:55:47.859233+02:00 HOST-REDACTED-B sshd-session[4870]: Disconnected from user USER-REDACTED IP-REDACTED port 34944
2026-07-20T19:55:47.859641+02:00 HOST-REDACTED-B sshd-session[4863]: pam_unix(sshd:session): session closed for user USER-REDACTED
2026-07-20T19:55:47.864379+02:00 HOST-REDACTED-B systemd[1]: session-10.scope: Deactivated successfully.
2026-07-20T19:55:47.865487+02:00 HOST-REDACTED-B systemd-logind[1502]: Removed session 10.
2026-07-20T19:56:11.064423+02:00 HOST-REDACTED-B rigsignal-agent[2152]: 2026-07-20T17:56:11.064389Z  INFO rigsignal_agent::session: No game detected — idle polling
2026-07-20T19:56:34.214842+02:00 HOST-REDACTED-B systemd[1]: Starting Cleanup of Temporary Directories...
2026-07-20T19:56:34.291521+02:00 HOST-REDACTED-B systemd[1]: systemd-tmpfiles-clean.service: Deactivated successfully.
2026-07-20T19:56:34.291712+02:00 HOST-REDACTED-B systemd[1]: Finished Cleanup of Temporary Directories.
2026-07-20T19:56:45.064796+02:00 HOST-REDACTED-B rigsignal-agent[2152]: 2026-07-20T17:56:45.064775Z  INFO rigsignal_agent::session: No game detected — idle polling
2026-07-20T19:57:11.242517+02:00 HOST-REDACTED-B sshd-session[4956]: Accepted publickey for USER-REDACTED from IP-REDACTED port 56748 ssh2: ED25519 SSH-FINGERPRINT-REDACTED
2026-07-20T19:57:11.245428+02:00 HOST-REDACTED-B sshd-session[4956]: pam_unix(sshd:session): session opened for user USER-REDACTED(uid=1000) by USER-REDACTED(uid=0)
2026-07-20T19:57:11.250316+02:00 HOST-REDACTED-B systemd-logind[1502]: New session 11 of user USER-REDACTED.
2026-07-20T19:57:11.261338+02:00 HOST-REDACTED-B systemd[1]: Started Session 11 of User USER-REDACTED.
2026-07-20T19:57:19.064117+02:00 HOST-REDACTED-B rigsignal-agent[2152]: 2026-07-20T17:57:19.064097Z  INFO rigsignal_agent::session: No game detected — idle polling
2026-07-20T19:57:20.231965+02:00 HOST-REDACTED-B sudo[4982]:     USER-REDACTED : TTY=pts/0 ; PWD=/<USER-REDACTED> ; USER=root ; COMMAND=/usr/bin/bash /<USER-REDACTED>/rigsignal-tools/staging/restore-162.sh
2026-07-20T19:57:20.234561+02:00 HOST-REDACTED-B sudo[4982]: pam_unix(sudo:session): session opened for user root(uid=0) by USER-REDACTED(uid=1000)
2026-07-20T19:57:20.640633+02:00 HOST-REDACTED-B systemd[1]: Reload requested from client PID 5128 ('systemctl') (unit session-11.scope)...
2026-07-20T19:57:20.640641+02:00 HOST-REDACTED-B systemd[1]: Reloading...
2026-07-20T19:57:20.847186+02:00 HOST-REDACTED-B systemd[1]: Reloading finished in 206 ms.
2026-07-20T19:57:21.127182+02:00 HOST-REDACTED-B systemd[1]: Reload requested from client PID 5354 ('systemctl') (unit session-11.scope)...
2026-07-20T19:57:21.127192+02:00 HOST-REDACTED-B systemd[1]: Reloading...
2026-07-20T19:57:21.335604+02:00 HOST-REDACTED-B systemd[1]: Reloading finished in 208 ms.
2026-07-20T19:57:21.379648+02:00 HOST-REDACTED-B systemd[1]: Started RigSignal eBPF kernel daemon.
2026-07-20T19:57:21.406338+02:00 HOST-REDACTED-B rigsignal-ebpf[5454]: 2026-07-20T17:57:21.406325Z  INFO rigsignal_ebpf: RigSignal eBPF daemon starting
2026-07-20T19:57:21.406338+02:00 HOST-REDACTED-B rigsignal-ebpf[5454]: 2026-07-20T17:57:21.406333Z  INFO rigsignal_ebpf: BPF probe path: /usr/local/lib/rigsignal/rigsignal-ebpf-probes
2026-07-20T19:57:21.406338+02:00 HOST-REDACTED-B rigsignal-ebpf[5454]: 2026-07-20T17:57:21.406337Z  INFO rigsignal_ebpf: ES endpoint: https://IP-REDACTED:9200
2026-07-20T19:57:21.406548+02:00 HOST-REDACTED-B rigsignal-ebpf[5454]: 2026-07-20T17:57:21.406498Z  INFO rigsignal_ebpf::loader: loading BPF object from /usr/local/lib/rigsignal/rigsignal-ebpf-probes
2026-07-20T19:57:21.433143+02:00 HOST-REDACTED-B rigsignal-ebpf[5454]: 2026-07-20T17:57:21.433122Z  INFO rigsignal_ebpf::loader: loaded probe 'schedlatency'
2026-07-20T19:57:21.433402+02:00 HOST-REDACTED-B rigsignal-ebpf[5454]: 2026-07-20T17:57:21.433392Z  INFO rigsignal_ebpf::loader: loaded probe 'bio'
2026-07-20T19:57:21.433488+02:00 HOST-REDACTED-B rigsignal-ebpf[5454]: 2026-07-20T17:57:21.433475Z  INFO rigsignal_ebpf::probes::gpu_sched: gpu_sched tracepoint variant selected variant="legacy" key_field="id" key_offset=32 scope_field="entity" scope_offset=8
2026-07-20T19:57:21.433900+02:00 HOST-REDACTED-B rigsignal-ebpf[5454]: 2026-07-20T17:57:21.433891Z  INFO rigsignal_ebpf::loader: loaded probe 'gpu_sched'
2026-07-20T19:57:21.434181+02:00 HOST-REDACTED-B rigsignal-ebpf[5454]: 2026-07-20T17:57:21.434172Z  INFO rigsignal_ebpf::loader: loaded probe 'mem'
2026-07-20T19:57:21.565334+02:00 HOST-REDACTED-B rigsignal-ebpf[5454]: 2026-07-20T17:57:21.565315Z  INFO rigsignal_ebpf::loader: loaded probe 'futex'
2026-07-20T19:57:21.565929+02:00 HOST-REDACTED-B rigsignal-ebpf[5454]: 2026-07-20T17:57:21.565921Z  INFO rigsignal_ebpf::loader: loaded probe 'irq'
2026-07-20T19:57:21.829046+02:00 HOST-REDACTED-B rigsignal-ebpf[5454]: 2026-07-20T17:57:21.829023Z  INFO rigsignal_ebpf::loader: loaded probe 'vfs'
2026-07-20T19:57:21.966822+02:00 HOST-REDACTED-B rigsignal-ebpf[5454]: 2026-07-20T17:57:21.966801Z  INFO rigsignal_ebpf::loader: loaded probe 'gpu_fence'
2026-07-20T19:57:22.113876+02:00 HOST-REDACTED-B rigsignal-ebpf[5454]: 2026-07-20T17:57:22.113827Z  INFO rigsignal_ebpf::loader: loaded probe 'gpu_submit'
2026-07-20T19:57:22.113876+02:00 HOST-REDACTED-B rigsignal-ebpf[5454]: 2026-07-20T17:57:22.113840Z  INFO rigsignal_ebpf::loader: probes: 9/9 loaded
2026-07-20T19:57:22.114013+02:00 HOST-REDACTED-B rigsignal-ebpf[5454]: 2026-07-20T17:57:22.114003Z  INFO rigsignal_ebpf: daemon running — 9/9 probes active
2026-07-20T19:57:22.114076+02:00 HOST-REDACTED-B rigsignal-ebpf[5454]: 2026-07-20T17:57:22.114064Z  INFO rigsignal_ebpf::session: watching /tmp/rigsignal for session changes
2026-07-20T19:57:32.530041+02:00 HOST-REDACTED-B sudo[4982]: pam_unix(sudo:session): session closed for user root
2026-07-20T19:57:54.064236+02:00 HOST-REDACTED-B rigsignal-agent[2152]: 2026-07-20T17:57:54.064215Z  INFO rigsignal_agent::session: No game detected — idle polling
2026-07-20T19:58:28.064102+02:00 HOST-REDACTED-B rigsignal-agent[2152]: 2026-07-20T17:58:28.064066Z  INFO rigsignal_agent::session: No game detected — idle polling
2026-07-20T19:58:31.709601+02:00 HOST-REDACTED-B sshd-session[5571]: Accepted publickey for USER-REDACTED from IP-REDACTED port 38850 ssh2: ED25519 SSH-FINGERPRINT-REDACTED
2026-07-20T19:58:31.712428+02:00 HOST-REDACTED-B sshd-session[5571]: pam_unix(sshd:session): session opened for user USER-REDACTED(uid=1000) by USER-REDACTED(uid=0)
2026-07-20T19:58:31.718325+02:00 HOST-REDACTED-B systemd-logind[1502]: New session 12 of user USER-REDACTED.
2026-07-20T19:58:31.726354+02:00 HOST-REDACTED-B systemd[1]: Started Session 12 of User USER-REDACTED.
2026-07-20T19:58:31.800084+02:00 HOST-REDACTED-B sshd-session[5577]: Received disconnect from IP-REDACTED port 38850:11: disconnected by user
2026-07-20T19:58:31.800176+02:00 HOST-REDACTED-B sshd-session[5577]: Disconnected from user USER-REDACTED IP-REDACTED port 38850
2026-07-20T19:58:31.800595+02:00 HOST-REDACTED-B sshd-session[5571]: pam_unix(sshd:session): session closed for user USER-REDACTED
2026-07-20T19:58:31.805923+02:00 HOST-REDACTED-B systemd[1]: session-12.scope: Deactivated successfully.
2026-07-20T19:58:31.807179+02:00 HOST-REDACTED-B systemd-logind[1502]: Removed session 12.
2026-07-20T19:59:02.064652+02:00 HOST-REDACTED-B rigsignal-agent[2152]: 2026-07-20T17:59:02.064627Z  INFO rigsignal_agent::session: No game detected — idle polling
2026-07-20T19:59:23.079819+02:00 HOST-REDACTED-B sudo[5635]:     USER-REDACTED : TTY=pts/0 ; PWD=/<USER-REDACTED> ; USER=root ; COMMAND=/usr/bin/systemctl enable rigsignal-ebpf
2026-07-20T19:59:23.082773+02:00 HOST-REDACTED-B sudo[5635]: pam_unix(sudo:session): session opened for user root(uid=0) by USER-REDACTED(uid=1000)
2026-07-20T19:59:23.090730+02:00 HOST-REDACTED-B systemd[1]: Reload requested from client PID 5642 ('systemctl') (unit session-11.scope)...
2026-07-20T19:59:23.090738+02:00 HOST-REDACTED-B systemd[1]: Reloading...
2026-07-20T19:59:23.300602+02:00 HOST-REDACTED-B systemd[1]: Reloading finished in 209 ms.
2026-07-20T19:59:23.320740+02:00 HOST-REDACTED-B sudo[5635]: pam_unix(sudo:session): session closed for user root
2026-07-20T19:59:34.064677+02:00 HOST-REDACTED-B rigsignal-agent[2152]: 2026-07-20T17:59:34.064643Z  INFO rigsignal_agent::session: No game detected — idle polling
2026-07-20T20:00:09.064199+02:00 HOST-REDACTED-B rigsignal-agent[2152]: 2026-07-20T18:00:09.064132Z  INFO rigsignal_agent::session: No game detected — idle polling
2026-07-20T20:00:43.064109+02:00 HOST-REDACTED-B rigsignal-agent[2152]: 2026-07-20T18:00:43.064088Z  INFO rigsignal_agent::session: No game detected — idle polling
2026-07-20T20:00:44.176370+02:00 HOST-REDACTED-B systemd[2096]: Starting Prune harvested RigSignal spool files older than 48h...
2026-07-20T20:00:44.692399+02:00 HOST-REDACTED-B rigsignal-spool-retention[5833]: deleted=2128 bytes=22901666 skipped=75153 registry=/<USER-REDACTED>/elastic/elastic-agent-9.4.3-linux-x86_64/data/elastic-agent-1bfb56/run/filestream-default/registry/filebeat/log.json
2026-07-20T20:00:44.696630+02:00 HOST-REDACTED-B systemd[2096]: Finished Prune harvested RigSignal spool files older than 48h.
2026-07-20T20:00:45.064043+02:00 HOST-REDACTED-B rigsignal-agent[2152]: 2026-07-20T18:00:45.064014Z  WARN rigsignal_agent: Tick 1145 spool rotation error: No such file or directory (os error 2)
2026-07-20T20:00:46.062542+02:00 HOST-REDACTED-B rigsignal-agent[2152]: 2026-07-20T18:00:46.062519Z  WARN rigsignal_agent: Tick 1146 spool rotation error: No such file or directory (os error 2)
2026-07-20T20:00:47.012421+02:00 HOST-REDACTED-B iwd[2011]: invalid HE capabilities for MAC-REDACTED
2026-07-20T20:00:47.012421+02:00 HOST-REDACTED-B iwd[2011]: invalid HE capabilities for MAC-REDACTED
2026-07-20T20:00:47.220356+02:00 HOST-REDACTED-B rigsignal-agent[2152]: 2026-07-20T18:00:47.220323Z  WARN rigsignal_agent: Tick 1147 spool rotation error: No such file or directory (os error 2)
2026-07-20T20:00:48.065652+02:00 HOST-REDACTED-B rigsignal-agent[2152]: 2026-07-20T18:00:48.065618Z  WARN rigsignal_agent: Tick 1148 spool rotation error: No such file or directory (os error 2)
2026-07-20T20:00:49.062394+02:00 HOST-REDACTED-B rigsignal-agent[2152]: 2026-07-20T18:00:49.062371Z  WARN rigsignal_agent: Tick 1149 spool rotation error: No such file or directory (os error 2)
2026-07-20T20:00:50.062505+02:00 HOST-REDACTED-B rigsignal-agent[2152]: 2026-07-20T18:00:50.062482Z  WARN rigsignal_agent: Tick 1150 spool rotation error: No such file or directory (os error 2)
2026-07-20T20:00:51.062733+02:00 HOST-REDACTED-B rigsignal-agent[2152]: 2026-07-20T18:00:51.062710Z  WARN rigsignal_agent: Tick 1151 spool rotation error: No such file or directory (os error 2)
2026-07-20T20:01:18.064159+02:00 HOST-REDACTED-B rigsignal-agent[2152]: 2026-07-20T18:01:18.064138Z  INFO rigsignal_agent::session: No game detected — idle polling
2026-07-20T20:01:51.064259+02:00 HOST-REDACTED-B rigsignal-agent[2152]: 2026-07-20T18:01:51.064224Z  INFO rigsignal_agent::session: No game detected — idle polling
2026-07-20T20:02:24.064378+02:00 HOST-REDACTED-B rigsignal-agent[2152]: 2026-07-20T18:02:24.064344Z  INFO rigsignal_agent::session: No game detected — idle polling
2026-07-20T20:02:56.354464+02:00 HOST-REDACTED-B iwd[2011]: invalid HE capabilities for MAC-REDACTED
2026-07-20T20:02:56.354464+02:00 HOST-REDACTED-B iwd[2011]: invalid HE capabilities for MAC-REDACTED
2026-07-20T20:02:56.354464+02:00 HOST-REDACTED-B iwd[2011]: invalid HE capabilities for MAC-REDACTED
2026-07-20T20:02:58.064112+02:00 HOST-REDACTED-B rigsignal-agent[2152]: 2026-07-20T18:02:58.064090Z  INFO rigsignal_agent::session: No game detected — idle polling
2026-07-20T20:03:00.421434+02:00 HOST-REDACTED-B iwd[2011]: invalid HE capabilities for MAC-REDACTED
2026-07-20T20:03:00.421434+02:00 HOST-REDACTED-B iwd[2011]: invalid HE capabilities for MAC-REDACTED
2026-07-20T20:03:00.421434+02:00 HOST-REDACTED-B iwd[2011]: invalid HE capabilities for MAC-REDACTED
2026-07-20T20:03:03.183472+02:00 HOST-REDACTED-B iwd[2011]: invalid HE capabilities for MAC-REDACTED
2026-07-20T20:03:03.183472+02:00 HOST-REDACTED-B iwd[2011]: invalid HE capabilities for MAC-REDACTED
2026-07-20T20:03:03.183472+02:00 HOST-REDACTED-B iwd[2011]: invalid HE capabilities for MAC-REDACTED
2026-07-20T20:03:03.904445+02:00 HOST-REDACTED-B iwd[2011]: invalid HE capabilities for MAC-REDACTED
2026-07-20T20:03:03.904445+02:00 HOST-REDACTED-B iwd[2011]: invalid HE capabilities for MAC-REDACTED
2026-07-20T20:03:03.904445+02:00 HOST-REDACTED-B iwd[2011]: invalid HE capabilities for MAC-REDACTED
2026-07-20T20:03:31.064562+02:00 HOST-REDACTED-B rigsignal-agent[2152]: 2026-07-20T18:03:31.064541Z  INFO rigsignal_agent::session: No game detected — idle polling
2026-07-20T20:04:04.064027+02:00 HOST-REDACTED-B rigsignal-agent[2152]: 2026-07-20T18:04:04.064008Z  INFO rigsignal_agent::session: No game detected — idle polling
2026-07-20T20:04:37.064559+02:00 HOST-REDACTED-B rigsignal-agent[2152]: 2026-07-20T18:04:37.064524Z  INFO rigsignal_agent::session: No game detected — idle polling
2026-07-20T20:05:11.064579+02:00 HOST-REDACTED-B rigsignal-agent[2152]: 2026-07-20T18:05:11.064558Z  INFO rigsignal_agent::session: No game detected — idle polling
2026-07-20T20:05:44.063816+02:00 HOST-REDACTED-B rigsignal-agent[2152]: 2026-07-20T18:05:44.063763Z  INFO rigsignal_agent::session: No game detected — idle polling
2026-07-20T20:06:17.064583+02:00 HOST-REDACTED-B rigsignal-agent[2152]: 2026-07-20T18:06:17.064548Z  INFO rigsignal_agent::session: No game detected — idle polling
2026-07-20T20:06:52.064432+02:00 HOST-REDACTED-B rigsignal-agent[2152]: 2026-07-20T18:06:52.064411Z  INFO rigsignal_agent::session: No game detected — idle polling
2026-07-20T20:07:25.068723+02:00 HOST-REDACTED-B rigsignal-agent[2152]: 2026-07-20T18:07:25.068691Z  INFO rigsignal_agent::session: No game detected — idle polling
2026-07-20T20:07:28.764421+02:00 HOST-REDACTED-B iwd[2011]: invalid HE capabilities for MAC-REDACTED
2026-07-20T20:07:32.996123+02:00 HOST-REDACTED-B sshd-session[6438]: Accepted publickey for USER-REDACTED from IP-REDACTED port 59534 ssh2: ED25519 SSH-FINGERPRINT-REDACTED
2026-07-20T20:07:32.999156+02:00 HOST-REDACTED-B sshd-session[6438]: pam_unix(sshd:session): session opened for user USER-REDACTED(uid=1000) by USER-REDACTED(uid=0)
2026-07-20T20:07:33.005193+02:00 HOST-REDACTED-B systemd-logind[1502]: New session 13 of user USER-REDACTED.
2026-07-20T20:07:33.021346+02:00 HOST-REDACTED-B systemd[1]: Started Session 13 of User USER-REDACTED.
2026-07-20T20:07:33.098341+02:00 HOST-REDACTED-B sshd-session[6444]: Received disconnect from IP-REDACTED port 59534:11: disconnected by user
2026-07-20T20:07:33.098458+02:00 HOST-REDACTED-B sshd-session[6444]: Disconnected from user USER-REDACTED IP-REDACTED port 59534
2026-07-20T20:07:33.098938+02:00 HOST-REDACTED-B sshd-session[6438]: pam_unix(sshd:session): session closed for user USER-REDACTED
2026-07-20T20:07:33.104671+02:00 HOST-REDACTED-B systemd[1]: session-13.scope: Deactivated successfully.
2026-07-20T20:07:33.105863+02:00 HOST-REDACTED-B systemd-logind[1502]: Removed session 13.
2026-07-20T20:07:57.089390+02:00 HOST-REDACTED-B iwd[2011]: invalid HE capabilities for MAC-REDACTED
2026-07-20T20:07:58.064027+02:00 HOST-REDACTED-B rigsignal-agent[2152]: 2026-07-20T18:07:58.064006Z  INFO rigsignal_agent::session: No game detected — idle polling
2026-07-20T20:08:00.563468+02:00 HOST-REDACTED-B iwd[2011]: invalid HE capabilities for MAC-REDACTED
2026-07-20T20:08:00.563468+02:00 HOST-REDACTED-B iwd[2011]: invalid HE capabilities for MAC-REDACTED
2026-07-20T20:08:31.064225+02:00 HOST-REDACTED-B rigsignal-agent[2152]: 2026-07-20T18:08:31.064202Z  INFO rigsignal_agent::session: No game detected — idle polling
2026-07-20T20:09:03.064178+02:00 HOST-REDACTED-B rigsignal-agent[2152]: 2026-07-20T18:09:03.064122Z  INFO rigsignal_agent::session: No game detected — idle polling
2026-07-20T20:09:39.064201+02:00 HOST-REDACTED-B rigsignal-agent[2152]: 2026-07-20T18:09:39.064165Z  INFO rigsignal_agent::session: No game detected — idle polling
2026-07-20T20:09:41.613947+02:00 HOST-REDACTED-B sshd-session[6644]: Accepted publickey for USER-REDACTED from IP-REDACTED port 37076 ssh2: ED25519 SSH-FINGERPRINT-REDACTED
2026-07-20T20:09:41.616848+02:00 HOST-REDACTED-B sshd-session[6644]: pam_unix(sshd:session): session opened for user USER-REDACTED(uid=1000) by USER-REDACTED(uid=0)
2026-07-20T20:09:41.622641+02:00 HOST-REDACTED-B systemd-logind[1502]: New session 14 of user USER-REDACTED.
2026-07-20T20:09:41.640346+02:00 HOST-REDACTED-B systemd[1]: Started Session 14 of User USER-REDACTED.
2026-07-20T20:09:41.697141+02:00 HOST-REDACTED-B sshd-session[6650]: Received disconnect from IP-REDACTED port 37076:11: disconnected by user
2026-07-20T20:09:41.697237+02:00 HOST-REDACTED-B sshd-session[6650]: Disconnected from user USER-REDACTED IP-REDACTED port 37076
2026-07-20T20:09:41.697601+02:00 HOST-REDACTED-B sshd-session[6644]: pam_unix(sshd:session): session closed for user USER-REDACTED
2026-07-20T20:09:41.703068+02:00 HOST-REDACTED-B systemd[1]: session-14.scope: Deactivated successfully.
2026-07-20T20:09:41.704282+02:00 HOST-REDACTED-B systemd-logind[1502]: Removed session 14.
2026-07-20T20:09:41.789745+02:00 HOST-REDACTED-B sshd-session[6657]: Accepted publickey for USER-REDACTED from IP-REDACTED port 37092 ssh2: ED25519 SSH-FINGERPRINT-REDACTED
2026-07-20T20:09:41.792694+02:00 HOST-REDACTED-B sshd-session[6657]: pam_unix(sshd:session): session opened for user USER-REDACTED(uid=1000) by USER-REDACTED(uid=0)
2026-07-20T20:09:41.798328+02:00 HOST-REDACTED-B systemd-logind[1502]: New session 15 of user USER-REDACTED.
2026-07-20T20:09:41.814348+02:00 HOST-REDACTED-B systemd[1]: Started Session 15 of User USER-REDACTED.
2026-07-20T20:10:13.064737+02:00 HOST-REDACTED-B rigsignal-agent[2152]: 2026-07-20T18:10:13.064684Z  INFO rigsignal_agent::session: No game detected — idle polling
2026-07-20T20:10:46.064064+02:00 HOST-REDACTED-B rigsignal-agent[2152]: 2026-07-20T18:10:46.064029Z  INFO rigsignal_agent::session: No game detected — idle polling
2026-07-20T20:11:01.343351+02:00 HOST-REDACTED-B sshd-session[6663]: Received disconnect from IP-REDACTED port 37092:11: disconnected by user
2026-07-20T20:11:01.343460+02:00 HOST-REDACTED-B sshd-session[6663]: Disconnected from user USER-REDACTED IP-REDACTED port 37092
2026-07-20T20:11:01.343944+02:00 HOST-REDACTED-B sshd-session[6657]: pam_unix(sshd:session): session closed for user USER-REDACTED
2026-07-20T20:11:01.349580+02:00 HOST-REDACTED-B systemd[1]: session-15.scope: Deactivated successfully.
2026-07-20T20:11:01.349875+02:00 HOST-REDACTED-B systemd[1]: session-15.scope: Consumed 3.431s CPU time, 6.7M memory peak.
2026-07-20T20:11:01.351108+02:00 HOST-REDACTED-B systemd-logind[1502]: Removed session 15.
2026-07-20T20:11:01.430176+02:00 HOST-REDACTED-B sshd-session[8953]: Accepted publickey for USER-REDACTED from IP-REDACTED port 59782 ssh2: ED25519 SSH-FINGERPRINT-REDACTED
2026-07-20T20:11:01.433082+02:00 HOST-REDACTED-B sshd-session[8953]: pam_unix(sshd:session): session opened for user USER-REDACTED(uid=1000) by USER-REDACTED(uid=0)
2026-07-20T20:11:01.438654+02:00 HOST-REDACTED-B systemd-logind[1502]: New session 16 of user USER-REDACTED.
2026-07-20T20:11:01.456341+02:00 HOST-REDACTED-B systemd[1]: Started Session 16 of User USER-REDACTED.
2026-07-20T20:11:01.506634+02:00 HOST-REDACTED-B sshd-session[8960]: Received disconnect from IP-REDACTED port 59782:11: disconnected by user
2026-07-20T20:11:01.506728+02:00 HOST-REDACTED-B sshd-session[8960]: Disconnected from user USER-REDACTED IP-REDACTED port 59782
2026-07-20T20:11:01.507113+02:00 HOST-REDACTED-B sshd-session[8953]: pam_unix(sshd:session): session closed for user USER-REDACTED
2026-07-20T20:11:01.511957+02:00 HOST-REDACTED-B systemd[1]: session-16.scope: Deactivated successfully.
2026-07-20T20:11:01.513137+02:00 HOST-REDACTED-B systemd-logind[1502]: Removed session 16.
2026-07-20T20:11:20.064792+02:00 HOST-REDACTED-B rigsignal-agent[2152]: 2026-07-20T18:11:20.064769Z  INFO rigsignal_agent::session: No game detected — idle polling
2026-07-20T20:11:54.063817+02:00 HOST-REDACTED-B rigsignal-agent[2152]: 2026-07-20T18:11:54.063755Z  INFO rigsignal_agent::session: No game detected — idle polling
2026-07-20T20:12:27.063977+02:00 HOST-REDACTED-B rigsignal-agent[2152]: 2026-07-20T18:12:27.063956Z  INFO rigsignal_agent::session: No game detected — idle polling
2026-07-20T20:12:29.415599+02:00 HOST-REDACTED-B sshd-session[9055]: Accepted publickey for USER-REDACTED from IP-REDACTED port 42960 ssh2: ED25519 SSH-FINGERPRINT-REDACTED
2026-07-20T20:12:29.418653+02:00 HOST-REDACTED-B sshd-session[9055]: pam_unix(sshd:session): session opened for user USER-REDACTED(uid=1000) by USER-REDACTED(uid=0)
2026-07-20T20:12:29.424140+02:00 HOST-REDACTED-B systemd-logind[1502]: New session 17 of user USER-REDACTED.
2026-07-20T20:12:29.437356+02:00 HOST-REDACTED-B systemd[1]: Started Session 17 of User USER-REDACTED.
2026-07-20T20:12:29.491867+02:00 HOST-REDACTED-B sshd-session[9061]: Received disconnect from IP-REDACTED port 42960:11: disconnected by user
2026-07-20T20:12:29.491955+02:00 HOST-REDACTED-B sshd-session[9061]: Disconnected from user USER-REDACTED IP-REDACTED port 42960
2026-07-20T20:12:29.492396+02:00 HOST-REDACTED-B sshd-session[9055]: pam_unix(sshd:session): session closed for user USER-REDACTED
2026-07-20T20:12:29.498224+02:00 HOST-REDACTED-B systemd[1]: session-17.scope: Deactivated successfully.
2026-07-20T20:12:29.499727+02:00 HOST-REDACTED-B systemd-logind[1502]: Removed session 17.
2026-07-20T20:12:29.587939+02:00 HOST-REDACTED-B sshd-session[9068]: Accepted publickey for USER-REDACTED from IP-REDACTED port 42962 ssh2: ED25519 SSH-FINGERPRINT-REDACTED
2026-07-20T20:12:29.591165+02:00 HOST-REDACTED-B sshd-session[9068]: pam_unix(sshd:session): session opened for user USER-REDACTED(uid=1000) by USER-REDACTED(uid=0)
2026-07-20T20:12:29.597307+02:00 HOST-REDACTED-B systemd-logind[1502]: New session 18 of user USER-REDACTED.
2026-07-20T20:12:29.609368+02:00 HOST-REDACTED-B systemd[1]: Started Session 18 of User USER-REDACTED.
2026-07-20T20:13:01.064130+02:00 HOST-REDACTED-B rigsignal-agent[2152]: 2026-07-20T18:13:01.064094Z  INFO rigsignal_agent::session: No game detected — idle polling
2026-07-20T20:13:32.793496+02:00 HOST-REDACTED-B iwd[2011]: invalid HE capabilities for MAC-REDACTED
2026-07-20T20:13:32.793496+02:00 HOST-REDACTED-B iwd[2011]: invalid HE capabilities for MAC-REDACTED
2026-07-20T20:13:34.064015+02:00 HOST-REDACTED-B rigsignal-agent[2152]: 2026-07-20T18:13:34.063994Z  INFO rigsignal_agent::session: No game detected — idle polling
2026-07-20T20:13:59.076098+02:00 HOST-REDACTED-B sshd-session[9075]: Received disconnect from IP-REDACTED port 42962:11: disconnected by user
2026-07-20T20:13:59.076196+02:00 HOST-REDACTED-B sshd-session[9075]: Disconnected from user USER-REDACTED IP-REDACTED port 42962
2026-07-20T20:13:59.076679+02:00 HOST-REDACTED-B sshd-session[9068]: pam_unix(sshd:session): session closed for user USER-REDACTED
2026-07-20T20:13:59.082065+02:00 HOST-REDACTED-B systemd[1]: session-18.scope: Deactivated successfully.
2026-07-20T20:13:59.082321+02:00 HOST-REDACTED-B systemd[1]: session-18.scope: Consumed 2.944s CPU time, 5.9M memory peak.
2026-07-20T20:13:59.083480+02:00 HOST-REDACTED-B systemd-logind[1502]: Removed session 18.
2026-07-20T20:14:04.920946+02:00 HOST-REDACTED-B sshd-session[12125]: Accepted publickey for USER-REDACTED from IP-REDACTED port 45210 ssh2: ED25519 SSH-FINGERPRINT-REDACTED
2026-07-20T20:14:04.924422+02:00 HOST-REDACTED-B sshd-session[12125]: pam_unix(sshd:session): session opened for user USER-REDACTED(uid=1000) by USER-REDACTED(uid=0)
2026-07-20T20:14:04.930067+02:00 HOST-REDACTED-B systemd-logind[1502]: New session 19 of user USER-REDACTED.
2026-07-20T20:14:04.943386+02:00 HOST-REDACTED-B systemd[1]: Started Session 19 of User USER-REDACTED.
2026-07-20T20:14:04.993517+02:00 HOST-REDACTED-B sshd-session[12141]: Received disconnect from IP-REDACTED port 45210:11: disconnected by user
2026-07-20T20:14:04.993623+02:00 HOST-REDACTED-B sshd-session[12141]: Disconnected from user USER-REDACTED IP-REDACTED port 45210
2026-07-20T20:14:04.994088+02:00 HOST-REDACTED-B sshd-session[12125]: pam_unix(sshd:session): session closed for user USER-REDACTED
2026-07-20T20:14:05.000556+02:00 HOST-REDACTED-B systemd[1]: session-19.scope: Deactivated successfully.
2026-07-20T20:14:05.001954+02:00 HOST-REDACTED-B systemd-logind[1502]: Removed session 19.
2026-07-20T20:14:10.064591+02:00 HOST-REDACTED-B rigsignal-agent[2152]: 2026-07-20T18:14:10.064570Z  INFO rigsignal_agent::session: No game detected — idle polling
2026-07-20T20:14:44.063927+02:00 HOST-REDACTED-B rigsignal-agent[2152]: 2026-07-20T18:14:44.063869Z  INFO rigsignal_agent::session: No game detected — idle polling
2026-07-20T20:15:18.064495+02:00 HOST-REDACTED-B rigsignal-agent[2152]: 2026-07-20T18:15:18.064475Z  INFO rigsignal_agent::session: No game detected — idle polling
2026-07-20T20:15:24.949826+02:00 HOST-REDACTED-B sshd-session[12234]: Accepted publickey for USER-REDACTED from IP-REDACTED port 45330 ssh2: ED25519 SSH-FINGERPRINT-REDACTED
2026-07-20T20:15:24.952747+02:00 HOST-REDACTED-B sshd-session[12234]: pam_unix(sshd:session): session opened for user USER-REDACTED(uid=1000) by USER-REDACTED(uid=0)
2026-07-20T20:15:24.958446+02:00 HOST-REDACTED-B systemd-logind[1502]: New session 20 of user USER-REDACTED.
2026-07-20T20:15:24.970342+02:00 HOST-REDACTED-B systemd[1]: Started Session 20 of User USER-REDACTED.
2026-07-20T20:15:25.025482+02:00 HOST-REDACTED-B sshd-session[12240]: Received disconnect from IP-REDACTED port 45330:11: disconnected by user
2026-07-20T20:15:25.025570+02:00 HOST-REDACTED-B sshd-session[12240]: Disconnected from user USER-REDACTED IP-REDACTED port 45330
2026-07-20T20:15:25.025945+02:00 HOST-REDACTED-B sshd-session[12234]: pam_unix(sshd:session): session closed for user USER-REDACTED
2026-07-20T20:15:25.031339+02:00 HOST-REDACTED-B systemd[1]: session-20.scope: Deactivated successfully.
2026-07-20T20:15:25.032622+02:00 HOST-REDACTED-B systemd-logind[1502]: Removed session 20.
2026-07-20T20:15:52.063925+02:00 HOST-REDACTED-B rigsignal-agent[2152]: 2026-07-20T18:15:52.063902Z  INFO rigsignal_agent::session: No game detected — idle polling
2026-07-20T20:16:21.351562+02:00 HOST-REDACTED-B sshd-session[12295]: Accepted publickey for USER-REDACTED from IP-REDACTED port 49946 ssh2: ED25519 SSH-FINGERPRINT-REDACTED
2026-07-20T20:16:21.354457+02:00 HOST-REDACTED-B sshd-session[12295]: pam_unix(sshd:session): session opened for user USER-REDACTED(uid=1000) by USER-REDACTED(uid=0)
2026-07-20T20:16:21.360147+02:00 HOST-REDACTED-B systemd-logind[1502]: New session 21 of user USER-REDACTED.
2026-07-20T20:16:21.383338+02:00 HOST-REDACTED-B systemd[1]: Started Session 21 of User USER-REDACTED.
2026-07-20T20:16:21.432819+02:00 HOST-REDACTED-B sshd-session[12301]: Received disconnect from IP-REDACTED port 49946:11: disconnected by user
2026-07-20T20:16:21.432920+02:00 HOST-REDACTED-B sshd-session[12301]: Disconnected from user USER-REDACTED IP-REDACTED port 49946
2026-07-20T20:16:21.433311+02:00 HOST-REDACTED-B sshd-session[12295]: pam_unix(sshd:session): session closed for user USER-REDACTED
2026-07-20T20:16:21.438306+02:00 HOST-REDACTED-B systemd[1]: session-21.scope: Deactivated successfully.
2026-07-20T20:16:21.439605+02:00 HOST-REDACTED-B systemd-logind[1502]: Removed session 21.
2026-07-20T20:16:21.527535+02:00 HOST-REDACTED-B sshd-session[12308]: Accepted publickey for USER-REDACTED from IP-REDACTED port 49950 ssh2: ED25519 SSH-FINGERPRINT-REDACTED
2026-07-20T20:16:21.530413+02:00 HOST-REDACTED-B sshd-session[12308]: pam_unix(sshd:session): session opened for user USER-REDACTED(uid=1000) by USER-REDACTED(uid=0)
2026-07-20T20:16:21.535852+02:00 HOST-REDACTED-B systemd-logind[1502]: New session 22 of user USER-REDACTED.
2026-07-20T20:16:21.553354+02:00 HOST-REDACTED-B systemd[1]: Started Session 22 of User USER-REDACTED.
2026-07-20T20:16:21.608709+02:00 HOST-REDACTED-B sshd-session[12314]: Received disconnect from IP-REDACTED port 49950:11: disconnected by user
2026-07-20T20:16:21.608801+02:00 HOST-REDACTED-B sshd-session[12314]: Disconnected from user USER-REDACTED IP-REDACTED port 49950
2026-07-20T20:16:21.609164+02:00 HOST-REDACTED-B sshd-session[12308]: pam_unix(sshd:session): session closed for user USER-REDACTED
2026-07-20T20:16:21.614325+02:00 HOST-REDACTED-B systemd[1]: session-22.scope: Deactivated successfully.
2026-07-20T20:16:21.615370+02:00 HOST-REDACTED-B systemd-logind[1502]: Removed session 22.
2026-07-20T20:16:21.705579+02:00 HOST-REDACTED-B sshd-session[12321]: Accepted publickey for USER-REDACTED from IP-REDACTED port 49952 ssh2: ED25519 SSH-FINGERPRINT-REDACTED
2026-07-20T20:16:21.708546+02:00 HOST-REDACTED-B sshd-session[12321]: pam_unix(sshd:session): session opened for user USER-REDACTED(uid=1000) by USER-REDACTED(uid=0)
2026-07-20T20:16:21.714060+02:00 HOST-REDACTED-B systemd-logind[1502]: New session 23 of user USER-REDACTED.
2026-07-20T20:16:21.724332+02:00 HOST-REDACTED-B systemd[1]: Started Session 23 of User USER-REDACTED.
2026-07-20T20:16:21.778280+02:00 HOST-REDACTED-B systemd[2096]: Stopping Multimedia Service Session Manager...
2026-07-20T20:16:21.780466+02:00 HOST-REDACTED-B bluetoothd[1458]: Endpoint unregistered: sender=:1.36 path=/MediaEndpoint/A2DPSource/ldac
2026-07-20T20:16:21.780575+02:00 HOST-REDACTED-B bluetoothd[1458]: Endpoint unregistered: sender=:1.36 path=/MediaEndpoint/A2DPSink/aptx_hd
2026-07-20T20:16:21.780669+02:00 HOST-REDACTED-B bluetoothd[1458]: Endpoint unregistered: sender=:1.36 path=/MediaEndpoint/A2DPSource/aptx_hd
2026-07-20T20:16:21.780737+02:00 HOST-REDACTED-B bluetoothd[1458]: Endpoint unregistered: sender=:1.36 path=/MediaEndpoint/A2DPSink/aptx
2026-07-20T20:16:21.780788+02:00 HOST-REDACTED-B bluetoothd[1458]: Endpoint unregistered: sender=:1.36 path=/MediaEndpoint/A2DPSource/aptx
2026-07-20T20:16:21.780832+02:00 HOST-REDACTED-B bluetoothd[1458]: Endpoint unregistered: sender=:1.36 path=/MediaEndpoint/A2DPSink/aac
2026-07-20T20:16:21.780869+02:00 HOST-REDACTED-B bluetoothd[1458]: Endpoint unregistered: sender=:1.36 path=/MediaEndpoint/A2DPSource/aac
2026-07-20T20:16:21.780905+02:00 HOST-REDACTED-B bluetoothd[1458]: Endpoint unregistered: sender=:1.36 path=/MediaEndpoint/A2DPSink/opus_g
2026-07-20T20:16:21.780941+02:00 HOST-REDACTED-B bluetoothd[1458]: Endpoint unregistered: sender=:1.36 path=/MediaEndpoint/A2DPSource/opus_g
2026-07-20T20:16:21.780975+02:00 HOST-REDACTED-B bluetoothd[1458]: Endpoint unregistered: sender=:1.36 path=/MediaEndpoint/A2DPSink/sbc
2026-07-20T20:16:21.781010+02:00 HOST-REDACTED-B bluetoothd[1458]: Endpoint unregistered: sender=:1.36 path=/MediaEndpoint/A2DPSource/sbc
2026-07-20T20:16:21.781044+02:00 HOST-REDACTED-B bluetoothd[1458]: Endpoint unregistered: sender=:1.36 path=/MediaEndpoint/A2DPSource/aptx_ll_1
2026-07-20T20:16:21.781079+02:00 HOST-REDACTED-B bluetoothd[1458]: Endpoint unregistered: sender=:1.36 path=/MediaEndpoint/A2DPSource/aptx_ll_0
2026-07-20T20:16:21.781113+02:00 HOST-REDACTED-B bluetoothd[1458]: Endpoint unregistered: sender=:1.36 path=/MediaEndpoint/A2DPSource/aptx_ll_duplex_1
2026-07-20T20:16:21.781147+02:00 HOST-REDACTED-B bluetoothd[1458]: Endpoint unregistered: sender=:1.36 path=/MediaEndpoint/A2DPSource/aptx_ll_duplex_0
2026-07-20T20:16:21.781181+02:00 HOST-REDACTED-B bluetoothd[1458]: Endpoint unregistered: sender=:1.36 path=/MediaEndpoint/A2DPSource/faststream
2026-07-20T20:16:21.781215+02:00 HOST-REDACTED-B bluetoothd[1458]: Endpoint unregistered: sender=:1.36 path=/MediaEndpoint/A2DPSource/faststream_duplex
2026-07-20T20:16:21.781248+02:00 HOST-REDACTED-B bluetoothd[1458]: Endpoint unregistered: sender=:1.36 path=/MediaEndpoint/A2DPSink/opus_05
2026-07-20T20:16:21.781293+02:00 HOST-REDACTED-B bluetoothd[1458]: Endpoint unregistered: sender=:1.36 path=/MediaEndpoint/A2DPSource/opus_05
2026-07-20T20:16:21.781334+02:00 HOST-REDACTED-B bluetoothd[1458]: Endpoint unregistered: sender=:1.36 path=/MediaEndpoint/A2DPSink/opus_05_duplex
2026-07-20T20:16:21.781374+02:00 HOST-REDACTED-B bluetoothd[1458]: Endpoint unregistered: sender=:1.36 path=/MediaEndpoint/A2DPSource/opus_05_duplex
2026-07-20T20:16:21.789833+02:00 HOST-REDACTED-B systemd[2096]: Stopped Multimedia Service Session Manager.
2026-07-20T20:16:21.789849+02:00 HOST-REDACTED-B systemd[2096]: wireplumber.service: Consumed 11.097s CPU time, 54.6M memory peak.
2026-07-20T20:16:21.791050+02:00 HOST-REDACTED-B systemd[2096]: Started Multimedia Service Session Manager.
2026-07-20T20:16:21.826088+02:00 HOST-REDACTED-B rtkit-daemon[2192]: Successfully made thread 12333 of process 12333 owned by '1000' high priority at nice level -11.
2026-07-20T20:16:21.832805+02:00 HOST-REDACTED-B rtkit-daemon[2192]: Successfully made thread 12342 of process 12333 owned by '1000' RT at priority 20.
2026-07-20T20:16:22.194057+02:00 HOST-REDACTED-B bluetoothd[1458]: Endpoint registered: sender=:1.161 path=/MediaEndpoint/A2DPSource/ldac
2026-07-20T20:16:22.194136+02:00 HOST-REDACTED-B bluetoothd[1458]: Endpoint registered: sender=:1.161 path=/MediaEndpoint/A2DPSink/aptx_hd
2026-07-20T20:16:22.194198+02:00 HOST-REDACTED-B bluetoothd[1458]: Endpoint registered: sender=:1.161 path=/MediaEndpoint/A2DPSource/aptx_hd
2026-07-20T20:16:22.194296+02:00 HOST-REDACTED-B bluetoothd[1458]: Endpoint registered: sender=:1.161 path=/MediaEndpoint/A2DPSink/aptx
2026-07-20T20:16:22.194360+02:00 HOST-REDACTED-B bluetoothd[1458]: Endpoint registered: sender=:1.161 path=/MediaEndpoint/A2DPSource/aptx
2026-07-20T20:16:22.194473+02:00 HOST-REDACTED-B bluetoothd[1458]: Endpoint registered: sender=:1.161 path=/MediaEndpoint/A2DPSink/aac
2026-07-20T20:16:22.194540+02:00 HOST-REDACTED-B bluetoothd[1458]: Endpoint registered: sender=:1.161 path=/MediaEndpoint/A2DPSource/aac
2026-07-20T20:16:22.194606+02:00 HOST-REDACTED-B bluetoothd[1458]: Endpoint registered: sender=:1.161 path=/MediaEndpoint/A2DPSink/opus_g
2026-07-20T20:16:22.194668+02:00 HOST-REDACTED-B bluetoothd[1458]: Endpoint registered: sender=:1.161 path=/MediaEndpoint/A2DPSource/opus_g
2026-07-20T20:16:22.194739+02:00 HOST-REDACTED-B bluetoothd[1458]: Endpoint registered: sender=:1.161 path=/MediaEndpoint/A2DPSink/sbc
2026-07-20T20:16:22.194798+02:00 HOST-REDACTED-B bluetoothd[1458]: Endpoint registered: sender=:1.161 path=/MediaEndpoint/A2DPSource/sbc
2026-07-20T20:16:22.194857+02:00 HOST-REDACTED-B bluetoothd[1458]: Endpoint registered: sender=:1.161 path=/MediaEndpoint/A2DPSource/aptx_ll_1
2026-07-20T20:16:22.194923+02:00 HOST-REDACTED-B bluetoothd[1458]: Endpoint registered: sender=:1.161 path=/MediaEndpoint/A2DPSource/aptx_ll_0
2026-07-20T20:16:22.194981+02:00 HOST-REDACTED-B bluetoothd[1458]: Endpoint registered: sender=:1.161 path=/MediaEndpoint/A2DPSource/aptx_ll_duplex_1
2026-07-20T20:16:22.195040+02:00 HOST-REDACTED-B bluetoothd[1458]: Endpoint registered: sender=:1.161 path=/MediaEndpoint/A2DPSource/aptx_ll_duplex_0
2026-07-20T20:16:22.195101+02:00 HOST-REDACTED-B bluetoothd[1458]: Endpoint registered: sender=:1.161 path=/MediaEndpoint/A2DPSource/faststream
2026-07-20T20:16:22.195157+02:00 HOST-REDACTED-B bluetoothd[1458]: Endpoint registered: sender=:1.161 path=/MediaEndpoint/A2DPSource/faststream_duplex
2026-07-20T20:16:22.195216+02:00 HOST-REDACTED-B bluetoothd[1458]: Endpoint registered: sender=:1.161 path=/MediaEndpoint/A2DPSink/opus_05
2026-07-20T20:16:22.195287+02:00 HOST-REDACTED-B bluetoothd[1458]: Endpoint registered: sender=:1.161 path=/MediaEndpoint/A2DPSource/opus_05
2026-07-20T20:16:22.195349+02:00 HOST-REDACTED-B bluetoothd[1458]: Endpoint registered: sender=:1.161 path=/MediaEndpoint/A2DPSink/opus_05_duplex
2026-07-20T20:16:22.195407+02:00 HOST-REDACTED-B bluetoothd[1458]: Endpoint registered: sender=:1.161 path=/MediaEndpoint/A2DPSource/opus_05_duplex
2026-07-20T20:16:22.199039+02:00 HOST-REDACTED-B wireplumber[12333]: wp-device: SPA handle 'api.libcamera.enum.manager' could not be loaded; is it installed?
2026-07-20T20:16:22.199048+02:00 HOST-REDACTED-B wireplumber[12333]: s-monitors-libcamera: PipeWire's libcamera SPA plugin is missing or broken. Some camera types may not be supported.
2026-07-20T20:16:23.816810+02:00 HOST-REDACTED-B sshd-session[12327]: Received disconnect from IP-REDACTED port 49952:11: disconnected by user
2026-07-20T20:16:23.816904+02:00 HOST-REDACTED-B sshd-session[12327]: Disconnected from user USER-REDACTED IP-REDACTED port 49952
2026-07-20T20:16:23.817356+02:00 HOST-REDACTED-B sshd-session[12321]: pam_unix(sshd:session): session closed for user USER-REDACTED
2026-07-20T20:16:23.822746+02:00 HOST-REDACTED-B systemd[1]: session-23.scope: Deactivated successfully.
2026-07-20T20:16:23.824281+02:00 HOST-REDACTED-B systemd-logind[1502]: Removed session 23.
2026-07-20T20:16:26.064562+02:00 HOST-REDACTED-B rigsignal-agent[2152]: 2026-07-20T18:16:26.064540Z  INFO rigsignal_agent::session: No game detected — idle polling
2026-07-20T20:16:59.064084+02:00 HOST-REDACTED-B rigsignal-agent[2152]: 2026-07-20T18:16:59.064049Z  INFO rigsignal_agent::session: No game detected — idle polling
2026-07-20T20:17:32.064238+02:00 HOST-REDACTED-B rigsignal-agent[2152]: 2026-07-20T18:17:32.064201Z  INFO rigsignal_agent::session: No game detected — idle polling
2026-07-20T20:17:35.716554+02:00 HOST-REDACTED-B iwd[2011]: invalid HE capabilities for MAC-REDACTED
2026-07-20T20:17:35.716554+02:00 HOST-REDACTED-B iwd[2011]: invalid HE capabilities for MAC-REDACTED
2026-07-20T20:18:05.064095+02:00 HOST-REDACTED-B rigsignal-agent[2152]: 2026-07-20T18:18:05.064038Z  INFO rigsignal_agent::session: No game detected — idle polling
2026-07-20T20:18:38.064726+02:00 HOST-REDACTED-B rigsignal-agent[2152]: 2026-07-20T18:18:38.064690Z  INFO rigsignal_agent::session: No game detected — idle polling
2026-07-20T20:19:13.063956+02:00 HOST-REDACTED-B rigsignal-agent[2152]: 2026-07-20T18:19:13.063904Z  INFO rigsignal_agent::session: No game detected — idle polling
2026-07-20T20:19:46.064442+02:00 HOST-REDACTED-B rigsignal-agent[2152]: 2026-07-20T18:19:46.064422Z  INFO rigsignal_agent::session: No game detected — idle polling
2026-07-20T20:20:20.064160+02:00 HOST-REDACTED-B rigsignal-agent[2152]: 2026-07-20T18:20:20.064139Z  INFO rigsignal_agent::session: No game detected — idle polling
2026-07-20T20:20:35.298055+02:00 HOST-REDACTED-B systemd[1]: Starting Time & Date Service...
2026-07-20T20:20:35.349383+02:00 HOST-REDACTED-B systemd[1]: Started Time & Date Service.
2026-07-20T20:20:35.352725+02:00 HOST-REDACTED-B systemd[2096]: steam-launcher.service: Got notification message from PID 12714, but reception is disabled
2026-07-20T20:20:35.362297+02:00 HOST-REDACTED-B systemd[2096]: steam-launcher.service: Got notification message from PID 12719, but reception is disabled
2026-07-20T20:20:35.754892+02:00 HOST-REDACTED-B rtkit-daemon[2192]: Successfully made thread 12749 of process 12707 owned by '1000' high priority at nice level -10.
2026-07-20T20:20:37.824399+02:00 HOST-REDACTED-B rtkit-daemon[2192]: Successfully made thread 12753 of process 12707 owned by '1000' high priority at nice level -15.
2026-07-20T20:20:37.910744+02:00 HOST-REDACTED-B gamescope-session[2307]: [gamescope] [Warn]  xwm: got the same buffer committed twice, ignoring.
2026-07-20T20:20:54.064127+02:00 HOST-REDACTED-B rigsignal-agent[2152]: 2026-07-20T18:20:54.064107Z  INFO rigsignal_agent::session: No game detected — idle polling
2026-07-20T20:21:05.393258+02:00 HOST-REDACTED-B systemd[1]: systemd-timedated.service: Deactivated successfully.
2026-07-20T20:21:27.064081+02:00 HOST-REDACTED-B rigsignal-agent[2152]: 2026-07-20T18:21:27.064061Z  INFO rigsignal_agent::session: No game detected — idle polling
2026-07-20T20:21:42.358276+02:00 HOST-REDACTED-B kernel: logitech-hidpp-device 0003:046D:4032.0005: HID++ 4.1 device connected.
2026-07-20T20:21:59.064701+02:00 HOST-REDACTED-B rigsignal-agent[2152]: 2026-07-20T18:21:59.064681Z  INFO rigsignal_agent::session: No game detected — idle polling
2026-07-20T20:22:17.652101+02:00 HOST-REDACTED-B gamescope-session[2307]: [gamescope] [Warn]  xwm: got the same buffer committed twice, ignoring.
2026-07-20T20:22:25.410410+02:00 HOST-REDACTED-B gamescope-session[2307]: [gamescope] [Warn]  xwm: got the same buffer committed twice, ignoring.
2026-07-20T20:22:25.410410+02:00 HOST-REDACTED-B gamescope-session[2307]: [gamescope] [Warn]  xwm: got the same buffer committed twice, ignoring.
2026-07-20T20:22:33.064026+02:00 HOST-REDACTED-B rigsignal-agent[2152]: 2026-07-20T18:22:33.064006Z  INFO rigsignal_agent::session: No game detected — idle polling
2026-07-20T20:22:37.251757+02:00 HOST-REDACTED-B systemd[1]: Starting Time & Date Service...
2026-07-20T20:22:37.299598+02:00 HOST-REDACTED-B systemd[1]: Started Time & Date Service.
2026-07-20T20:22:37.302349+02:00 HOST-REDACTED-B systemd[2096]: steam-launcher.service: Got notification message from PID 12875, but reception is disabled
2026-07-20T20:22:37.311302+02:00 HOST-REDACTED-B systemd[2096]: steam-launcher.service: Got notification message from PID 12882, but reception is disabled
2026-07-20T20:22:47.242910+02:00 HOST-REDACTED-B steam[2476]: reaping pid: 12706 -- IPC:CSteamEngin
2026-07-20T20:22:56.221939+02:00 HOST-REDACTED-B systemd[2096]: steam-launcher.service: Got notification message from PID 12928, but reception is disabled
2026-07-20T20:22:56.231656+02:00 HOST-REDACTED-B systemd[2096]: steam-launcher.service: Got notification message from PID 12932, but reception is disabled
2026-07-20T20:22:56.723044+02:00 HOST-REDACTED-B rtkit-daemon[2192]: Successfully made thread 12963 of process 12920 owned by '1000' high priority at nice level -10.
2026-07-20T20:22:58.790645+02:00 HOST-REDACTED-B rtkit-daemon[2192]: Successfully made thread 12967 of process 12920 owned by '1000' high priority at nice level -15.
2026-07-20T20:22:58.877348+02:00 HOST-REDACTED-B gamescope-session[2307]: [gamescope] [Warn]  xwm: got the same buffer committed twice, ignoring.
2026-07-20T20:23:06.064165+02:00 HOST-REDACTED-B rigsignal-agent[2152]: 2026-07-20T18:23:06.064144Z  INFO rigsignal_agent::session: No game detected — idle polling
2026-07-20T20:23:26.244674+02:00 HOST-REDACTED-B systemd[1]: systemd-timedated.service: Deactivated successfully.
2026-07-20T20:23:40.064463+02:00 HOST-REDACTED-B rigsignal-agent[2152]: 2026-07-20T18:23:40.064412Z  INFO rigsignal_agent::session: No game detected — idle polling
2026-07-20T20:24:15.064758+02:00 HOST-REDACTED-B rigsignal-agent[2152]: 2026-07-20T18:24:15.064737Z  INFO rigsignal_agent::session: No game detected — idle polling
2026-07-20T20:24:49.064122+02:00 HOST-REDACTED-B rigsignal-agent[2152]: 2026-07-20T18:24:49.064099Z  INFO rigsignal_agent::session: No game detected — idle polling
2026-07-20T20:25:23.063920+02:00 HOST-REDACTED-B rigsignal-agent[2152]: 2026-07-20T18:25:23.063896Z  INFO rigsignal_agent::session: No game detected — idle polling
2026-07-20T20:25:47.940806+02:00 HOST-REDACTED-B systemd[1]: Starting Time & Date Service...
2026-07-20T20:25:47.983420+02:00 HOST-REDACTED-B systemd[1]: Started Time & Date Service.
2026-07-20T20:25:47.986364+02:00 HOST-REDACTED-B systemd[2096]: steam-launcher.service: Got notification message from PID 13128, but reception is disabled
2026-07-20T20:25:47.995140+02:00 HOST-REDACTED-B systemd[2096]: steam-launcher.service: Got notification message from PID 13133, but reception is disabled
2026-07-20T20:25:54.065259+02:00 HOST-REDACTED-B rigsignal-agent[2152]: 2026-07-20T18:25:54.065236Z  INFO rigsignal_agent::session: No game detected — idle polling
2026-07-20T20:25:57.848026+02:00 HOST-REDACTED-B steam[2476]: reaping pid: 12919 -- IPC:CSteamEngin
2026-07-20T20:26:18.025686+02:00 HOST-REDACTED-B systemd[1]: systemd-timedated.service: Deactivated successfully.
2026-07-20T20:26:28.064108+02:00 HOST-REDACTED-B rigsignal-agent[2152]: 2026-07-20T18:26:28.064084Z  INFO rigsignal_agent::session: No game detected — idle polling
2026-07-20T20:27:00.064458+02:00 HOST-REDACTED-B rigsignal-agent[2152]: 2026-07-20T18:27:00.064408Z  INFO rigsignal_agent::session: No game detected — idle polling
2026-07-20T20:27:27.342899+02:00 HOST-REDACTED-B sshd-session[13310]: Accepted publickey for USER-REDACTED from IP-REDACTED port 56658 ssh2: ED25519 SSH-FINGERPRINT-REDACTED
2026-07-20T20:27:27.345818+02:00 HOST-REDACTED-B sshd-session[13310]: pam_unix(sshd:session): session opened for user USER-REDACTED(uid=1000) by USER-REDACTED(uid=0)
2026-07-20T20:27:27.351866+02:00 HOST-REDACTED-B systemd-logind[1502]: New session 24 of user USER-REDACTED.
2026-07-20T20:27:27.373325+02:00 HOST-REDACTED-B systemd[1]: Started Session 24 of User USER-REDACTED.
2026-07-20T20:27:32.064876+02:00 HOST-REDACTED-B rigsignal-agent[2152]: 2026-07-20T18:27:32.064853Z  INFO rigsignal_agent::session: No game detected — idle polling
2026-07-20T20:27:42.634461+02:00 HOST-REDACTED-B iwd[2011]: invalid HE capabilities for MAC-REDACTED
2026-07-20T20:27:42.634461+02:00 HOST-REDACTED-B iwd[2011]: invalid HE capabilities for MAC-REDACTED
2026-07-20T20:28:06.064701+02:00 HOST-REDACTED-B rigsignal-agent[2152]: 2026-07-20T18:28:06.064676Z  INFO rigsignal_agent::session: No game detected — idle polling
2026-07-20T20:28:40.064062+02:00 HOST-REDACTED-B rigsignal-agent[2152]: 2026-07-20T18:28:40.064039Z  INFO rigsignal_agent::session: No game detected — idle polling
2026-07-20T20:28:57.133766+02:00 HOST-REDACTED-B sshd-session[13316]: Received disconnect from IP-REDACTED port 56658:11: disconnected by user
2026-07-20T20:28:57.133859+02:00 HOST-REDACTED-B sshd-session[13316]: Disconnected from user USER-REDACTED IP-REDACTED port 56658
2026-07-20T20:28:57.134349+02:00 HOST-REDACTED-B sshd-session[13310]: pam_unix(sshd:session): session closed for user USER-REDACTED
2026-07-20T20:28:57.139897+02:00 HOST-REDACTED-B systemd[1]: session-24.scope: Deactivated successfully.
2026-07-20T20:28:57.140182+02:00 HOST-REDACTED-B systemd[1]: session-24.scope: Consumed 2.876s CPU time, 5.8M memory peak.
2026-07-20T20:28:57.141392+02:00 HOST-REDACTED-B systemd-logind[1502]: Removed session 24.
2026-07-20T20:29:02.981741+02:00 HOST-REDACTED-B sshd-session[16318]: Accepted publickey for USER-REDACTED from IP-REDACTED port 35362 ssh2: ED25519 SSH-FINGERPRINT-REDACTED
2026-07-20T20:29:02.984881+02:00 HOST-REDACTED-B sshd-session[16318]: pam_unix(sshd:session): session opened for user USER-REDACTED(uid=1000) by USER-REDACTED(uid=0)
2026-07-20T20:29:02.990987+02:00 HOST-REDACTED-B systemd-logind[1502]: New session 25 of user USER-REDACTED.
2026-07-20T20:29:02.997345+02:00 HOST-REDACTED-B systemd[1]: Started Session 25 of User USER-REDACTED.
2026-07-20T20:29:03.047101+02:00 HOST-REDACTED-B sshd-session[16324]: Received disconnect from IP-REDACTED port 35362:11: disconnected by user
2026-07-20T20:29:03.047184+02:00 HOST-REDACTED-B sshd-session[16324]: Disconnected from user USER-REDACTED IP-REDACTED port 35362
2026-07-20T20:29:03.047523+02:00 HOST-REDACTED-B sshd-session[16318]: pam_unix(sshd:session): session closed for user USER-REDACTED
2026-07-20T20:29:03.053008+02:00 HOST-REDACTED-B systemd[1]: session-25.scope: Deactivated successfully.
2026-07-20T20:29:03.054368+02:00 HOST-REDACTED-B systemd-logind[1502]: Removed session 25.
2026-07-20T20:29:14.064524+02:00 HOST-REDACTED-B rigsignal-agent[2152]: 2026-07-20T18:29:14.064502Z  INFO rigsignal_agent::session: No game detected — idle polling
2026-07-20T20:29:48.064766+02:00 HOST-REDACTED-B rigsignal-agent[2152]: 2026-07-20T18:29:48.064709Z  INFO rigsignal_agent::session: No game detected — idle polling
2026-07-20T20:30:23.064232+02:00 HOST-REDACTED-B rigsignal-agent[2152]: 2026-07-20T18:30:23.064207Z  INFO rigsignal_agent::session: No game detected — idle polling
2026-07-20T20:30:55.064270+02:00 HOST-REDACTED-B rigsignal-agent[2152]: 2026-07-20T18:30:55.064242Z  INFO rigsignal_agent::session: No game detected — idle polling
2026-07-20T20:31:27.064473+02:00 HOST-REDACTED-B rigsignal-agent[2152]: 2026-07-20T18:31:27.064452Z  INFO rigsignal_agent::session: No game detected — idle polling
2026-07-20T20:32:00.064648+02:00 HOST-REDACTED-B rigsignal-agent[2152]: 2026-07-20T18:32:00.064623Z  INFO rigsignal_agent::session: No game detected — idle polling
2026-07-20T20:32:34.064521+02:00 HOST-REDACTED-B rigsignal-agent[2152]: 2026-07-20T18:32:34.064498Z  INFO rigsignal_agent::session: No game detected — idle polling
2026-07-20T20:32:46.051430+02:00 HOST-REDACTED-B iwd[2011]: invalid HE capabilities for MAC-REDACTED
2026-07-20T20:32:46.051430+02:00 HOST-REDACTED-B iwd[2011]: invalid HE capabilities for MAC-REDACTED
2026-07-20T20:33:07.063845+02:00 HOST-REDACTED-B rigsignal-agent[2152]: 2026-07-20T18:33:07.063818Z  INFO rigsignal_agent::session: No game detected — idle polling
2026-07-20T20:33:41.064241+02:00 HOST-REDACTED-B rigsignal-agent[2152]: 2026-07-20T18:33:41.064220Z  INFO rigsignal_agent::session: No game detected — idle polling
2026-07-20T20:34:13.064600+02:00 HOST-REDACTED-B rigsignal-agent[2152]: 2026-07-20T18:34:13.064555Z  INFO rigsignal_agent::session: No game detected — idle polling
2026-07-20T20:34:47.064680+02:00 HOST-REDACTED-B rigsignal-agent[2152]: 2026-07-20T18:34:47.064658Z  INFO rigsignal_agent::session: No game detected — idle polling
2026-07-20T20:35:21.064014+02:00 HOST-REDACTED-B rigsignal-agent[2152]: 2026-07-20T18:35:21.063990Z  INFO rigsignal_agent::session: No game detected — idle polling
2026-07-20T20:35:55.064444+02:00 HOST-REDACTED-B rigsignal-agent[2152]: 2026-07-20T18:35:55.064378Z  INFO rigsignal_agent::session: No game detected — idle polling
2026-07-20T20:36:28.064138+02:00 HOST-REDACTED-B rigsignal-agent[2152]: 2026-07-20T18:36:28.064113Z  INFO rigsignal_agent::session: No game detected — idle polling
2026-07-20T20:36:39.710780+02:00 HOST-REDACTED-B sshd-session[16699]: Accepted publickey for USER-REDACTED from IP-REDACTED port 49584 ssh2: ED25519 SSH-FINGERPRINT-REDACTED
2026-07-20T20:36:39.713764+02:00 HOST-REDACTED-B sshd-session[16699]: pam_unix(sshd:session): session opened for user USER-REDACTED(uid=1000) by USER-REDACTED(uid=0)
2026-07-20T20:36:39.719880+02:00 HOST-REDACTED-B systemd-logind[1502]: New session 26 of user USER-REDACTED.
2026-07-20T20:36:39.729348+02:00 HOST-REDACTED-B systemd[1]: Started Session 26 of User USER-REDACTED.
2026-07-20T20:36:39.786548+02:00 HOST-REDACTED-B sshd-session[16705]: Received disconnect from IP-REDACTED port 49584:11: disconnected by user
2026-07-20T20:36:39.786646+02:00 HOST-REDACTED-B sshd-session[16705]: Disconnected from user USER-REDACTED IP-REDACTED port 49584
2026-07-20T20:36:39.787018+02:00 HOST-REDACTED-B sshd-session[16699]: pam_unix(sshd:session): session closed for user USER-REDACTED
2026-07-20T20:36:39.792067+02:00 HOST-REDACTED-B systemd[1]: session-26.scope: Deactivated successfully.
2026-07-20T20:36:39.793319+02:00 HOST-REDACTED-B systemd-logind[1502]: Removed session 26.
2026-07-20T20:36:39.872846+02:00 HOST-REDACTED-B sshd-session[16712]: Accepted publickey for USER-REDACTED from IP-REDACTED port 49600 ssh2: ED25519 SSH-FINGERPRINT-REDACTED
2026-07-20T20:36:39.875697+02:00 HOST-REDACTED-B sshd-session[16712]: pam_unix(sshd:session): session opened for user USER-REDACTED(uid=1000) by USER-REDACTED(uid=0)
2026-07-20T20:36:39.881304+02:00 HOST-REDACTED-B systemd-logind[1502]: New session 27 of user USER-REDACTED.
2026-07-20T20:36:39.897351+02:00 HOST-REDACTED-B systemd[1]: Started Session 27 of User USER-REDACTED.
2026-07-20T20:36:39.957309+02:00 HOST-REDACTED-B sshd-session[16718]: Received disconnect from IP-REDACTED port 49600:11: disconnected by user
2026-07-20T20:36:39.957403+02:00 HOST-REDACTED-B sshd-session[16718]: Disconnected from user USER-REDACTED IP-REDACTED port 49600
2026-07-20T20:36:39.957795+02:00 HOST-REDACTED-B sshd-session[16712]: pam_unix(sshd:session): session closed for user USER-REDACTED
2026-07-20T20:36:39.963121+02:00 HOST-REDACTED-B systemd[1]: session-27.scope: Deactivated successfully.
2026-07-20T20:36:39.964465+02:00 HOST-REDACTED-B systemd-logind[1502]: Removed session 27.
2026-07-20T20:37:01.064335+02:00 HOST-REDACTED-B rigsignal-agent[2152]: 2026-07-20T18:37:01.064300Z  INFO rigsignal_agent::session: No game detected — idle polling
2026-07-20T20:37:36.063791+02:00 HOST-REDACTED-B rigsignal-agent[2152]: 2026-07-20T18:37:36.063756Z  INFO rigsignal_agent::session: No game detected — idle polling
2026-07-20T20:37:49.467467+02:00 HOST-REDACTED-B iwd[2011]: invalid HE capabilities for MAC-REDACTED
2026-07-20T20:37:59.872317+02:00 HOST-REDACTED-B sshd-session[16804]: Accepted publickey for USER-REDACTED from IP-REDACTED port 53430 ssh2: ED25519 SSH-FINGERPRINT-REDACTED
2026-07-20T20:37:59.875338+02:00 HOST-REDACTED-B sshd-session[16804]: pam_unix(sshd:session): session opened for user USER-REDACTED(uid=1000) by USER-REDACTED(uid=0)
2026-07-20T20:37:59.881025+02:00 HOST-REDACTED-B systemd-logind[1502]: New session 28 of user USER-REDACTED.
2026-07-20T20:37:59.890334+02:00 HOST-REDACTED-B systemd[1]: Started Session 28 of User USER-REDACTED.
2026-07-20T20:38:08.064079+02:00 HOST-REDACTED-B rigsignal-agent[2152]: 2026-07-20T18:38:08.063873Z  INFO rigsignal_agent::session: No game detected — idle polling
2026-07-20T20:38:21.382427+02:00 HOST-REDACTED-B sshd-session[17157]: Accepted publickey for USER-REDACTED from IP-REDACTED port 58716 ssh2: ED25519 SSH-FINGERPRINT-REDACTED
2026-07-20T20:38:21.385455+02:00 HOST-REDACTED-B sshd-session[17157]: pam_unix(sshd:session): session opened for user USER-REDACTED(uid=1000) by USER-REDACTED(uid=0)
2026-07-20T20:38:21.391451+02:00 HOST-REDACTED-B systemd-logind[1502]: New session 29 of user USER-REDACTED.
2026-07-20T20:38:21.408340+02:00 HOST-REDACTED-B systemd[1]: Started Session 29 of User USER-REDACTED.
2026-07-20T20:38:21.458728+02:00 HOST-REDACTED-B sshd-session[17166]: Received disconnect from IP-REDACTED port 58716:11: disconnected by user
2026-07-20T20:38:21.458855+02:00 HOST-REDACTED-B sshd-session[17166]: Disconnected from user USER-REDACTED IP-REDACTED port 58716
2026-07-20T20:38:21.459250+02:00 HOST-REDACTED-B sshd-session[17157]: pam_unix(sshd:session): session closed for user USER-REDACTED
2026-07-20T20:38:21.464385+02:00 HOST-REDACTED-B systemd[1]: session-29.scope: Deactivated successfully.
2026-07-20T20:38:21.465587+02:00 HOST-REDACTED-B systemd-logind[1502]: Removed session 29.
2026-07-20T20:38:39.064853+02:00 HOST-REDACTED-B rigsignal-agent[2152]: 2026-07-20T18:38:39.064786Z  INFO rigsignal_agent::session: No game detected — idle polling
2026-07-20T20:39:12.063921+02:00 HOST-REDACTED-B rigsignal-agent[2152]: 2026-07-20T18:39:12.063885Z  INFO rigsignal_agent::session: No game detected — idle polling
2026-07-20T20:39:45.064513+02:00 HOST-REDACTED-B rigsignal-agent[2152]: 2026-07-20T18:39:45.064491Z  INFO rigsignal_agent::session: No game detected — idle polling
2026-07-20T20:40:19.064614+02:00 HOST-REDACTED-B rigsignal-agent[2152]: 2026-07-20T18:40:19.064593Z  INFO rigsignal_agent::session: No game detected — idle polling
2026-07-20T20:40:53.064424+02:00 HOST-REDACTED-B rigsignal-agent[2152]: 2026-07-20T18:40:53.064390Z  INFO rigsignal_agent::session: No game detected — idle polling
2026-07-20T20:41:27.064573+02:00 HOST-REDACTED-B rigsignal-agent[2152]: 2026-07-20T18:41:27.064539Z  INFO rigsignal_agent::session: No game detected — idle polling
2026-07-20T20:41:39.945507+02:00 HOST-REDACTED-B earlyoom[1456]: mem avail: 22910 of 28681 MiB (79.88%), swap free: 17015 of 17015 MiB (100.00%)
2026-07-20T20:41:57.282046+02:00 HOST-REDACTED-B systemd[1]: Starting Time & Date Service...
2026-07-20T20:41:57.335542+02:00 HOST-REDACTED-B systemd[1]: Started Time & Date Service.
2026-07-20T20:41:57.338398+02:00 HOST-REDACTED-B systemd[2096]: steam-launcher.service: Got notification message from PID 20588, but reception is disabled
2026-07-20T20:41:57.347469+02:00 HOST-REDACTED-B systemd[2096]: steam-launcher.service: Got notification message from PID 20594, but reception is disabled
2026-07-20T20:41:57.776197+02:00 HOST-REDACTED-B rtkit-daemon[2192]: Successfully made thread 20624 of process 20580 owned by '1000' high priority at nice level -10.
2026-07-20T20:41:59.846307+02:00 HOST-REDACTED-B rtkit-daemon[2192]: Successfully made thread 20662 of process 20580 owned by '1000' high priority at nice level -15.
2026-07-20T20:41:59.932862+02:00 HOST-REDACTED-B gamescope-session[2307]: [gamescope] [Warn]  xwm: got the same buffer committed twice, ignoring.
2026-07-20T20:42:00.064483+02:00 HOST-REDACTED-B rigsignal-agent[2152]: 2026-07-20T18:42:00.064463Z  INFO rigsignal_agent::session: No game detected — idle polling
2026-07-20T20:42:01.174463+02:00 HOST-REDACTED-B gamescope-session[2307]: [gamescope] [Warn]  xwm: got the same buffer committed twice, ignoring.
2026-07-20T20:42:01.174463+02:00 HOST-REDACTED-B gamescope-session[2307]: [gamescope] [Warn]  xwm: got the same buffer committed twice, ignoring.
2026-07-20T20:42:20.150003+02:00 HOST-REDACTED-B gamescope-session[2307]: [gamescope] [Warn]  xwm: got the same buffer committed twice, ignoring.
2026-07-20T20:42:20.150003+02:00 HOST-REDACTED-B gamescope-session[2307]: [gamescope] [Warn]  xwm: got the same buffer committed twice, ignoring.
2026-07-20T20:42:27.377553+02:00 HOST-REDACTED-B systemd[1]: systemd-timedated.service: Deactivated successfully.
2026-07-20T20:42:34.064586+02:00 HOST-REDACTED-B rigsignal-agent[2152]: 2026-07-20T18:42:34.064566Z  INFO rigsignal_agent::session: No game detected — idle polling
2026-07-20T20:42:52.889435+02:00 HOST-REDACTED-B iwd[2011]: invalid HE capabilities for MAC-REDACTED
2026-07-20T20:43:08.064291+02:00 HOST-REDACTED-B rigsignal-agent[2152]: 2026-07-20T18:43:08.064230Z  INFO rigsignal_agent::session: No game detected — idle polling
2026-07-20T20:43:40.064755+02:00 HOST-REDACTED-B rigsignal-agent[2152]: 2026-07-20T18:43:40.064732Z  INFO rigsignal_agent::session: No game detected — idle polling
2026-07-20T20:43:45.184715+02:00 HOST-REDACTED-B rtkit-daemon[2192]: Successfully made thread 22349 of process 20580 owned by '1000' high priority at nice level -10.
2026-07-20T20:44:00.590511+02:00 HOST-REDACTED-B sshd-session[22590]: Accepted publickey for USER-REDACTED from IP-REDACTED port 56214 ssh2: ED25519 SSH-FINGERPRINT-REDACTED
2026-07-20T20:44:00.593468+02:00 HOST-REDACTED-B sshd-session[22590]: pam_unix(sshd:session): session opened for user USER-REDACTED(uid=1000) by USER-REDACTED(uid=0)
2026-07-20T20:44:00.599442+02:00 HOST-REDACTED-B systemd-logind[1502]: New session 30 of user USER-REDACTED.
2026-07-20T20:44:00.609367+02:00 HOST-REDACTED-B systemd[1]: Started Session 30 of User USER-REDACTED.
2026-07-20T20:44:00.659361+02:00 HOST-REDACTED-B sshd-session[22596]: Received disconnect from IP-REDACTED port 56214:11: disconnected by user
2026-07-20T20:44:00.659457+02:00 HOST-REDACTED-B sshd-session[22596]: Disconnected from user USER-REDACTED IP-REDACTED port 56214
2026-07-20T20:44:00.659862+02:00 HOST-REDACTED-B sshd-session[22590]: pam_unix(sshd:session): session closed for user USER-REDACTED
2026-07-20T20:44:00.665332+02:00 HOST-REDACTED-B systemd[1]: session-30.scope: Deactivated successfully.
2026-07-20T20:44:00.666575+02:00 HOST-REDACTED-B systemd-logind[1502]: Removed session 30.
2026-07-20T20:44:14.064254+02:00 HOST-REDACTED-B rigsignal-agent[2152]: 2026-07-20T18:44:14.064231Z  INFO rigsignal_agent::session: No game detected — idle polling
2026-07-20T20:44:48.064396+02:00 HOST-REDACTED-B rigsignal-agent[2152]: 2026-07-20T18:44:48.064343Z  INFO rigsignal_agent::session: No game detected — idle polling
2026-07-20T20:45:21.064181+02:00 HOST-REDACTED-B rigsignal-agent[2152]: 2026-07-20T18:45:21.064161Z  INFO rigsignal_agent::session: No game detected — idle polling
2026-07-20T20:45:34.229090+02:00 HOST-REDACTED-B sshd-session[24069]: Accepted publickey for USER-REDACTED from IP-REDACTED port 47658 ssh2: ED25519 SSH-FINGERPRINT-REDACTED
2026-07-20T20:45:34.232207+02:00 HOST-REDACTED-B sshd-session[24069]: pam_unix(sshd:session): session opened for user USER-REDACTED(uid=1000) by USER-REDACTED(uid=0)
2026-07-20T20:45:34.238317+02:00 HOST-REDACTED-B systemd-logind[1502]: New session 31 of user USER-REDACTED.
2026-07-20T20:45:34.249338+02:00 HOST-REDACTED-B systemd[1]: Started Session 31 of User USER-REDACTED.
2026-07-20T20:45:34.300702+02:00 HOST-REDACTED-B sshd-session[24075]: Received disconnect from IP-REDACTED port 47658:11: disconnected by user
2026-07-20T20:45:34.300796+02:00 HOST-REDACTED-B sshd-session[24075]: Disconnected from user USER-REDACTED IP-REDACTED port 47658
2026-07-20T20:45:34.301173+02:00 HOST-REDACTED-B sshd-session[24069]: pam_unix(sshd:session): session closed for user USER-REDACTED
2026-07-20T20:45:34.306480+02:00 HOST-REDACTED-B systemd[1]: session-31.scope: Deactivated successfully.
2026-07-20T20:45:34.307716+02:00 HOST-REDACTED-B systemd-logind[1502]: Removed session 31.
2026-07-20T20:45:54.064477+02:00 HOST-REDACTED-B rigsignal-agent[2152]: 2026-07-20T18:45:54.064452Z  INFO rigsignal_agent::session: No game detected — idle polling
2026-07-20T20:46:27.064639+02:00 HOST-REDACTED-B rigsignal-agent[2152]: 2026-07-20T18:46:27.064619Z  INFO rigsignal_agent::session: No game detected — idle polling
2026-07-20T20:46:45.305411+02:00 HOST-REDACTED-B sshd-session[25189]: Accepted publickey for USER-REDACTED from IP-REDACTED port 47738 ssh2: ED25519 SSH-FINGERPRINT-REDACTED
2026-07-20T20:46:45.308332+02:00 HOST-REDACTED-B sshd-session[25189]: pam_unix(sshd:session): session opened for user USER-REDACTED(uid=1000) by USER-REDACTED(uid=0)
2026-07-20T20:46:45.314184+02:00 HOST-REDACTED-B systemd-logind[1502]: New session 32 of user USER-REDACTED.
2026-07-20T20:46:45.330373+02:00 HOST-REDACTED-B systemd[1]: Started Session 32 of User USER-REDACTED.
2026-07-20T20:46:45.386418+02:00 HOST-REDACTED-B sshd-session[25195]: Received disconnect from IP-REDACTED port 47738:11: disconnected by user
2026-07-20T20:46:45.386500+02:00 HOST-REDACTED-B sshd-session[25195]: Disconnected from user USER-REDACTED IP-REDACTED port 47738
2026-07-20T20:46:45.386855+02:00 HOST-REDACTED-B sshd-session[25189]: pam_unix(sshd:session): session closed for user USER-REDACTED
2026-07-20T20:46:45.392088+02:00 HOST-REDACTED-B systemd[1]: session-32.scope: Deactivated successfully.
2026-07-20T20:46:45.393388+02:00 HOST-REDACTED-B systemd-logind[1502]: Removed session 32.
2026-07-20T20:46:59.064789+02:00 HOST-REDACTED-B rigsignal-agent[2152]: 2026-07-20T18:46:59.064769Z  INFO rigsignal_agent::session: No game detected — idle polling
2026-07-20T20:47:33.064183+02:00 HOST-REDACTED-B rigsignal-agent[2152]: 2026-07-20T18:47:33.064162Z  INFO rigsignal_agent::session: No game detected — idle polling
2026-07-20T20:47:56.304430+02:00 HOST-REDACTED-B iwd[2011]: invalid HE capabilities for MAC-REDACTED
2026-07-20T20:47:56.305601+02:00 HOST-REDACTED-B iwd[2011]: invalid HE capabilities for MAC-REDACTED
2026-07-20T20:47:56.305601+02:00 HOST-REDACTED-B iwd[2011]: invalid HE capabilities for MAC-REDACTED
2026-07-20T20:48:08.064287+02:00 HOST-REDACTED-B rigsignal-agent[2152]: 2026-07-20T18:48:08.064258Z  INFO rigsignal_agent::session: No game detected — idle polling
2026-07-20T20:48:08.770919+02:00 HOST-REDACTED-B sshd-session[26526]: Accepted publickey for USER-REDACTED from IP-REDACTED port 33888 ssh2: ED25519 SSH-FINGERPRINT-REDACTED
2026-07-20T20:48:08.773931+02:00 HOST-REDACTED-B sshd-session[26526]: pam_unix(sshd:session): session opened for user USER-REDACTED(uid=1000) by USER-REDACTED(uid=0)
2026-07-20T20:48:08.779950+02:00 HOST-REDACTED-B systemd-logind[1502]: New session 33 of user USER-REDACTED.
2026-07-20T20:48:08.789344+02:00 HOST-REDACTED-B systemd[1]: Started Session 33 of User USER-REDACTED.
2026-07-20T20:48:08.840201+02:00 HOST-REDACTED-B sshd-session[26532]: Received disconnect from IP-REDACTED port 33888:11: disconnected by user
2026-07-20T20:48:08.840312+02:00 HOST-REDACTED-B sshd-session[26532]: Disconnected from user USER-REDACTED IP-REDACTED port 33888
2026-07-20T20:48:08.840701+02:00 HOST-REDACTED-B sshd-session[26526]: pam_unix(sshd:session): session closed for user USER-REDACTED
2026-07-20T20:48:08.846298+02:00 HOST-REDACTED-B systemd[1]: session-33.scope: Deactivated successfully.
2026-07-20T20:48:08.847548+02:00 HOST-REDACTED-B systemd-logind[1502]: Removed session 33.
2026-07-20T20:48:39.064330+02:00 HOST-REDACTED-B rigsignal-agent[2152]: 2026-07-20T18:48:39.064308Z  INFO rigsignal_agent::session: No game detected — idle polling
2026-07-20T20:49:13.064045+02:00 HOST-REDACTED-B rigsignal-agent[2152]: 2026-07-20T18:49:13.063991Z  INFO rigsignal_agent::session: No game detected — idle polling
2026-07-20T20:49:47.064392+02:00 HOST-REDACTED-B rigsignal-agent[2152]: 2026-07-20T18:49:47.064372Z  INFO rigsignal_agent::session: No game detected — idle polling
2026-07-20T20:50:19.064271+02:00 HOST-REDACTED-B rigsignal-agent[2152]: 2026-07-20T18:50:19.064247Z  INFO rigsignal_agent::session: No game detected — idle polling
2026-07-20T20:50:52.064039+02:00 HOST-REDACTED-B rigsignal-agent[2152]: 2026-07-20T18:50:52.063986Z  INFO rigsignal_agent::session: No game detected — idle polling
2026-07-20T20:51:24.064915+02:00 HOST-REDACTED-B rigsignal-agent[2152]: 2026-07-20T18:51:24.064894Z  INFO rigsignal_agent::session: No game detected — idle polling
2026-07-20T20:51:58.064296+02:00 HOST-REDACTED-B rigsignal-agent[2152]: 2026-07-20T18:51:58.064274Z  INFO rigsignal_agent::session: No game detected — idle polling
2026-07-20T20:52:32.064829+02:00 HOST-REDACTED-B rigsignal-agent[2152]: 2026-07-20T18:52:32.064808Z  INFO rigsignal_agent::session: No game detected — idle polling
2026-07-20T20:52:59.735419+02:00 HOST-REDACTED-B iwd[2011]: invalid HE capabilities for MAC-REDACTED
2026-07-20T20:53:06.064178+02:00 HOST-REDACTED-B rigsignal-agent[2152]: 2026-07-20T18:53:06.064157Z  INFO rigsignal_agent::session: No game detected — idle polling
2026-07-20T20:53:39.064194+02:00 HOST-REDACTED-B rigsignal-agent[2152]: 2026-07-20T18:53:39.064136Z  INFO rigsignal_agent::session: No game detected — idle polling
2026-07-20T20:54:12.064852+02:00 HOST-REDACTED-B rigsignal-agent[2152]: 2026-07-20T18:54:12.064831Z  INFO rigsignal_agent::session: No game detected — idle polling
2026-07-20T20:54:44.064468+02:00 HOST-REDACTED-B rigsignal-agent[2152]: 2026-07-20T18:54:44.064448Z  INFO rigsignal_agent::session: No game detected — idle polling
2026-07-20T20:55:16.064813+02:00 HOST-REDACTED-B rigsignal-agent[2152]: 2026-07-20T18:55:16.064761Z  INFO rigsignal_agent::session: No game detected — idle polling
2026-07-20T20:55:49.064328+02:00 HOST-REDACTED-B rigsignal-agent[2152]: 2026-07-20T18:55:49.064309Z  INFO rigsignal_agent::session: No game detected — idle polling
2026-07-20T20:56:23.064022+02:00 HOST-REDACTED-B rigsignal-agent[2152]: 2026-07-20T18:56:23.064003Z  INFO rigsignal_agent::session: No game detected — idle polling
2026-07-20T20:56:56.064695+02:00 HOST-REDACTED-B rigsignal-agent[2152]: 2026-07-20T18:56:56.064642Z  INFO rigsignal_agent::session: No game detected — idle polling
2026-07-20T20:57:29.064862+02:00 HOST-REDACTED-B rigsignal-agent[2152]: 2026-07-20T18:57:29.064841Z  INFO rigsignal_agent::session: No game detected — idle polling
2026-07-20T20:57:34.938467+02:00 HOST-REDACTED-B sshd-session[35425]: Accepted publickey for USER-REDACTED from IP-REDACTED port 56370 ssh2: ED25519 SSH-FINGERPRINT-REDACTED
2026-07-20T20:57:34.941866+02:00 HOST-REDACTED-B sshd-session[35425]: pam_unix(sshd:session): session opened for user USER-REDACTED(uid=1000) by USER-REDACTED(uid=0)
2026-07-20T20:57:34.948273+02:00 HOST-REDACTED-B systemd-logind[1502]: New session 34 of user USER-REDACTED.
2026-07-20T20:57:34.959340+02:00 HOST-REDACTED-B systemd[1]: Started Session 34 of User USER-REDACTED.
2026-07-20T20:57:35.010971+02:00 HOST-REDACTED-B sshd-session[35431]: Received disconnect from IP-REDACTED port 56370:11: disconnected by user
2026-07-20T20:57:35.011065+02:00 HOST-REDACTED-B sshd-session[35431]: Disconnected from user USER-REDACTED IP-REDACTED port 56370
2026-07-20T20:57:35.011471+02:00 HOST-REDACTED-B sshd-session[35425]: pam_unix(sshd:session): session closed for user USER-REDACTED
2026-07-20T20:57:35.016775+02:00 HOST-REDACTED-B systemd[1]: session-34.scope: Deactivated successfully.
2026-07-20T20:57:35.018100+02:00 HOST-REDACTED-B systemd-logind[1502]: Removed session 34.
2026-07-20T20:58:01.064695+02:00 HOST-REDACTED-B rigsignal-agent[2152]: 2026-07-20T18:58:01.064674Z  INFO rigsignal_agent::session: No game detected — idle polling
2026-07-20T20:58:03.149429+02:00 HOST-REDACTED-B iwd[2011]: invalid HE capabilities for MAC-REDACTED
2026-07-20T20:58:03.149429+02:00 HOST-REDACTED-B iwd[2011]: invalid HE capabilities for MAC-REDACTED
2026-07-20T20:58:35.064345+02:00 HOST-REDACTED-B rigsignal-agent[2152]: 2026-07-20T18:58:35.064325Z  INFO rigsignal_agent::session: No game detected — idle polling
2026-07-20T20:59:08.064216+02:00 HOST-REDACTED-B rigsignal-agent[2152]: 2026-07-20T18:59:08.064196Z  INFO rigsignal_agent::session: No game detected — idle polling
2026-07-20T20:59:08.345348+02:00 HOST-REDACTED-B sshd-session[36897]: Accepted publickey for USER-REDACTED from IP-REDACTED port 41884 ssh2: ED25519 SSH-FINGERPRINT-REDACTED
2026-07-20T20:59:08.348328+02:00 HOST-REDACTED-B sshd-session[36897]: pam_unix(sshd:session): session opened for user USER-REDACTED(uid=1000) by USER-REDACTED(uid=0)
2026-07-20T20:59:08.354319+02:00 HOST-REDACTED-B systemd-logind[1502]: New session 35 of user USER-REDACTED.
2026-07-20T20:59:08.364342+02:00 HOST-REDACTED-B systemd[1]: Started Session 35 of User USER-REDACTED.
2026-07-20T20:59:08.412749+02:00 HOST-REDACTED-B sshd-session[36906]: Received disconnect from IP-REDACTED port 41884:11: disconnected by user
2026-07-20T20:59:08.412850+02:00 HOST-REDACTED-B sshd-session[36906]: Disconnected from user USER-REDACTED IP-REDACTED port 41884
2026-07-20T20:59:08.413236+02:00 HOST-REDACTED-B sshd-session[36897]: pam_unix(sshd:session): session closed for user USER-REDACTED
2026-07-20T20:59:08.418625+02:00 HOST-REDACTED-B systemd[1]: session-35.scope: Deactivated successfully.
2026-07-20T20:59:08.419935+02:00 HOST-REDACTED-B systemd-logind[1502]: Removed session 35.
2026-07-20T20:59:41.064678+02:00 HOST-REDACTED-B rigsignal-agent[2152]: 2026-07-20T18:59:41.064623Z  INFO rigsignal_agent::session: No game detected — idle polling
2026-07-20T21:00:14.064305+02:00 HOST-REDACTED-B rigsignal-agent[2152]: 2026-07-20T19:00:14.064284Z  INFO rigsignal_agent::session: No game detected — idle polling
2026-07-20T21:00:44.176339+02:00 HOST-REDACTED-B systemd[2096]: Starting Prune harvested RigSignal spool files older than 48h...
2026-07-20T21:00:44.655658+02:00 HOST-REDACTED-B rigsignal-spool-retention[38412]: deleted=142 bytes=1589201 skipped=75558 registry=/<USER-REDACTED>/elastic/elastic-agent-9.4.3-linux-x86_64/data/elastic-agent-1bfb56/run/filestream-default/registry/filebeat/log.json
2026-07-20T21:00:44.660458+02:00 HOST-REDACTED-B systemd[2096]: Finished Prune harvested RigSignal spool files older than 48h.
2026-07-20T21:00:49.064103+02:00 HOST-REDACTED-B rigsignal-agent[2152]: 2026-07-20T19:00:49.064083Z  INFO rigsignal_agent::session: No game detected — idle polling
2026-07-20T21:01:05.048970+02:00 HOST-REDACTED-B sshd-session[38756]: Accepted publickey for USER-REDACTED from IP-REDACTED port 45164 ssh2: ED25519 SSH-FINGERPRINT-REDACTED
2026-07-20T21:01:05.052041+02:00 HOST-REDACTED-B sshd-session[38756]: pam_unix(sshd:session): session opened for user USER-REDACTED(uid=1000) by USER-REDACTED(uid=0)
2026-07-20T21:01:05.058223+02:00 HOST-REDACTED-B systemd-logind[1502]: New session 36 of user USER-REDACTED.
2026-07-20T21:01:05.065396+02:00 HOST-REDACTED-B systemd[1]: Started Session 36 of User USER-REDACTED.
2026-07-20T21:01:05.116364+02:00 HOST-REDACTED-B sshd-session[38764]: Received disconnect from IP-REDACTED port 45164:11: disconnected by user
2026-07-20T21:01:05.116460+02:00 HOST-REDACTED-B sshd-session[38764]: Disconnected from user USER-REDACTED IP-REDACTED port 45164
2026-07-20T21:01:05.116871+02:00 HOST-REDACTED-B sshd-session[38756]: pam_unix(sshd:session): session closed for user USER-REDACTED
2026-07-20T21:01:05.122991+02:00 HOST-REDACTED-B systemd[1]: session-36.scope: Deactivated successfully.
2026-07-20T21:01:05.124074+02:00 HOST-REDACTED-B systemd-logind[1502]: Removed session 36.
2026-07-20T21:01:20.064247+02:00 HOST-REDACTED-B rigsignal-agent[2152]: 2026-07-20T19:01:20.064226Z  INFO rigsignal_agent::session: No game detected — idle polling
2026-07-20T21:01:54.064714+02:00 HOST-REDACTED-B rigsignal-agent[2152]: 2026-07-20T19:01:54.064694Z  INFO rigsignal_agent::session: No game detected — idle polling
2026-07-20T21:02:27.064366+02:00 HOST-REDACTED-B rigsignal-agent[2152]: 2026-07-20T19:02:27.064343Z  INFO rigsignal_agent::session: No game detected — idle polling
2026-07-20T21:03:00.064329+02:00 HOST-REDACTED-B rigsignal-agent[2152]: 2026-07-20T19:03:00.064308Z  INFO rigsignal_agent::session: No game detected — idle polling
2026-07-20T21:03:34.064803+02:00 HOST-REDACTED-B rigsignal-agent[2152]: 2026-07-20T19:03:34.064783Z  INFO rigsignal_agent::session: No game detected — idle polling
2026-07-20T21:04:08.064238+02:00 HOST-REDACTED-B rigsignal-agent[2152]: 2026-07-20T19:04:08.064186Z  INFO rigsignal_agent::session: No game detected — idle polling
2026-07-20T21:04:40.064274+02:00 HOST-REDACTED-B rigsignal-agent[2152]: 2026-07-20T19:04:40.064251Z  INFO rigsignal_agent::session: No game detected — idle polling
2026-07-20T21:05:13.064017+02:00 HOST-REDACTED-B rigsignal-agent[2152]: 2026-07-20T19:05:13.063997Z  INFO rigsignal_agent::session: No game detected — idle polling
2026-07-20T21:05:45.064456+02:00 HOST-REDACTED-B rigsignal-agent[2152]: 2026-07-20T19:05:45.064398Z  INFO rigsignal_agent::session: No game detected — idle polling
2026-07-20T21:06:18.064488+02:00 HOST-REDACTED-B rigsignal-agent[2152]: 2026-07-20T19:06:18.064466Z  INFO rigsignal_agent::session: No game detected — idle polling
2026-07-20T21:06:52.064175+02:00 HOST-REDACTED-B rigsignal-agent[2152]: 2026-07-20T19:06:52.064155Z  INFO rigsignal_agent::session: No game detected — idle polling
2026-07-20T21:07:19.142930+02:00 HOST-REDACTED-B sshd-session[44639]: Accepted publickey for USER-REDACTED from IP-REDACTED port 56340 ssh2: ED25519 SSH-FINGERPRINT-REDACTED
2026-07-20T21:07:19.146036+02:00 HOST-REDACTED-B sshd-session[44639]: pam_unix(sshd:session): session opened for user USER-REDACTED(uid=1000) by USER-REDACTED(uid=0)
2026-07-20T21:07:19.151735+02:00 HOST-REDACTED-B systemd-logind[1502]: New session 37 of user USER-REDACTED.
2026-07-20T21:07:19.175349+02:00 HOST-REDACTED-B systemd[1]: Started Session 37 of User USER-REDACTED.
2026-07-20T21:07:19.225682+02:00 HOST-REDACTED-B sshd-session[44645]: Received disconnect from IP-REDACTED port 56340:11: disconnected by user
2026-07-20T21:07:19.225764+02:00 HOST-REDACTED-B sshd-session[44645]: Disconnected from user USER-REDACTED IP-REDACTED port 56340
2026-07-20T21:07:19.226108+02:00 HOST-REDACTED-B sshd-session[44639]: pam_unix(sshd:session): session closed for user USER-REDACTED
2026-07-20T21:07:19.231370+02:00 HOST-REDACTED-B systemd[1]: session-37.scope: Deactivated successfully.
2026-07-20T21:07:19.232659+02:00 HOST-REDACTED-B systemd-logind[1502]: Removed session 37.
2026-07-20T21:07:24.064479+02:00 HOST-REDACTED-B rigsignal-agent[2152]: 2026-07-20T19:07:24.064460Z  INFO rigsignal_agent::session: No game detected — idle polling
2026-07-20T21:07:34.647250+02:00 HOST-REDACTED-B gamescope-session[2307]: [gamescope] [Warn]  xwm: got the same buffer committed twice, ignoring.
2026-07-20T21:07:34.647250+02:00 HOST-REDACTED-B gamescope-session[2307]: [gamescope] [Warn]  xwm: got the same buffer committed twice, ignoring.
2026-07-20T21:07:58.064343+02:00 HOST-REDACTED-B rigsignal-agent[2152]: 2026-07-20T19:07:58.064322Z  INFO rigsignal_agent::session: No game detected — idle polling
2026-07-20T21:08:33.064151+02:00 HOST-REDACTED-B rigsignal-agent[2152]: 2026-07-20T19:08:33.064132Z  INFO rigsignal_agent::session: No game detected — idle polling
2026-07-20T21:08:55.151362+02:00 HOST-REDACTED-B sshd-session[46157]: Accepted publickey for USER-REDACTED from IP-REDACTED port 48516 ssh2: ED25519 SSH-FINGERPRINT-REDACTED
2026-07-20T21:08:55.154819+02:00 HOST-REDACTED-B sshd-session[46157]: pam_unix(sshd:session): session opened for user USER-REDACTED(uid=1000) by USER-REDACTED(uid=0)
2026-07-20T21:08:55.160436+02:00 HOST-REDACTED-B systemd-logind[1502]: New session 38 of user USER-REDACTED.
2026-07-20T21:08:55.166362+02:00 HOST-REDACTED-B systemd[1]: Started Session 38 of User USER-REDACTED.
2026-07-20T21:08:55.218515+02:00 HOST-REDACTED-B sshd-session[46178]: Received disconnect from IP-REDACTED port 48516:11: disconnected by user
2026-07-20T21:08:55.218607+02:00 HOST-REDACTED-B sshd-session[46178]: Disconnected from user USER-REDACTED IP-REDACTED port 48516
2026-07-20T21:08:55.219006+02:00 HOST-REDACTED-B sshd-session[46157]: pam_unix(sshd:session): session closed for user USER-REDACTED
2026-07-20T21:08:55.224856+02:00 HOST-REDACTED-B systemd[1]: session-38.scope: Deactivated successfully.
2026-07-20T21:08:55.226191+02:00 HOST-REDACTED-B systemd-logind[1502]: Removed session 38.
2026-07-20T21:09:06.064415+02:00 HOST-REDACTED-B rigsignal-agent[2152]: 2026-07-20T19:09:06.064395Z  INFO rigsignal_agent::session: No game detected — idle polling
2026-07-20T21:09:34.400126+02:00 HOST-REDACTED-B gamescope-session[2307]: [gamescope] [Warn]  xwm: got the same buffer committed twice, ignoring.
2026-07-20T21:09:41.064849+02:00 HOST-REDACTED-B rigsignal-agent[2152]: 2026-07-20T19:09:41.064829Z  INFO rigsignal_agent::session: No game detected — idle polling
2026-07-20T21:10:14.064027+02:00 HOST-REDACTED-B rigsignal-agent[2152]: 2026-07-20T19:10:14.063981Z  INFO rigsignal_agent::session: No game detected — idle polling
2026-07-20T21:10:47.064149+02:00 HOST-REDACTED-B rigsignal-agent[2152]: 2026-07-20T19:10:47.064127Z  INFO rigsignal_agent::session: No game detected — idle polling
2026-07-20T21:11:19.064365+02:00 HOST-REDACTED-B rigsignal-agent[2152]: 2026-07-20T19:11:19.064345Z  INFO rigsignal_agent::session: No game detected — idle polling
2026-07-20T21:11:52.064631+02:00 HOST-REDACTED-B rigsignal-agent[2152]: 2026-07-20T19:11:52.064567Z  INFO rigsignal_agent::session: No game detected — idle polling
2026-07-20T21:12:25.064688+02:00 HOST-REDACTED-B rigsignal-agent[2152]: 2026-07-20T19:12:25.064669Z  INFO rigsignal_agent::session: No game detected — idle polling
2026-07-20T21:12:58.064512+02:00 HOST-REDACTED-B rigsignal-agent[2152]: 2026-07-20T19:12:58.064490Z  INFO rigsignal_agent::session: No game detected — idle polling
2026-07-20T21:13:31.064663+02:00 HOST-REDACTED-B rigsignal-agent[2152]: 2026-07-20T19:13:31.064643Z  INFO rigsignal_agent::session: No game detected — idle polling
2026-07-20T21:14:04.064274+02:00 HOST-REDACTED-B rigsignal-agent[2152]: 2026-07-20T19:14:04.064247Z  INFO rigsignal_agent::session: No game detected — idle polling
2026-07-20T21:14:39.064219+02:00 HOST-REDACTED-B rigsignal-agent[2152]: 2026-07-20T19:14:39.064170Z  INFO rigsignal_agent::session: No game detected — idle polling
2026-07-20T21:15:13.064159+02:00 HOST-REDACTED-B rigsignal-agent[2152]: 2026-07-20T19:15:13.064138Z  INFO rigsignal_agent::session: No game detected — idle polling
2026-07-20T21:15:45.064387+02:00 HOST-REDACTED-B rigsignal-agent[2152]: 2026-07-20T19:15:45.064366Z  INFO rigsignal_agent::session: No game detected — idle polling
2026-07-20T21:16:17.064208+02:00 HOST-REDACTED-B rigsignal-agent[2152]: 2026-07-20T19:16:17.064157Z  INFO rigsignal_agent::session: No game detected — idle polling
2026-07-20T21:16:51.064466+02:00 HOST-REDACTED-B rigsignal-agent[2152]: 2026-07-20T19:16:51.064445Z  INFO rigsignal_agent::session: No game detected — idle polling
2026-07-20T21:17:25.064371+02:00 HOST-REDACTED-B rigsignal-agent[2152]: 2026-07-20T19:17:25.064352Z  INFO rigsignal_agent::session: No game detected — idle polling
2026-07-20T21:17:58.064425+02:00 HOST-REDACTED-B rigsignal-agent[2152]: 2026-07-20T19:17:58.064378Z  INFO rigsignal_agent::session: No game detected — idle polling
2026-07-20T21:18:16.861442+02:00 HOST-REDACTED-B iwd[2011]: invalid HE capabilities for MAC-REDACTED
2026-07-20T21:18:32.064391+02:00 HOST-REDACTED-B rigsignal-agent[2152]: 2026-07-20T19:18:32.064372Z  INFO rigsignal_agent::session: No game detected — idle polling
2026-07-20T21:19:06.064938+02:00 HOST-REDACTED-B rigsignal-agent[2152]: 2026-07-20T19:19:06.064920Z  INFO rigsignal_agent::session: No game detected — idle polling
2026-07-20T21:19:39.064282+02:00 HOST-REDACTED-B rigsignal-agent[2152]: 2026-07-20T19:19:39.064256Z  INFO rigsignal_agent::session: No game detected — idle polling
2026-07-20T21:20:12.064855+02:00 HOST-REDACTED-B rigsignal-agent[2152]: 2026-07-20T19:20:12.064830Z  INFO rigsignal_agent::session: No game detected — idle polling
2026-07-20T21:20:44.064553+02:00 HOST-REDACTED-B rigsignal-agent[2152]: 2026-07-20T19:20:44.064504Z  INFO rigsignal_agent::session: No game detected — idle polling
2026-07-20T21:20:45.507131+02:00 HOST-REDACTED-B gamescope-session[2307]: [gamescope] [Warn]  xwm: got the same buffer committed twice, ignoring.
2026-07-20T21:20:45.507131+02:00 HOST-REDACTED-B gamescope-session[2307]: [gamescope] [Warn]  xwm: got the same buffer committed twice, ignoring.
2026-07-20T21:20:46.373885+02:00 HOST-REDACTED-B systemd[1]: Starting Time & Date Service...
2026-07-20T21:20:46.419151+02:00 HOST-REDACTED-B systemd[1]: Started Time & Date Service.
2026-07-20T21:20:46.422059+02:00 HOST-REDACTED-B systemd[2096]: steam-launcher.service: Got notification message from PID 57355, but reception is disabled
2026-07-20T21:20:46.430853+02:00 HOST-REDACTED-B systemd[2096]: steam-launcher.service: Got notification message from PID 57360, but reception is disabled
2026-07-20T21:20:56.269615+02:00 HOST-REDACTED-B steam[2476]: reaping pid: 20579 -- IPC:CSteamEngin
2026-07-20T21:21:16.461642+02:00 HOST-REDACTED-B systemd[1]: systemd-timedated.service: Deactivated successfully.
2026-07-20T21:21:17.064644+02:00 HOST-REDACTED-B rigsignal-agent[2152]: 2026-07-20T19:21:17.064599Z  INFO rigsignal_agent::session: No game detected — idle polling
2026-07-20T21:21:30.969463+02:00 HOST-REDACTED-B iwd[2011]: invalid HE capabilities for MAC-REDACTED
2026-07-20T21:21:33.186915+02:00 HOST-REDACTED-B systemd[1]: Starting Time & Date Service...
2026-07-20T21:21:33.230230+02:00 HOST-REDACTED-B systemd[1]: Started Time & Date Service.
2026-07-20T21:21:33.233315+02:00 HOST-REDACTED-B systemd[2096]: steam-launcher.service: Got notification message from PID 58144, but reception is disabled
2026-07-20T21:21:33.242761+02:00 HOST-REDACTED-B systemd[2096]: steam-launcher.service: Got notification message from PID 58149, but reception is disabled
2026-07-20T21:21:33.660344+02:00 HOST-REDACTED-B rtkit-daemon[2192]: Successfully made thread 58194 of process 58137 owned by '1000' high priority at nice level -10.
2026-07-20T21:21:35.730682+02:00 HOST-REDACTED-B rtkit-daemon[2192]: Successfully made thread 58232 of process 58137 owned by '1000' high priority at nice level -15.
2026-07-20T21:21:35.816379+02:00 HOST-REDACTED-B gamescope-session[2307]: [gamescope] [Warn]  xwm: got the same buffer committed twice, ignoring.
2026-07-20T21:21:51.064144+02:00 HOST-REDACTED-B rigsignal-agent[2152]: 2026-07-20T19:21:51.064122Z  INFO rigsignal_agent::session: No game detected — idle polling
2026-07-20T21:22:03.253288+02:00 HOST-REDACTED-B systemd[1]: systemd-timedated.service: Deactivated successfully.
2026-07-20T21:22:24.064223+02:00 HOST-REDACTED-B rigsignal-agent[2152]: 2026-07-20T19:22:24.064203Z  INFO rigsignal_agent::session: No game detected — idle polling
2026-07-20T21:22:59.064233+02:00 HOST-REDACTED-B rigsignal-agent[2152]: 2026-07-20T19:22:59.064213Z  INFO rigsignal_agent::session: No game detected — idle polling
2026-07-20T21:23:20.286436+02:00 HOST-REDACTED-B iwd[2011]: invalid HE capabilities for MAC-REDACTED
2026-07-20T21:23:28.740386+02:00 HOST-REDACTED-B systemd[1]: Starting Time & Date Service...
2026-07-20T21:23:28.791757+02:00 HOST-REDACTED-B systemd[1]: Started Time & Date Service.
2026-07-20T21:23:28.795052+02:00 HOST-REDACTED-B systemd[2096]: steam-launcher.service: Got notification message from PID 60039, but reception is disabled
2026-07-20T21:23:28.804458+02:00 HOST-REDACTED-B systemd[2096]: steam-launcher.service: Got notification message from PID 60046, but reception is disabled
2026-07-20T21:23:33.064101+02:00 HOST-REDACTED-B rigsignal-agent[2152]: 2026-07-20T19:23:33.064081Z  INFO rigsignal_agent::session: No game detected — idle polling
2026-07-20T21:23:41.044345+02:00 HOST-REDACTED-B systemd[2096]: steam-launcher.service: Got notification message from PID 60238, but reception is disabled
2026-07-20T21:23:41.054996+02:00 HOST-REDACTED-B systemd[2096]: steam-launcher.service: Got notification message from PID 60242, but reception is disabled
2026-07-20T21:23:42.035122+02:00 HOST-REDACTED-B gamescope-session[2307]: [gamescope] [Warn]  xwm: got the same buffer committed twice, ignoring.
2026-07-20T21:24:05.064764+02:00 HOST-REDACTED-B rigsignal-agent[2152]: 2026-07-20T19:24:05.064743Z  INFO rigsignal_agent::session: No game detected — idle polling
2026-07-20T21:24:11.085500+02:00 HOST-REDACTED-B systemd[1]: systemd-timedated.service: Deactivated successfully.
2026-07-20T21:24:27.263947+02:00 HOST-REDACTED-B gamescope-session[2307]: [gamescope] [Warn]  xwm: got the same buffer committed twice, ignoring.
2026-07-20T21:24:27.383220+02:00 HOST-REDACTED-B systemd[1]: Starting Time & Date Service...
2026-07-20T21:24:27.432026+02:00 HOST-REDACTED-B systemd[1]: Started Time & Date Service.
2026-07-20T21:24:27.434801+02:00 HOST-REDACTED-B systemd[2096]: steam-launcher.service: Got notification message from PID 60982, but reception is disabled
2026-07-20T21:24:27.444094+02:00 HOST-REDACTED-B systemd[2096]: steam-launcher.service: Got notification message from PID 60989, but reception is disabled
2026-07-20T21:24:37.386738+02:00 HOST-REDACTED-B steam[2476]: reaping pid: 58136 -- IPC:CSteamEngin
2026-07-20T21:24:38.064278+02:00 HOST-REDACTED-B rigsignal-agent[2152]: 2026-07-20T19:24:38.064254Z  INFO rigsignal_agent::session: No game detected — idle polling
2026-07-20T21:24:57.465750+02:00 HOST-REDACTED-B systemd[1]: systemd-timedated.service: Deactivated successfully.
2026-07-20T21:25:08.064490+02:00 HOST-REDACTED-B rigsignal-agent[2152]: 2026-07-20T19:25:08.064432Z  INFO rigsignal_agent::session: No game detected — idle polling
2026-07-20T21:25:37.202568+02:00 HOST-REDACTED-B systemd[1]: Starting Time & Date Service...
2026-07-20T21:25:37.261993+02:00 HOST-REDACTED-B systemd[1]: Started Time & Date Service.
2026-07-20T21:25:37.265011+02:00 HOST-REDACTED-B systemd[2096]: steam-launcher.service: Got notification message from PID 62136, but reception is disabled
2026-07-20T21:25:37.274828+02:00 HOST-REDACTED-B systemd[2096]: steam-launcher.service: Got notification message from PID 62142, but reception is disabled
2026-07-20T21:25:37.690395+02:00 HOST-REDACTED-B rtkit-daemon[2192]: Successfully made thread 62187 of process 62128 owned by '1000' high priority at nice level -10.
2026-07-20T21:25:39.771395+02:00 HOST-REDACTED-B rtkit-daemon[2192]: Successfully made thread 62231 of process 62128 owned by '1000' high priority at nice level -15.
2026-07-20T21:25:39.957107+02:00 HOST-REDACTED-B gamescope-session[2307]: [gamescope] [Warn]  xwm: got the same buffer committed twice, ignoring.
2026-07-20T21:25:39.957107+02:00 HOST-REDACTED-B gamescope-session[2307]: [gamescope] [Warn]  xwm: got the same buffer committed twice, ignoring.
2026-07-20T21:25:41.140386+02:00 HOST-REDACTED-B gamescope-session[2307]: [gamescope] [Warn]  xwm: got the same buffer committed twice, ignoring.
2026-07-20T21:25:41.140386+02:00 HOST-REDACTED-B gamescope-session[2307]: [gamescope] [Warn]  xwm: got the same buffer committed twice, ignoring.
2026-07-20T21:25:43.064165+02:00 HOST-REDACTED-B rigsignal-agent[2152]: 2026-07-20T19:25:43.064143Z  INFO rigsignal_agent::session: No game detected — idle polling
2026-07-20T21:26:07.305632+02:00 HOST-REDACTED-B systemd[1]: systemd-timedated.service: Deactivated successfully.
2026-07-20T21:26:16.064291+02:00 HOST-REDACTED-B rigsignal-agent[2152]: 2026-07-20T19:26:16.064260Z  INFO rigsignal_agent::session: No game detected — idle polling
2026-07-20T21:26:49.064320+02:00 HOST-REDACTED-B rigsignal-agent[2152]: 2026-07-20T19:26:49.064268Z  INFO rigsignal_agent::session: No game detected — idle polling
2026-07-20T21:27:22.063894+02:00 HOST-REDACTED-B rigsignal-agent[2152]: 2026-07-20T19:27:22.063873Z  INFO rigsignal_agent::session: No game detected — idle polling
2026-07-20T21:27:56.064897+02:00 HOST-REDACTED-B rigsignal-agent[2152]: 2026-07-20T19:27:56.064874Z  INFO rigsignal_agent::session: No game detected — idle polling
2026-07-20T21:28:23.715476+02:00 HOST-REDACTED-B iwd[2011]: invalid HE capabilities for MAC-REDACTED
2026-07-20T21:28:23.715476+02:00 HOST-REDACTED-B iwd[2011]: invalid HE capabilities for MAC-REDACTED
2026-07-20T21:28:23.715476+02:00 HOST-REDACTED-B iwd[2011]: invalid HE capabilities for MAC-REDACTED
2026-07-20T21:28:32.064145+02:00 HOST-REDACTED-B rigsignal-agent[2152]: 2026-07-20T19:28:32.064123Z  INFO rigsignal_agent::session: No game detected — idle polling
2026-07-20T21:29:06.064852+02:00 HOST-REDACTED-B rigsignal-agent[2152]: 2026-07-20T19:29:06.064832Z  INFO rigsignal_agent::session: No game detected — idle polling
2026-07-20T21:29:39.064068+02:00 HOST-REDACTED-B rigsignal-agent[2152]: 2026-07-20T19:29:39.064014Z  INFO rigsignal_agent::session: No game detected — idle polling
2026-07-20T21:29:39.170637+02:00 HOST-REDACTED-B rtkit-daemon[2192]: Successfully made thread 66004 of process 62128 owned by '1000' high priority at nice level -10.
2026-07-20T21:30:14.064876+02:00 HOST-REDACTED-B rigsignal-agent[2152]: 2026-07-20T19:30:14.064857Z  INFO rigsignal_agent::session: No game detected — idle polling
2026-07-20T21:30:14.962250+02:00 HOST-REDACTED-B sshd-session[66578]: Accepted publickey for USER-REDACTED from IP-REDACTED port 33816 ssh2: ED25519 SSH-FINGERPRINT-REDACTED
2026-07-20T21:30:14.966940+02:00 HOST-REDACTED-B sshd-session[66578]: pam_unix(sshd:session): session opened for user USER-REDACTED(uid=1000) by USER-REDACTED(uid=0)
2026-07-20T21:30:14.976956+02:00 HOST-REDACTED-B systemd-logind[1502]: New session 39 of user USER-REDACTED.
2026-07-20T21:30:14.988410+02:00 HOST-REDACTED-B systemd[1]: Started Session 39 of User USER-REDACTED.
2026-07-20T21:30:49.064765+02:00 HOST-REDACTED-B rigsignal-agent[2152]: 2026-07-20T19:30:49.064745Z  INFO rigsignal_agent::session: No game detected — idle polling
2026-07-20T21:31:23.064431+02:00 HOST-REDACTED-B rigsignal-agent[2152]: 2026-07-20T19:31:23.064411Z  INFO rigsignal_agent::session: No game detected — idle polling
2026-07-20T21:31:56.064562+02:00 HOST-REDACTED-B rigsignal-agent[2152]: 2026-07-20T19:31:56.064541Z  INFO rigsignal_agent::session: No game detected — idle polling
2026-07-20T21:32:04.987494+02:00 HOST-REDACTED-B sshd-session[69942]: Accepted publickey for USER-REDACTED from IP-REDACTED port 40920 ssh2: ED25519 SSH-FINGERPRINT-REDACTED
2026-07-20T21:32:04.990590+02:00 HOST-REDACTED-B sshd-session[69942]: pam_unix(sshd:session): session opened for user USER-REDACTED(uid=1000) by USER-REDACTED(uid=0)
2026-07-20T21:32:04.996731+02:00 HOST-REDACTED-B systemd-logind[1502]: New session 40 of user USER-REDACTED.
2026-07-20T21:32:05.008347+02:00 HOST-REDACTED-B systemd[1]: Started Session 40 of User USER-REDACTED.
2026-07-20T21:32:05.059358+02:00 HOST-REDACTED-B sshd-session[69963]: Received disconnect from IP-REDACTED port 40920:11: disconnected by user
2026-07-20T21:32:05.059468+02:00 HOST-REDACTED-B sshd-session[69963]: Disconnected from user USER-REDACTED IP-REDACTED port 40920
2026-07-20T21:32:05.059851+02:00 HOST-REDACTED-B sshd-session[69942]: pam_unix(sshd:session): session closed for user USER-REDACTED
2026-07-20T21:32:05.065323+02:00 HOST-REDACTED-B systemd[1]: session-40.scope: Deactivated successfully.
2026-07-20T21:32:05.066954+02:00 HOST-REDACTED-B systemd-logind[1502]: Removed session 40.
2026-07-20T21:32:31.064342+02:00 HOST-REDACTED-B rigsignal-agent[2152]: 2026-07-20T19:32:31.064321Z  INFO rigsignal_agent::session: No game detected — idle polling
2026-07-20T21:33:04.064324+02:00 HOST-REDACTED-B rigsignal-agent[2152]: 2026-07-20T19:33:04.064273Z  INFO rigsignal_agent::session: No game detected — idle polling
2026-07-20T21:33:24.077374+02:00 HOST-REDACTED-B sshd-session[72376]: Accepted publickey for USER-REDACTED from IP-REDACTED port 56900 ssh2: ED25519 SSH-FINGERPRINT-REDACTED
2026-07-20T21:33:24.080241+02:00 HOST-REDACTED-B sshd-session[72376]: pam_unix(sshd:session): session opened for user USER-REDACTED(uid=1000) by USER-REDACTED(uid=0)
2026-07-20T21:33:24.086567+02:00 HOST-REDACTED-B systemd-logind[1502]: New session 41 of user USER-REDACTED.
2026-07-20T21:33:24.098339+02:00 HOST-REDACTED-B systemd[1]: Started Session 41 of User USER-REDACTED.
2026-07-20T21:33:24.155078+02:00 HOST-REDACTED-B sshd-session[72397]: Received disconnect from IP-REDACTED port 56900:11: disconnected by user
2026-07-20T21:33:24.155166+02:00 HOST-REDACTED-B sshd-session[72397]: Disconnected from user USER-REDACTED IP-REDACTED port 56900
2026-07-20T21:33:24.155537+02:00 HOST-REDACTED-B sshd-session[72376]: pam_unix(sshd:session): session closed for user USER-REDACTED
2026-07-20T21:33:24.160817+02:00 HOST-REDACTED-B systemd[1]: session-41.scope: Deactivated successfully.
2026-07-20T21:33:24.161948+02:00 HOST-REDACTED-B systemd-logind[1502]: Removed session 41.
2026-07-20T21:33:27.138427+02:00 HOST-REDACTED-B iwd[2011]: invalid HE capabilities for MAC-REDACTED
2026-07-20T21:33:37.064258+02:00 HOST-REDACTED-B rigsignal-agent[2152]: 2026-07-20T19:33:37.064238Z  INFO rigsignal_agent::session: No game detected — idle polling
2026-07-20T21:34:10.064199+02:00 HOST-REDACTED-B rigsignal-agent[2152]: 2026-07-20T19:34:10.064143Z  INFO rigsignal_agent::session: No game detected — idle polling
2026-07-20T21:34:43.064213+02:00 HOST-REDACTED-B rigsignal-agent[2152]: 2026-07-20T19:34:43.064191Z  INFO rigsignal_agent::session: No game detected — idle polling
2026-07-20T21:35:17.064301+02:00 HOST-REDACTED-B rigsignal-agent[2152]: 2026-07-20T19:35:17.064280Z  INFO rigsignal_agent::session: No game detected — idle polling
2026-07-20T21:35:50.064311+02:00 HOST-REDACTED-B rigsignal-agent[2152]: 2026-07-20T19:35:50.064252Z  INFO rigsignal_agent::session: No game detected — idle polling
2026-07-20T21:36:20.064537+02:00 HOST-REDACTED-B rigsignal-agent[2152]: 2026-07-20T19:36:20.064517Z  INFO rigsignal_agent::session: No game detected — idle polling
2026-07-20T21:36:55.069279+02:00 HOST-REDACTED-B rigsignal-agent[2152]: 2026-07-20T19:36:55.068730Z  INFO rigsignal_agent::session: No game detected — idle polling
2026-07-20T21:37:30.064332+02:00 HOST-REDACTED-B rigsignal-agent[2152]: 2026-07-20T19:37:30.064312Z  INFO rigsignal_agent::session: No game detected — idle polling
2026-07-20T21:37:59.226574+02:00 HOST-REDACTED-B sshd-session[16810]: Received disconnect from IP-REDACTED port 53430:11: disconnected by user
2026-07-20T21:37:59.226674+02:00 HOST-REDACTED-B sshd-session[16810]: Disconnected from user USER-REDACTED IP-REDACTED port 53430
2026-07-20T21:37:59.227185+02:00 HOST-REDACTED-B sshd-session[16804]: pam_unix(sshd:session): session closed for user USER-REDACTED
2026-07-20T21:37:59.232851+02:00 HOST-REDACTED-B systemd[1]: session-28.scope: Deactivated successfully.
2026-07-20T21:37:59.233074+02:00 HOST-REDACTED-B systemd[1]: session-28.scope: Consumed 35.318s CPU time, 6.1M memory peak.
2026-07-20T21:37:59.234254+02:00 HOST-REDACTED-B systemd-logind[1502]: Removed session 28.
2026-07-20T21:38:04.064337+02:00 HOST-REDACTED-B rigsignal-agent[2152]: 2026-07-20T19:38:04.064315Z  INFO rigsignal_agent::session: No game detected — idle polling
2026-07-20T21:38:20.246925+02:00 HOST-REDACTED-B sshd-session[81153]: Accepted publickey for USER-REDACTED from IP-REDACTED port 38428 ssh2: ED25519 SSH-FINGERPRINT-REDACTED
2026-07-20T21:38:20.249983+02:00 HOST-REDACTED-B sshd-session[81153]: pam_unix(sshd:session): session opened for user USER-REDACTED(uid=1000) by USER-REDACTED(uid=0)
2026-07-20T21:38:20.256070+02:00 HOST-REDACTED-B systemd-logind[1502]: New session 42 of user USER-REDACTED.
2026-07-20T21:38:20.269344+02:00 HOST-REDACTED-B systemd[1]: Started Session 42 of User USER-REDACTED.
2026-07-20T21:38:20.320396+02:00 HOST-REDACTED-B sshd-session[81159]: Received disconnect from IP-REDACTED port 38428:11: disconnected by user
2026-07-20T21:38:20.320514+02:00 HOST-REDACTED-B sshd-session[81159]: Disconnected from user USER-REDACTED IP-REDACTED port 38428
2026-07-20T21:38:20.320954+02:00 HOST-REDACTED-B sshd-session[81153]: pam_unix(sshd:session): session closed for user USER-REDACTED
2026-07-20T21:38:20.326217+02:00 HOST-REDACTED-B systemd[1]: session-42.scope: Deactivated successfully.
2026-07-20T21:38:20.327526+02:00 HOST-REDACTED-B systemd-logind[1502]: Removed session 42.
2026-07-20T21:38:30.566433+02:00 HOST-REDACTED-B iwd[2011]: invalid HE capabilities for MAC-REDACTED
2026-07-20T21:38:39.064329+02:00 HOST-REDACTED-B rigsignal-agent[2152]: 2026-07-20T19:38:39.064279Z  INFO rigsignal_agent::session: No game detected — idle polling
2026-07-20T21:39:14.064149+02:00 HOST-REDACTED-B rigsignal-agent[2152]: 2026-07-20T19:39:14.064128Z  INFO rigsignal_agent::session: No game detected — idle polling
2026-07-20T21:39:48.064147+02:00 HOST-REDACTED-B rigsignal-agent[2152]: 2026-07-20T19:39:48.064126Z  INFO rigsignal_agent::session: No game detected — idle polling
2026-07-20T21:40:22.064325+02:00 HOST-REDACTED-B rigsignal-agent[2152]: 2026-07-20T19:40:22.064305Z  INFO rigsignal_agent::session: No game detected — idle polling
2026-07-20T21:40:55.064835+02:00 HOST-REDACTED-B rigsignal-agent[2152]: 2026-07-20T19:40:55.064811Z  INFO rigsignal_agent::session: No game detected — idle polling
2026-07-20T21:41:28.064163+02:00 HOST-REDACTED-B rigsignal-agent[2152]: 2026-07-20T19:41:28.064143Z  INFO rigsignal_agent::session: No game detected — idle polling
2026-07-20T21:41:40.232655+02:00 HOST-REDACTED-B earlyoom[1456]: mem avail: 22753 of 30403 MiB (74.84%), swap free: 17015 of 17015 MiB (100.00%)
2026-07-20T21:42:02.064621+02:00 HOST-REDACTED-B rigsignal-agent[2152]: 2026-07-20T19:42:02.064600Z  INFO rigsignal_agent::session: No game detected — idle polling
2026-07-20T21:42:36.064152+02:00 HOST-REDACTED-B rigsignal-agent[2152]: 2026-07-20T19:42:36.064131Z  INFO rigsignal_agent::session: No game detected — idle polling
2026-07-20T21:43:09.064597+02:00 HOST-REDACTED-B rigsignal-agent[2152]: 2026-07-20T19:43:09.064544Z  INFO rigsignal_agent::session: No game detected — idle polling
2026-07-20T21:43:42.064481+02:00 HOST-REDACTED-B rigsignal-agent[2152]: 2026-07-20T19:43:42.064460Z  INFO rigsignal_agent::session: No game detected — idle polling
2026-07-20T21:44:16.064276+02:00 HOST-REDACTED-B rigsignal-agent[2152]: 2026-07-20T19:44:16.064248Z  INFO rigsignal_agent::session: No game detected — idle polling
2026-07-20T21:44:50.064736+02:00 HOST-REDACTED-B rigsignal-agent[2152]: 2026-07-20T19:44:50.064716Z  INFO rigsignal_agent::session: No game detected — idle polling
2026-07-20T21:45:23.064349+02:00 HOST-REDACTED-B rigsignal-agent[2152]: 2026-07-20T19:45:23.064328Z  INFO rigsignal_agent::session: No game detected — idle polling
2026-07-20T21:45:35.089777+02:00 HOST-REDACTED-B sshd-session[87988]: Accepted publickey for USER-REDACTED from IP-REDACTED port 38708 ssh2: ED25519 SSH-FINGERPRINT-REDACTED
2026-07-20T21:45:35.093121+02:00 HOST-REDACTED-B sshd-session[87988]: pam_unix(sshd:session): session opened for user USER-REDACTED(uid=1000) by USER-REDACTED(uid=0)
2026-07-20T21:45:35.099083+02:00 HOST-REDACTED-B systemd-logind[1502]: New session 43 of user USER-REDACTED.
2026-07-20T21:45:35.104367+02:00 HOST-REDACTED-B systemd[1]: Started Session 43 of User USER-REDACTED.
2026-07-20T21:45:35.157411+02:00 HOST-REDACTED-B sshd-session[87996]: Received disconnect from IP-REDACTED port 38708:11: disconnected by user
2026-07-20T21:45:35.157501+02:00 HOST-REDACTED-B sshd-session[87996]: Disconnected from user USER-REDACTED IP-REDACTED port 38708
2026-07-20T21:45:35.157891+02:00 HOST-REDACTED-B sshd-session[87988]: pam_unix(sshd:session): session closed for user USER-REDACTED
2026-07-20T21:45:35.163439+02:00 HOST-REDACTED-B systemd[1]: session-43.scope: Deactivated successfully.
2026-07-20T21:45:35.164876+02:00 HOST-REDACTED-B systemd-logind[1502]: Removed session 43.
2026-07-20T21:45:56.064158+02:00 HOST-REDACTED-B rigsignal-agent[2152]: 2026-07-20T19:45:56.064138Z  INFO rigsignal_agent::session: No game detected — idle polling
2026-07-20T21:46:29.064189+02:00 HOST-REDACTED-B rigsignal-agent[2152]: 2026-07-20T19:46:29.064168Z  INFO rigsignal_agent::session: No game detected — idle polling
2026-07-20T21:46:39.752974+02:00 HOST-REDACTED-B sshd-session[89015]: Accepted publickey for USER-REDACTED from IP-REDACTED port 46870 ssh2: ED25519 SSH-FINGERPRINT-REDACTED
2026-07-20T21:46:39.756126+02:00 HOST-REDACTED-B sshd-session[89015]: pam_unix(sshd:session): session opened for user USER-REDACTED(uid=1000) by USER-REDACTED(uid=0)
2026-07-20T21:46:39.762198+02:00 HOST-REDACTED-B systemd-logind[1502]: New session 44 of user USER-REDACTED.
2026-07-20T21:46:39.768344+02:00 HOST-REDACTED-B systemd[1]: Started Session 44 of User USER-REDACTED.
2026-07-20T21:46:39.818674+02:00 HOST-REDACTED-B sshd-session[89021]: Received disconnect from IP-REDACTED port 46870:11: disconnected by user
2026-07-20T21:46:39.818775+02:00 HOST-REDACTED-B sshd-session[89021]: Disconnected from user USER-REDACTED IP-REDACTED port 46870
2026-07-20T21:46:39.819152+02:00 HOST-REDACTED-B sshd-session[89015]: pam_unix(sshd:session): session closed for user USER-REDACTED
2026-07-20T21:46:39.824422+02:00 HOST-REDACTED-B systemd[1]: session-44.scope: Deactivated successfully.
2026-07-20T21:46:39.825717+02:00 HOST-REDACTED-B systemd-logind[1502]: Removed session 44.
2026-07-20T21:47:03.064031+02:00 HOST-REDACTED-B rigsignal-agent[2152]: 2026-07-20T19:47:03.064011Z  INFO rigsignal_agent::session: No game detected — idle polling
2026-07-20T21:47:36.064714+02:00 HOST-REDACTED-B rigsignal-agent[2152]: 2026-07-20T19:47:36.064691Z  INFO rigsignal_agent::session: No game detected — idle polling
2026-07-20T21:47:41.597949+02:00 HOST-REDACTED-B sshd-session[90012]: Accepted publickey for USER-REDACTED from IP-REDACTED port 48914 ssh2: ED25519 SSH-FINGERPRINT-REDACTED
2026-07-20T21:47:41.600766+02:00 HOST-REDACTED-B sshd-session[90012]: pam_unix(sshd:session): session opened for user USER-REDACTED(uid=1000) by USER-REDACTED(uid=0)
2026-07-20T21:47:41.606717+02:00 HOST-REDACTED-B systemd-logind[1502]: New session 45 of user USER-REDACTED.
2026-07-20T21:47:41.617346+02:00 HOST-REDACTED-B systemd[1]: Started Session 45 of User USER-REDACTED.
2026-07-20T21:47:41.675873+02:00 HOST-REDACTED-B sshd-session[90018]: Received disconnect from IP-REDACTED port 48914:11: disconnected by user
2026-07-20T21:47:41.675958+02:00 HOST-REDACTED-B sshd-session[90018]: Disconnected from user USER-REDACTED IP-REDACTED port 48914
2026-07-20T21:47:41.676328+02:00 HOST-REDACTED-B sshd-session[90012]: pam_unix(sshd:session): session closed for user USER-REDACTED
2026-07-20T21:47:41.681627+02:00 HOST-REDACTED-B systemd[1]: session-45.scope: Deactivated successfully.
2026-07-20T21:47:41.682820+02:00 HOST-REDACTED-B systemd-logind[1502]: Removed session 45.
2026-07-20T21:48:10.064372+02:00 HOST-REDACTED-B rigsignal-agent[2152]: 2026-07-20T19:48:10.064351Z  INFO rigsignal_agent::session: No game detected — idle polling
2026-07-20T21:48:44.064118+02:00 HOST-REDACTED-B rigsignal-agent[2152]: 2026-07-20T19:48:44.064093Z  INFO rigsignal_agent::session: No game detected — idle polling
2026-07-20T21:49:16.064572+02:00 HOST-REDACTED-B rigsignal-agent[2152]: 2026-07-20T19:49:16.064526Z  INFO rigsignal_agent::session: No game detected — idle polling
2026-07-20T21:49:50.064196+02:00 HOST-REDACTED-B rigsignal-agent[2152]: 2026-07-20T19:49:50.064176Z  INFO rigsignal_agent::session: No game detected — idle polling
2026-07-20T21:50:23.064060+02:00 HOST-REDACTED-B rigsignal-agent[2152]: 2026-07-20T19:50:23.064037Z  INFO rigsignal_agent::session: No game detected — idle polling
2026-07-20T21:50:57.064080+02:00 HOST-REDACTED-B rigsignal-agent[2152]: 2026-07-20T19:50:57.064028Z  INFO rigsignal_agent::session: No game detected — idle polling
2026-07-20T21:51:29.064279+02:00 HOST-REDACTED-B rigsignal-agent[2152]: 2026-07-20T19:51:29.064253Z  INFO rigsignal_agent::session: No game detected — idle polling
2026-07-20T21:52:03.064168+02:00 HOST-REDACTED-B rigsignal-agent[2152]: 2026-07-20T19:52:03.064149Z  INFO rigsignal_agent::session: No game detected — idle polling
2026-07-20T21:52:36.064251+02:00 HOST-REDACTED-B rigsignal-agent[2152]: 2026-07-20T19:52:36.064231Z  INFO rigsignal_agent::session: No game detected — idle polling
2026-07-20T21:53:10.064491+02:00 HOST-REDACTED-B rigsignal-agent[2152]: 2026-07-20T19:53:10.064469Z  INFO rigsignal_agent::session: No game detected — idle polling
2026-07-20T21:53:44.064533+02:00 HOST-REDACTED-B rigsignal-agent[2152]: 2026-07-20T19:53:44.064472Z  INFO rigsignal_agent::session: No game detected — idle polling
2026-07-20T21:54:17.064281+02:00 HOST-REDACTED-B rigsignal-agent[2152]: 2026-07-20T19:54:17.064253Z  INFO rigsignal_agent::session: No game detected — idle polling
2026-07-20T21:54:51.064870+02:00 HOST-REDACTED-B rigsignal-agent[2152]: 2026-07-20T19:54:51.064848Z  INFO rigsignal_agent::session: No game detected — idle polling
2026-07-20T21:55:24.064225+02:00 HOST-REDACTED-B rigsignal-agent[2152]: 2026-07-20T19:55:24.064206Z  INFO rigsignal_agent::session: No game detected — idle polling
2026-07-20T21:55:58.064121+02:00 HOST-REDACTED-B rigsignal-agent[2152]: 2026-07-20T19:55:58.064101Z  INFO rigsignal_agent::session: No game detected — idle polling
2026-07-20T21:56:32.064525+02:00 HOST-REDACTED-B rigsignal-agent[2152]: 2026-07-20T19:56:32.064503Z  INFO rigsignal_agent::session: No game detected — idle polling
2026-07-20T21:57:06.064685+02:00 HOST-REDACTED-B rigsignal-agent[2152]: 2026-07-20T19:57:06.064632Z  INFO rigsignal_agent::session: No game detected — idle polling
2026-07-20T21:57:40.064315+02:00 HOST-REDACTED-B rigsignal-agent[2152]: 2026-07-20T19:57:40.064293Z  INFO rigsignal_agent::session: No game detected — idle polling
2026-07-20T21:58:13.063976+02:00 HOST-REDACTED-B rigsignal-agent[2152]: 2026-07-20T19:58:13.063925Z  INFO rigsignal_agent::session: No game detected — idle polling
2026-07-20T21:58:47.064215+02:00 HOST-REDACTED-B rigsignal-agent[2152]: 2026-07-20T19:58:47.064194Z  INFO rigsignal_agent::session: No game detected — idle polling
2026-07-20T21:59:13.981011+02:00 HOST-REDACTED-B sshd-session[100872]: Accepted publickey for USER-REDACTED from IP-REDACTED port 40330 ssh2: ED25519 SSH-FINGERPRINT-REDACTED
2026-07-20T21:59:13.983958+02:00 HOST-REDACTED-B sshd-session[100872]: pam_unix(sshd:session): session opened for user USER-REDACTED(uid=1000) by USER-REDACTED(uid=0)
2026-07-20T21:59:13.989700+02:00 HOST-REDACTED-B systemd-logind[1502]: New session 46 of user USER-REDACTED.
2026-07-20T21:59:14.011346+02:00 HOST-REDACTED-B systemd[1]: Started Session 46 of User USER-REDACTED.
2026-07-20T21:59:14.063434+02:00 HOST-REDACTED-B sshd-session[100893]: Received disconnect from IP-REDACTED port 40330:11: disconnected by user
2026-07-20T21:59:14.063565+02:00 HOST-REDACTED-B sshd-session[100893]: Disconnected from user USER-REDACTED IP-REDACTED port 40330
2026-07-20T21:59:14.064019+02:00 HOST-REDACTED-B sshd-session[100872]: pam_unix(sshd:session): session closed for user USER-REDACTED
2026-07-20T21:59:14.069149+02:00 HOST-REDACTED-B systemd[1]: session-46.scope: Deactivated successfully.
2026-07-20T21:59:14.070579+02:00 HOST-REDACTED-B systemd-logind[1502]: Removed session 46.
2026-07-20T21:59:20.064251+02:00 HOST-REDACTED-B rigsignal-agent[2152]: 2026-07-20T19:59:20.064230Z  INFO rigsignal_agent::session: No game detected — idle polling
2026-07-20T21:59:49.607407+02:00 HOST-REDACTED-B sshd-session[101452]: Accepted publickey for USER-REDACTED from IP-REDACTED port 48294 ssh2: ED25519 SSH-FINGERPRINT-REDACTED
2026-07-20T21:59:49.610485+02:00 HOST-REDACTED-B sshd-session[101452]: pam_unix(sshd:session): session opened for user USER-REDACTED(uid=1000) by USER-REDACTED(uid=0)
2026-07-20T21:59:49.617487+02:00 HOST-REDACTED-B systemd-logind[1502]: New session 47 of user USER-REDACTED.
2026-07-20T21:59:49.627340+02:00 HOST-REDACTED-B systemd[1]: Started Session 47 of User USER-REDACTED.
2026-07-20T21:59:49.683845+02:00 HOST-REDACTED-B sshd-session[101458]: Received disconnect from IP-REDACTED port 48294:11: disconnected by user
2026-07-20T21:59:49.683944+02:00 HOST-REDACTED-B sshd-session[101458]: Disconnected from user USER-REDACTED IP-REDACTED port 48294
2026-07-20T21:59:49.684344+02:00 HOST-REDACTED-B sshd-session[101452]: pam_unix(sshd:session): session closed for user USER-REDACTED
2026-07-20T21:59:49.689967+02:00 HOST-REDACTED-B systemd[1]: session-47.scope: Deactivated successfully.
2026-07-20T21:59:49.691145+02:00 HOST-REDACTED-B systemd-logind[1502]: Removed session 47.
2026-07-20T21:59:53.064079+02:00 HOST-REDACTED-B rigsignal-agent[2152]: 2026-07-20T19:59:53.064058Z  INFO rigsignal_agent::session: No game detected — idle polling
2026-07-20T22:00:27.064090+02:00 HOST-REDACTED-B rigsignal-agent[2152]: 2026-07-20T20:00:27.064066Z  INFO rigsignal_agent::session: No game detected — idle polling
2026-07-20T22:00:44.176326+02:00 HOST-REDACTED-B systemd[2096]: Starting Prune harvested RigSignal spool files older than 48h...
2026-07-20T22:00:44.670048+02:00 HOST-REDACTED-B rigsignal-spool-retention[102326]: deleted=138 bytes=1545360 skipped=75827 registry=/<USER-REDACTED>/elastic/elastic-agent-9.4.3-linux-x86_64/data/elastic-agent-1bfb56/run/filestream-default/registry/filebeat/log.json
2026-07-20T22:00:44.674651+02:00 HOST-REDACTED-B systemd[2096]: Finished Prune harvested RigSignal spool files older than 48h.
2026-07-20T22:01:00.064735+02:00 HOST-REDACTED-B rigsignal-agent[2152]: 2026-07-20T20:01:00.064713Z  INFO rigsignal_agent::session: No game detected — idle polling
2026-07-20T22:01:35.064368+02:00 HOST-REDACTED-B rigsignal-agent[2152]: 2026-07-20T20:01:35.064347Z  INFO rigsignal_agent::session: No game detected — idle polling
2026-07-20T22:02:08.064595+02:00 HOST-REDACTED-B rigsignal-agent[2152]: 2026-07-20T20:02:08.064574Z  INFO rigsignal_agent::session: No game detected — idle polling
2026-07-20T22:02:40.064585+02:00 HOST-REDACTED-B rigsignal-agent[2152]: 2026-07-20T20:02:40.064534Z  INFO rigsignal_agent::session: No game detected — idle polling
2026-07-20T22:03:16.064070+02:00 HOST-REDACTED-B rigsignal-agent[2152]: 2026-07-20T20:03:16.064047Z  INFO rigsignal_agent::session: No game detected — idle polling
2026-07-20T22:03:49.064536+02:00 HOST-REDACTED-B rigsignal-agent[2152]: 2026-07-20T20:03:49.064513Z  INFO rigsignal_agent::session: No game detected — idle polling
2026-07-20T22:04:24.064242+02:00 HOST-REDACTED-B rigsignal-agent[2152]: 2026-07-20T20:04:24.064219Z  INFO rigsignal_agent::session: No game detected — idle polling
2026-07-20T22:04:58.064283+02:00 HOST-REDACTED-B rigsignal-agent[2152]: 2026-07-20T20:04:58.064254Z  INFO rigsignal_agent::session: No game detected — idle polling
2026-07-20T22:05:28.064209+02:00 HOST-REDACTED-B rigsignal-agent[2152]: 2026-07-20T20:05:28.064186Z  INFO rigsignal_agent::session: No game detected — idle polling
2026-07-20T22:06:01.064258+02:00 HOST-REDACTED-B rigsignal-agent[2152]: 2026-07-20T20:06:01.064207Z  INFO rigsignal_agent::session: No game detected — idle polling
2026-07-20T22:06:35.064672+02:00 HOST-REDACTED-B rigsignal-agent[2152]: 2026-07-20T20:06:35.064652Z  INFO rigsignal_agent::session: No game detected — idle polling
2026-07-20T22:07:07.064706+02:00 HOST-REDACTED-B rigsignal-agent[2152]: 2026-07-20T20:07:07.064655Z  INFO rigsignal_agent::session: No game detected — idle polling
2026-07-20T22:07:41.064195+02:00 HOST-REDACTED-B rigsignal-agent[2152]: 2026-07-20T20:07:41.064173Z  INFO rigsignal_agent::session: No game detected — idle polling
2026-07-20T22:08:14.064513+02:00 HOST-REDACTED-B rigsignal-agent[2152]: 2026-07-20T20:08:14.064494Z  INFO rigsignal_agent::session: No game detected — idle polling
2026-07-20T22:08:48.064280+02:00 HOST-REDACTED-B rigsignal-agent[2152]: 2026-07-20T20:08:48.064216Z  INFO rigsignal_agent::session: No game detected — idle polling
2026-07-20T22:09:22.064519+02:00 HOST-REDACTED-B rigsignal-agent[2152]: 2026-07-20T20:09:22.064495Z  INFO rigsignal_agent::session: No game detected — idle polling
2026-07-20T22:09:57.064141+02:00 HOST-REDACTED-B rigsignal-agent[2152]: 2026-07-20T20:09:57.064119Z  INFO rigsignal_agent::session: No game detected — idle polling
2026-07-20T22:10:32.064141+02:00 HOST-REDACTED-B rigsignal-agent[2152]: 2026-07-20T20:10:32.064118Z  INFO rigsignal_agent::session: No game detected — idle polling
2026-07-20T22:11:07.064492+02:00 HOST-REDACTED-B rigsignal-agent[2152]: 2026-07-20T20:11:07.064472Z  INFO rigsignal_agent::session: No game detected — idle polling
2026-07-20T22:11:40.064614+02:00 HOST-REDACTED-B rigsignal-agent[2152]: 2026-07-20T20:11:40.064560Z  INFO rigsignal_agent::session: No game detected — idle polling
2026-07-20T22:12:13.064051+02:00 HOST-REDACTED-B rigsignal-agent[2152]: 2026-07-20T20:12:13.064030Z  INFO rigsignal_agent::session: No game detected — idle polling
2026-07-20T22:12:40.847499+02:00 HOST-REDACTED-B sshd-session[113581]: Accepted publickey for USER-REDACTED from IP-REDACTED port 35792 ssh2: ED25519 SSH-FINGERPRINT-REDACTED
2026-07-20T22:12:40.850610+02:00 HOST-REDACTED-B sshd-session[113581]: pam_unix(sshd:session): session opened for user USER-REDACTED(uid=1000) by USER-REDACTED(uid=0)
2026-07-20T22:12:40.856500+02:00 HOST-REDACTED-B systemd-logind[1502]: New session 48 of user USER-REDACTED.
2026-07-20T22:12:40.874355+02:00 HOST-REDACTED-B systemd[1]: Started Session 48 of User USER-REDACTED.
2026-07-20T22:12:40.930016+02:00 HOST-REDACTED-B sshd-session[113587]: Received disconnect from IP-REDACTED port 35792:11: disconnected by user
2026-07-20T22:12:40.930118+02:00 HOST-REDACTED-B sshd-session[113587]: Disconnected from user USER-REDACTED IP-REDACTED port 35792
2026-07-20T22:12:40.930529+02:00 HOST-REDACTED-B sshd-session[113581]: pam_unix(sshd:session): session closed for user USER-REDACTED
2026-07-20T22:12:40.935843+02:00 HOST-REDACTED-B systemd[1]: session-48.scope: Deactivated successfully.
2026-07-20T22:12:40.937255+02:00 HOST-REDACTED-B systemd-logind[1502]: Removed session 48.
2026-07-20T22:12:47.064176+02:00 HOST-REDACTED-B rigsignal-agent[2152]: 2026-07-20T20:12:47.064156Z  INFO rigsignal_agent::session: No game detected — idle polling
2026-07-20T22:13:21.064191+02:00 HOST-REDACTED-B rigsignal-agent[2152]: 2026-07-20T20:13:21.064171Z  INFO rigsignal_agent::session: No game detected — idle polling
2026-07-20T22:13:54.064389+02:00 HOST-REDACTED-B rigsignal-agent[2152]: 2026-07-20T20:13:54.064369Z  INFO rigsignal_agent::session: No game detected — idle polling
2026-07-20T22:13:54.501440+02:00 HOST-REDACTED-B iwd[2011]: invalid HE capabilities for MAC-REDACTED
2026-07-20T22:14:27.064242+02:00 HOST-REDACTED-B rigsignal-agent[2152]: 2026-07-20T20:14:27.064222Z  INFO rigsignal_agent::session: No game detected — idle polling
2026-07-20T22:15:02.064318+02:00 HOST-REDACTED-B rigsignal-agent[2152]: 2026-07-20T20:15:02.064254Z  INFO rigsignal_agent::session: No game detected — idle polling
2026-07-20T22:15:36.064863+02:00 HOST-REDACTED-B rigsignal-agent[2152]: 2026-07-20T20:15:36.064842Z  INFO rigsignal_agent::session: No game detected — idle polling
2026-07-20T22:16:09.064386+02:00 HOST-REDACTED-B rigsignal-agent[2152]: 2026-07-20T20:16:09.064335Z  INFO rigsignal_agent::session: No game detected — idle polling
2026-07-20T22:16:44.064340+02:00 HOST-REDACTED-B rigsignal-agent[2152]: 2026-07-20T20:16:44.064318Z  INFO rigsignal_agent::session: No game detected — idle polling
2026-07-20T22:17:19.064158+02:00 HOST-REDACTED-B rigsignal-agent[2152]: 2026-07-20T20:17:19.064137Z  INFO rigsignal_agent::session: No game detected — idle polling
2026-07-20T22:17:50.064374+02:00 HOST-REDACTED-B rigsignal-agent[2152]: 2026-07-20T20:17:50.064323Z  INFO rigsignal_agent::session: No game detected — idle polling
2026-07-20T22:18:23.064103+02:00 HOST-REDACTED-B rigsignal-agent[2152]: 2026-07-20T20:18:23.064082Z  INFO rigsignal_agent::session: No game detected — idle polling
2026-07-20T22:18:56.064198+02:00 HOST-REDACTED-B rigsignal-agent[2152]: 2026-07-20T20:18:56.064176Z  INFO rigsignal_agent::session: No game detected — idle polling
2026-07-20T22:18:57.913418+02:00 HOST-REDACTED-B iwd[2011]: invalid HE capabilities for MAC-REDACTED
2026-07-20T22:19:29.064289+02:00 HOST-REDACTED-B rigsignal-agent[2152]: 2026-07-20T20:19:29.064259Z  INFO rigsignal_agent::session: No game detected — idle polling
2026-07-20T22:20:03.064497+02:00 HOST-REDACTED-B rigsignal-agent[2152]: 2026-07-20T20:20:03.064473Z  INFO rigsignal_agent::session: No game detected — idle polling
2026-07-20T22:20:37.064141+02:00 HOST-REDACTED-B rigsignal-agent[2152]: 2026-07-20T20:20:37.064092Z  INFO rigsignal_agent::session: No game detected — idle polling
2026-07-20T22:21:09.064388+02:00 HOST-REDACTED-B rigsignal-agent[2152]: 2026-07-20T20:21:09.064368Z  INFO rigsignal_agent::session: No game detected — idle polling
2026-07-20T22:21:44.064238+02:00 HOST-REDACTED-B rigsignal-agent[2152]: 2026-07-20T20:21:44.064215Z  INFO rigsignal_agent::session: No game detected — idle polling
2026-07-20T22:22:17.064268+02:00 HOST-REDACTED-B rigsignal-agent[2152]: 2026-07-20T20:22:17.064210Z  INFO rigsignal_agent::session: No game detected — idle polling
2026-07-20T22:22:51.064333+02:00 HOST-REDACTED-B rigsignal-agent[2152]: 2026-07-20T20:22:51.064313Z  INFO rigsignal_agent::session: No game detected — idle polling
2026-07-20T22:23:24.064195+02:00 HOST-REDACTED-B rigsignal-agent[2152]: 2026-07-20T20:23:24.064174Z  INFO rigsignal_agent::session: No game detected — idle polling
2026-07-20T22:23:57.064547+02:00 HOST-REDACTED-B rigsignal-agent[2152]: 2026-07-20T20:23:57.064491Z  INFO rigsignal_agent::session: No game detected — idle polling
2026-07-20T22:24:01.338435+02:00 HOST-REDACTED-B iwd[2011]: invalid HE capabilities for MAC-REDACTED
2026-07-20T22:24:29.064480+02:00 HOST-REDACTED-B rigsignal-agent[2152]: 2026-07-20T20:24:29.064460Z  INFO rigsignal_agent::session: No game detected — idle polling
2026-07-20T22:25:02.064083+02:00 HOST-REDACTED-B rigsignal-agent[2152]: 2026-07-20T20:25:02.064063Z  INFO rigsignal_agent::session: No game detected — idle polling
2026-07-20T22:25:10.362771+02:00 HOST-REDACTED-B sshd-session[125345]: Accepted publickey for USER-REDACTED from IP-REDACTED port 47420 ssh2: ED25519 SSH-FINGERPRINT-REDACTED
2026-07-20T22:25:10.365759+02:00 HOST-REDACTED-B sshd-session[125345]: pam_unix(sshd:session): session opened for user USER-REDACTED(uid=1000) by USER-REDACTED(uid=0)
2026-07-20T22:25:10.371668+02:00 HOST-REDACTED-B systemd-logind[1502]: New session 49 of user USER-REDACTED.
2026-07-20T22:25:10.379346+02:00 HOST-REDACTED-B systemd[1]: Started Session 49 of User USER-REDACTED.
2026-07-20T22:25:10.435985+02:00 HOST-REDACTED-B sshd-session[125351]: Received disconnect from IP-REDACTED port 47420:11: disconnected by user
2026-07-20T22:25:10.436099+02:00 HOST-REDACTED-B sshd-session[125351]: Disconnected from user USER-REDACTED IP-REDACTED port 47420
2026-07-20T22:25:10.436590+02:00 HOST-REDACTED-B sshd-session[125345]: pam_unix(sshd:session): session closed for user USER-REDACTED
2026-07-20T22:25:10.442047+02:00 HOST-REDACTED-B systemd[1]: session-49.scope: Deactivated successfully.
2026-07-20T22:25:10.443549+02:00 HOST-REDACTED-B systemd-logind[1502]: Removed session 49.
2026-07-20T22:25:35.064441+02:00 HOST-REDACTED-B rigsignal-agent[2152]: 2026-07-20T20:25:35.064417Z  INFO rigsignal_agent::session: No game detected — idle polling
2026-07-20T22:26:08.064603+02:00 HOST-REDACTED-B rigsignal-agent[2152]: 2026-07-20T20:26:08.064582Z  INFO rigsignal_agent::session: No game detected — idle polling
2026-07-20T22:26:42.064308+02:00 HOST-REDACTED-B rigsignal-agent[2152]: 2026-07-20T20:26:42.064245Z  INFO rigsignal_agent::session: No game detected — idle polling
2026-07-20T22:27:14.064675+02:00 HOST-REDACTED-B rigsignal-agent[2152]: 2026-07-20T20:27:14.064655Z  INFO rigsignal_agent::session: No game detected — idle polling
2026-07-20T22:27:48.064241+02:00 HOST-REDACTED-B rigsignal-agent[2152]: 2026-07-20T20:27:48.064223Z  INFO rigsignal_agent::session: No game detected — idle polling
2026-07-20T22:28:21.064108+02:00 HOST-REDACTED-B rigsignal-agent[2152]: 2026-07-20T20:28:21.064087Z  INFO rigsignal_agent::session: No game detected — idle polling
2026-07-20T22:28:53.064466+02:00 HOST-REDACTED-B rigsignal-agent[2152]: 2026-07-20T20:28:53.064446Z  INFO rigsignal_agent::session: No game detected — idle polling
2026-07-20T22:29:04.756434+02:00 HOST-REDACTED-B iwd[2011]: invalid HE capabilities for MAC-REDACTED
2026-07-20T22:29:04.756434+02:00 HOST-REDACTED-B iwd[2011]: invalid HE capabilities for MAC-REDACTED
2026-07-20T22:29:04.756434+02:00 HOST-REDACTED-B iwd[2011]: invalid HE capabilities for MAC-REDACTED
2026-07-20T22:29:27.064333+02:00 HOST-REDACTED-B rigsignal-agent[2152]: 2026-07-20T20:29:27.064312Z  INFO rigsignal_agent::session: No game detected — idle polling
2026-07-20T22:30:00.064814+02:00 HOST-REDACTED-B rigsignal-agent[2152]: 2026-07-20T20:30:00.064761Z  INFO rigsignal_agent::session: No game detected — idle polling
2026-07-20T22:30:34.064298+02:00 HOST-REDACTED-B rigsignal-agent[2152]: 2026-07-20T20:30:34.064278Z  INFO rigsignal_agent::session: No game detected — idle polling
2026-07-20T22:31:08.064312+02:00 HOST-REDACTED-B rigsignal-agent[2152]: 2026-07-20T20:31:08.064292Z  INFO rigsignal_agent::session: No game detected — idle polling
2026-07-20T22:31:42.064600+02:00 HOST-REDACTED-B rigsignal-agent[2152]: 2026-07-20T20:31:42.064581Z  INFO rigsignal_agent::session: No game detected — idle polling
2026-07-20T22:32:16.064691+02:00 HOST-REDACTED-B rigsignal-agent[2152]: 2026-07-20T20:32:16.064670Z  INFO rigsignal_agent::session: No game detected — idle polling
2026-07-20T22:32:49.064347+02:00 HOST-REDACTED-B rigsignal-agent[2152]: 2026-07-20T20:32:49.064286Z  INFO rigsignal_agent::session: No game detected — idle polling
2026-07-20T22:33:24.064448+02:00 HOST-REDACTED-B rigsignal-agent[2152]: 2026-07-20T20:33:24.064429Z  INFO rigsignal_agent::session: No game detected — idle polling
2026-07-20T22:33:58.064210+02:00 HOST-REDACTED-B rigsignal-agent[2152]: 2026-07-20T20:33:58.064190Z  INFO rigsignal_agent::session: No game detected — idle polling
2026-07-20T22:34:28.064645+02:00 HOST-REDACTED-B rigsignal-agent[2152]: 2026-07-20T20:34:28.064625Z  INFO rigsignal_agent::session: No game detected — idle polling
2026-07-20T22:35:03.064202+02:00 HOST-REDACTED-B rigsignal-agent[2152]: 2026-07-20T20:35:03.064180Z  INFO rigsignal_agent::session: No game detected — idle polling
2026-07-20T22:35:38.064347+02:00 HOST-REDACTED-B rigsignal-agent[2152]: 2026-07-20T20:35:38.064293Z  INFO rigsignal_agent::session: No game detected — idle polling
2026-07-20T22:36:12.064232+02:00 HOST-REDACTED-B rigsignal-agent[2152]: 2026-07-20T20:36:12.064212Z  INFO rigsignal_agent::session: No game detected — idle polling
2026-07-20T22:36:46.064490+02:00 HOST-REDACTED-B rigsignal-agent[2152]: 2026-07-20T20:36:46.064469Z  INFO rigsignal_agent::session: No game detected — idle polling
2026-07-20T22:37:19.064910+02:00 HOST-REDACTED-B rigsignal-agent[2152]: 2026-07-20T20:37:19.064889Z  INFO rigsignal_agent::session: No game detected — idle polling
2026-07-20T22:37:54.064145+02:00 HOST-REDACTED-B rigsignal-agent[2152]: 2026-07-20T20:37:54.064121Z  INFO rigsignal_agent::session: No game detected — idle polling
2026-07-20T22:38:26.064161+02:00 HOST-REDACTED-B rigsignal-agent[2152]: 2026-07-20T20:38:26.064139Z  INFO rigsignal_agent::session: No game detected — idle polling
2026-07-20T22:38:59.064210+02:00 HOST-REDACTED-B rigsignal-agent[2152]: 2026-07-20T20:38:59.064156Z  INFO rigsignal_agent::session: No game detected — idle polling
2026-07-20T22:39:33.064492+02:00 HOST-REDACTED-B rigsignal-agent[2152]: 2026-07-20T20:39:33.064471Z  INFO rigsignal_agent::session: No game detected — idle polling
2026-07-20T22:40:06.064257+02:00 HOST-REDACTED-B rigsignal-agent[2152]: 2026-07-20T20:40:06.064237Z  INFO rigsignal_agent::session: No game detected — idle polling
2026-07-20T22:40:33.798001+02:00 HOST-REDACTED-B sshd-session[139848]: Accepted publickey for USER-REDACTED from IP-REDACTED port 59608 ssh2: ED25519 SSH-FINGERPRINT-REDACTED
2026-07-20T22:40:33.800904+02:00 HOST-REDACTED-B sshd-session[139848]: pam_unix(sshd:session): session opened for user USER-REDACTED(uid=1000) by USER-REDACTED(uid=0)
2026-07-20T22:40:33.806764+02:00 HOST-REDACTED-B systemd-logind[1502]: New session 50 of user USER-REDACTED.
2026-07-20T22:40:33.815346+02:00 HOST-REDACTED-B systemd[1]: Started Session 50 of User USER-REDACTED.
2026-07-20T22:40:33.871504+02:00 HOST-REDACTED-B sshd-session[139869]: Received disconnect from IP-REDACTED port 59608:11: disconnected by user
2026-07-20T22:40:33.871591+02:00 HOST-REDACTED-B sshd-session[139869]: Disconnected from user USER-REDACTED IP-REDACTED port 59608
2026-07-20T22:40:33.871955+02:00 HOST-REDACTED-B sshd-session[139848]: pam_unix(sshd:session): session closed for user USER-REDACTED
2026-07-20T22:40:33.877131+02:00 HOST-REDACTED-B systemd[1]: session-50.scope: Deactivated successfully.
2026-07-20T22:40:33.878343+02:00 HOST-REDACTED-B systemd-logind[1502]: Removed session 50.
2026-07-20T22:40:39.064217+02:00 HOST-REDACTED-B rigsignal-agent[2152]: 2026-07-20T20:40:39.064192Z  INFO rigsignal_agent::session: No game detected — idle polling
2026-07-20T22:41:05.274997+02:00 HOST-REDACTED-B gamescope-session[2307]: [gamescope] [Warn]  xwm: got the same buffer committed twice, ignoring.
2026-07-20T22:41:05.274997+02:00 HOST-REDACTED-B gamescope-session[2307]: [gamescope] [Warn]  xwm: got the same buffer committed twice, ignoring.
2026-07-20T22:41:06.422272+02:00 HOST-REDACTED-B systemd[1]: Starting Time & Date Service...
2026-07-20T22:41:06.467101+02:00 HOST-REDACTED-B systemd[1]: Started Time & Date Service.
2026-07-20T22:41:06.470086+02:00 HOST-REDACTED-B systemd[2096]: steam-launcher.service: Got notification message from PID 140411, but reception is disabled
2026-07-20T22:41:06.479518+02:00 HOST-REDACTED-B systemd[2096]: steam-launcher.service: Got notification message from PID 140416, but reception is disabled
2026-07-20T22:41:13.063922+02:00 HOST-REDACTED-B rigsignal-agent[2152]: 2026-07-20T20:41:13.063887Z  INFO rigsignal_agent::session: No game detected — idle polling
2026-07-20T22:41:16.315226+02:00 HOST-REDACTED-B steam[2476]: reaping pid: 62127 -- IPC:CSteamEngin
2026-07-20T22:41:36.495214+02:00 HOST-REDACTED-B systemd[1]: systemd-timedated.service: Deactivated successfully.
2026-07-20T22:41:40.518313+02:00 HOST-REDACTED-B earlyoom[1456]: mem avail: 22862 of 30442 MiB (75.10%), swap free: 17015 of 17015 MiB (100.00%)
2026-07-20T22:41:45.064809+02:00 HOST-REDACTED-B rigsignal-agent[2152]: 2026-07-20T20:41:45.064787Z  INFO rigsignal_agent::session: No game detected — idle polling
2026-07-20T22:42:19.064479+02:00 HOST-REDACTED-B rigsignal-agent[2152]: 2026-07-20T20:42:19.064457Z  INFO rigsignal_agent::session: No game detected — idle polling
2026-07-20T22:42:53.063963+02:00 HOST-REDACTED-B rigsignal-agent[2152]: 2026-07-20T20:42:53.063943Z  INFO rigsignal_agent::session: No game detected — idle polling
2026-07-20T22:43:27.064234+02:00 HOST-REDACTED-B rigsignal-agent[2152]: 2026-07-20T20:43:27.064211Z  INFO rigsignal_agent::session: No game detected — idle polling
2026-07-20T22:44:00.064749+02:00 HOST-REDACTED-B rigsignal-agent[2152]: 2026-07-20T20:44:00.064727Z  INFO rigsignal_agent::session: No game detected — idle polling
2026-07-20T22:44:15.018467+02:00 HOST-REDACTED-B iwd[2011]: invalid HE capabilities for MAC-REDACTED
2026-07-20T22:44:15.018467+02:00 HOST-REDACTED-B iwd[2011]: invalid HE capabilities for MAC-REDACTED
2026-07-20T22:44:35.064937+02:00 HOST-REDACTED-B rigsignal-agent[2152]: 2026-07-20T20:44:35.064902Z  INFO rigsignal_agent::session: No game detected — idle polling
2026-07-20T22:44:50.479018+02:00 HOST-REDACTED-B sshd-session[143944]: Accepted publickey for USER-REDACTED from IP-REDACTED port 39170 ssh2: ED25519 SSH-FINGERPRINT-REDACTED
2026-07-20T22:44:50.482002+02:00 HOST-REDACTED-B sshd-session[143944]: pam_unix(sshd:session): session opened for user USER-REDACTED(uid=1000) by USER-REDACTED(uid=0)
2026-07-20T22:44:50.488752+02:00 HOST-REDACTED-B systemd-logind[1502]: New session 51 of user USER-REDACTED.
2026-07-20T22:44:50.502348+02:00 HOST-REDACTED-B systemd[1]: Started Session 51 of User USER-REDACTED.
2026-07-20T22:44:50.567605+02:00 HOST-REDACTED-B sshd-session[143950]: Received disconnect from IP-REDACTED port 39170:11: disconnected by user
2026-07-20T22:44:50.567638+02:00 HOST-REDACTED-B sshd-session[66584]: Received disconnect from IP-REDACTED port 33816:11: disconnected by user
2026-07-20T22:44:50.567707+02:00 HOST-REDACTED-B sshd-session[143950]: Disconnected from user USER-REDACTED IP-REDACTED port 39170
2026-07-20T22:44:50.567781+02:00 HOST-REDACTED-B sshd-session[66584]: Disconnected from user USER-REDACTED IP-REDACTED port 33816
2026-07-20T22:44:50.568110+02:00 HOST-REDACTED-B sshd-session[143944]: pam_unix(sshd:session): session closed for user USER-REDACTED
2026-07-20T22:44:50.568368+02:00 HOST-REDACTED-B sshd-session[66578]: pam_unix(sshd:session): session closed for user USER-REDACTED
2026-07-20T22:44:50.573439+02:00 HOST-REDACTED-B systemd[1]: session-51.scope: Deactivated successfully.
2026-07-20T22:44:50.575130+02:00 HOST-REDACTED-B systemd-logind[1502]: Removed session 51.
2026-07-20T22:44:50.575934+02:00 HOST-REDACTED-B systemd[1]: Stopping Session 39 of User USER-REDACTED...
2026-07-20T22:44:50.576107+02:00 HOST-REDACTED-B systemd[1]: session-39.scope: Deactivated successfully.
2026-07-20T22:44:50.576270+02:00 HOST-REDACTED-B systemd[1]: Stopped Session 39 of User USER-REDACTED.
2026-07-20T22:44:50.576335+02:00 HOST-REDACTED-B systemd[1]: session-39.scope: Consumed 43.477s CPU time, 6M memory peak.
2026-07-20T22:44:50.576749+02:00 HOST-REDACTED-B systemd-logind[1502]: Removed session 39.
2026-07-20T22:44:51.091872+02:00 HOST-REDACTED-B sshd-session[143962]: Accepted publickey for USER-REDACTED from IP-REDACTED port 39178 ssh2: ED25519 SSH-FINGERPRINT-REDACTED
2026-07-20T22:44:51.094661+02:00 HOST-REDACTED-B sshd-session[143962]: pam_unix(sshd:session): session opened for user USER-REDACTED(uid=1000) by USER-REDACTED(uid=0)
2026-07-20T22:44:51.100060+02:00 HOST-REDACTED-B systemd-logind[1502]: New session 52 of user USER-REDACTED.
2026-07-20T22:44:51.116365+02:00 HOST-REDACTED-B systemd[1]: Started Session 52 of User USER-REDACTED.
2026-07-20T22:44:51.197545+02:00 HOST-REDACTED-B sshd-session[143968]: Received disconnect from IP-REDACTED port 39178:11: disconnected by user
2026-07-20T22:44:51.197644+02:00 HOST-REDACTED-B sshd-session[143968]: Disconnected from user USER-REDACTED IP-REDACTED port 39178
2026-07-20T22:44:51.198210+02:00 HOST-REDACTED-B sshd-session[143962]: pam_unix(sshd:session): session closed for user USER-REDACTED
2026-07-20T22:44:51.203392+02:00 HOST-REDACTED-B systemd[1]: session-52.scope: Deactivated successfully.
2026-07-20T22:44:51.204589+02:00 HOST-REDACTED-B systemd-logind[1502]: Removed session 52.
2026-07-20T22:44:51.280766+02:00 HOST-REDACTED-B sshd-session[143975]: Accepted publickey for USER-REDACTED from IP-REDACTED port 39192 ssh2: ED25519 SSH-FINGERPRINT-REDACTED
2026-07-20T22:44:51.283525+02:00 HOST-REDACTED-B sshd-session[143975]: pam_unix(sshd:session): session opened for user USER-REDACTED(uid=1000) by USER-REDACTED(uid=0)
2026-07-20T22:44:51.289662+02:00 HOST-REDACTED-B systemd-logind[1502]: New session 53 of user USER-REDACTED.
2026-07-20T22:44:51.313348+02:00 HOST-REDACTED-B systemd[1]: Started Session 53 of User USER-REDACTED.
2026-07-20T22:44:51.389006+02:00 HOST-REDACTED-B sshd-session[143981]: Received disconnect from IP-REDACTED port 39192:11: disconnected by user
2026-07-20T22:44:51.389109+02:00 HOST-REDACTED-B sshd-session[143981]: Disconnected from user USER-REDACTED IP-REDACTED port 39192
2026-07-20T22:44:51.389564+02:00 HOST-REDACTED-B sshd-session[143975]: pam_unix(sshd:session): session closed for user USER-REDACTED
2026-07-20T22:44:51.394850+02:00 HOST-REDACTED-B systemd[1]: session-53.scope: Deactivated successfully.
2026-07-20T22:44:51.395980+02:00 HOST-REDACTED-B systemd-logind[1502]: Removed session 53.
2026-07-20T22:45:08.064805+02:00 HOST-REDACTED-B rigsignal-agent[2152]: 2026-07-20T20:45:08.064768Z  INFO rigsignal_agent::session: No game detected — idle polling
2026-07-20T22:45:43.064441+02:00 HOST-REDACTED-B rigsignal-agent[2152]: 2026-07-20T20:45:43.064407Z  INFO rigsignal_agent::session: No game detected — idle polling
2026-07-20T22:46:16.064384+02:00 HOST-REDACTED-B rigsignal-agent[2152]: 2026-07-20T20:46:16.064327Z  INFO rigsignal_agent::session: No game detected — idle polling
2026-07-20T22:46:47.064497+02:00 HOST-REDACTED-B rigsignal-agent[2152]: 2026-07-20T20:46:47.064475Z  INFO rigsignal_agent::session: No game detected — idle polling
2026-07-20T22:47:20.064076+02:00 HOST-REDACTED-B rigsignal-agent[2152]: 2026-07-20T20:47:20.064039Z  INFO rigsignal_agent::session: No game detected — idle polling
2026-07-20T22:47:53.064095+02:00 HOST-REDACTED-B rigsignal-agent[2152]: 2026-07-20T20:47:53.064030Z  INFO rigsignal_agent::session: No game detected — idle polling
2026-07-20T22:48:27.063965+02:00 HOST-REDACTED-B rigsignal-agent[2152]: 2026-07-20T20:48:27.063945Z  INFO rigsignal_agent::session: No game detected — idle polling
2026-07-20T22:49:01.064647+02:00 HOST-REDACTED-B rigsignal-agent[2152]: 2026-07-20T20:49:01.064626Z  INFO rigsignal_agent::session: No game detected — idle polling
2026-07-20T22:49:18.435450+02:00 HOST-REDACTED-B iwd[2011]: invalid HE capabilities for MAC-REDACTED
2026-07-20T22:49:34.064396+02:00 HOST-REDACTED-B rigsignal-agent[2152]: 2026-07-20T20:49:34.064363Z  INFO rigsignal_agent::session: No game detected — idle polling
2026-07-20T22:50:08.064420+02:00 HOST-REDACTED-B rigsignal-agent[2152]: 2026-07-20T20:50:08.064384Z  INFO rigsignal_agent::session: No game detected — idle polling
2026-07-20T22:50:41.064180+02:00 HOST-REDACTED-B rigsignal-agent[2152]: 2026-07-20T20:50:41.064111Z  INFO rigsignal_agent::session: No game detected — idle polling
2026-07-20T22:51:14.064004+02:00 HOST-REDACTED-B rigsignal-agent[2152]: 2026-07-20T20:51:14.063970Z  INFO rigsignal_agent::session: No game detected — idle polling
2026-07-20T22:51:47.063942+02:00 HOST-REDACTED-B rigsignal-agent[2152]: 2026-07-20T20:51:47.063922Z  INFO rigsignal_agent::session: No game detected — idle polling
2026-07-20T22:52:19.064418+02:00 HOST-REDACTED-B rigsignal-agent[2152]: 2026-07-20T20:52:19.064384Z  INFO rigsignal_agent::session: No game detected — idle polling
2026-07-20T22:52:52.064520+02:00 HOST-REDACTED-B rigsignal-agent[2152]: 2026-07-20T20:52:52.064486Z  INFO rigsignal_agent::session: No game detected — idle polling
2026-07-20T22:53:26.063986+02:00 HOST-REDACTED-B rigsignal-agent[2152]: 2026-07-20T20:53:26.063968Z  INFO rigsignal_agent::session: No game detected — idle polling
2026-07-20T22:53:54.945443+02:00 HOST-REDACTED-B systemd[1]: Starting Time & Date Service...
2026-07-20T22:53:54.992347+02:00 HOST-REDACTED-B systemd[1]: Started Time & Date Service.
2026-07-20T22:53:54.995430+02:00 HOST-REDACTED-B systemd[2096]: steam-launcher.service: Got notification message from PID 144475, but reception is disabled
2026-07-20T22:53:55.003931+02:00 HOST-REDACTED-B systemd[2096]: steam-launcher.service: Got notification message from PID 144481, but reception is disabled
2026-07-20T22:53:55.446273+02:00 HOST-REDACTED-B rtkit-daemon[2192]: Successfully made thread 144511 of process 144467 owned by '1000' high priority at nice level -10.
2026-07-20T22:53:57.536016+02:00 HOST-REDACTED-B rtkit-daemon[2192]: Successfully made thread 144515 of process 144467 owned by '1000' high priority at nice level -15.
2026-07-20T22:53:57.620774+02:00 HOST-REDACTED-B gamescope-session[2307]: [gamescope] [Warn]  xwm: got the same buffer committed twice, ignoring.
2026-07-20T22:54:00.064557+02:00 HOST-REDACTED-B rigsignal-agent[2152]: 2026-07-20T20:54:00.064538Z  INFO rigsignal_agent::session: No game detected — idle polling
2026-07-20T22:54:10.829189+02:00 HOST-REDACTED-B gamescope-session[2307]: [gamescope] [Warn]  xwm: got the same buffer committed twice, ignoring.
2026-07-20T22:54:10.829189+02:00 HOST-REDACTED-B gamescope-session[2307]: [gamescope] [Warn]  xwm: got the same buffer committed twice, ignoring.
2026-07-20T22:54:21.858442+02:00 HOST-REDACTED-B iwd[2011]: invalid HE capabilities for MAC-REDACTED
2026-07-20T22:54:21.858442+02:00 HOST-REDACTED-B iwd[2011]: invalid HE capabilities for MAC-REDACTED
2026-07-20T22:54:25.034603+02:00 HOST-REDACTED-B systemd[1]: systemd-timedated.service: Deactivated successfully.
2026-07-20T22:54:33.064036+02:00 HOST-REDACTED-B rigsignal-agent[2152]: 2026-07-20T20:54:33.064018Z  INFO rigsignal_agent::session: No game detected — idle polling
2026-07-20T22:55:06.064184+02:00 HOST-REDACTED-B rigsignal-agent[2152]: 2026-07-20T20:55:06.064163Z  INFO rigsignal_agent::session: No game detected — idle polling
2026-07-20T22:55:39.064156+02:00 HOST-REDACTED-B rigsignal-agent[2152]: 2026-07-20T20:55:39.064134Z  INFO rigsignal_agent::session: No game detected — idle polling
2026-07-20T22:56:12.064171+02:00 HOST-REDACTED-B rigsignal-agent[2152]: 2026-07-20T20:56:12.064150Z  INFO rigsignal_agent::session: No game detected — idle polling
2026-07-20T22:56:47.064048+02:00 HOST-REDACTED-B rigsignal-agent[2152]: 2026-07-20T20:56:47.063996Z  INFO rigsignal_agent::session: No game detected — idle polling
2026-07-20T22:57:14.593277+02:00 HOST-REDACTED-B kernel: amdgpu 0000:09:00.0: [drm] CRB Config Warning: DET size (11,2,8,0) + Compbuf size (1) >  CRB segments (21)
2026-07-20T22:57:14.655316+02:00 HOST-REDACTED-B gamescope-session[2307]: [gamescope] [Warn]  xwm: got the same buffer committed twice, ignoring.
2026-07-20T22:57:14.655316+02:00 HOST-REDACTED-B gamescope-session[2307]: [gamescope] [Warn]  xwm: got the same buffer committed twice, ignoring.
2026-07-20T22:57:21.145715+02:00 HOST-REDACTED-B systemd[1]: Starting Time & Date Service...
2026-07-20T22:57:21.191301+02:00 HOST-REDACTED-B systemd[1]: Started Time & Date Service.
2026-07-20T22:57:21.194118+02:00 HOST-REDACTED-B systemd[2096]: steam-launcher.service: Got notification message from PID 144760, but reception is disabled
2026-07-20T22:57:21.203002+02:00 HOST-REDACTED-B systemd[2096]: steam-launcher.service: Got notification message from PID 144765, but reception is disabled
2026-07-20T22:57:22.064772+02:00 HOST-REDACTED-B rigsignal-agent[2152]: 2026-07-20T20:57:22.064752Z  INFO rigsignal_agent::session: No game detected — idle polling
2026-07-20T22:57:31.077633+02:00 HOST-REDACTED-B steam[2476]: reaping pid: 144466 -- IPC:CSteamEngin
2026-07-20T22:57:51.233546+02:00 HOST-REDACTED-B systemd[1]: systemd-timedated.service: Deactivated successfully.
2026-07-20T22:57:56.064754+02:00 HOST-REDACTED-B rigsignal-agent[2152]: 2026-07-20T20:57:56.064736Z  INFO rigsignal_agent::session: No game detected — idle polling
2026-07-20T22:58:29.064092+02:00 HOST-REDACTED-B rigsignal-agent[2152]: 2026-07-20T20:58:29.064070Z  INFO rigsignal_agent::session: No game detected — idle polling
2026-07-20T22:59:01.064046+02:00 HOST-REDACTED-B rigsignal-agent[2152]: 2026-07-20T20:59:01.064025Z  INFO rigsignal_agent::session: No game detected — idle polling
2026-07-20T22:59:25.256466+02:00 HOST-REDACTED-B iwd[2011]: invalid HE capabilities for MAC-REDACTED
2026-07-20T22:59:25.256466+02:00 HOST-REDACTED-B iwd[2011]: invalid HE capabilities for MAC-REDACTED
2026-07-20T22:59:25.257687+02:00 HOST-REDACTED-B iwd[2011]: invalid HE capabilities for MAC-REDACTED
2026-07-20T22:59:25.434378+02:00 HOST-REDACTED-B iwd[2011]: invalid HE capabilities for MAC-REDACTED
2026-07-20T22:59:25.434378+02:00 HOST-REDACTED-B iwd[2011]: invalid HE capabilities for MAC-REDACTED
2026-07-20T22:59:25.434416+02:00 HOST-REDACTED-B iwd[2011]: invalid HE capabilities for MAC-REDACTED
2026-07-20T22:59:35.064137+02:00 HOST-REDACTED-B rigsignal-agent[2152]: 2026-07-20T20:59:35.064112Z  INFO rigsignal_agent::session: No game detected — idle polling
2026-07-20T23:00:07.064084+02:00 HOST-REDACTED-B rigsignal-agent[2152]: 2026-07-20T21:00:07.064017Z  INFO rigsignal_agent::session: No game detected — idle polling
2026-07-20T23:00:40.064642+02:00 HOST-REDACTED-B rigsignal-agent[2152]: 2026-07-20T21:00:40.064616Z  INFO rigsignal_agent::session: No game detected — idle polling
2026-07-20T23:00:44.176380+02:00 HOST-REDACTED-B systemd[2096]: Starting Prune harvested RigSignal spool files older than 48h...
2026-07-20T23:00:44.694820+02:00 HOST-REDACTED-B rigsignal-spool-retention[144963]: deleted=143 bytes=1596874 skipped=76038 registry=/<USER-REDACTED>/elastic/elastic-agent-9.4.3-linux-x86_64/data/elastic-agent-1bfb56/run/filestream-default/registry/filebeat/log.json
2026-07-20T23:00:44.699955+02:00 HOST-REDACTED-B systemd[2096]: Finished Prune harvested RigSignal spool files older than 48h.
2026-07-20T23:01:13.064701+02:00 HOST-REDACTED-B rigsignal-agent[2152]: 2026-07-20T21:01:13.064649Z  INFO rigsignal_agent::session: No game detected — idle polling
2026-07-20T23:01:44.921924+02:00 HOST-REDACTED-B systemd-logind[1502]: The system will power off now!
2026-07-20T23:01:44.922146+02:00 HOST-REDACTED-B systemd-logind[1502]: System is powering down.
2026-07-20T23:01:44.925257+02:00 HOST-REDACTED-B steam[2476]: method return time=1784581304.925220 sender=:1.8 -> destination=:1.307 serial=863 reply_serial=2
2026-07-20T23:01:44.932459+02:00 HOST-REDACTED-B systemd[1]: Stopping Session 11 of User USER-REDACTED...
2026-07-20T23:01:44.932595+02:00 HOST-REDACTED-B sddm-helper[2138]: Signal received: SIGTERM
2026-07-20T23:01:44.932713+02:00 HOST-REDACTED-B sshd-session[4956]: error: mm_reap: preauth child terminated by signal 15
2026-07-20T23:01:44.932898+02:00 HOST-REDACTED-B systemd[1]: Stopping Session 2 of User USER-REDACTED...
2026-07-20T23:01:44.932809+02:00 HOST-REDACTED-B sshd-session[4956]: pam_unix(sshd:session): session closed for user USER-REDACTED
2026-07-20T23:01:44.933128+02:00 HOST-REDACTED-B systemd[1]: Removed slice Slice /system/getty.
2026-07-20T23:01:44.933412+02:00 HOST-REDACTED-B systemd[1]: Removed slice Slice /system/modprobe.
2026-07-20T23:01:44.933497+02:00 HOST-REDACTED-B systemd[1]: proc-sys-fs-binfmt_misc.automount: Deactivated successfully.
2026-07-20T23:01:44.933661+02:00 HOST-REDACTED-B systemd[1]: Unset automount Arbitrary Executable File Formats File System Automount Point.
2026-07-20T23:01:44.933775+02:00 HOST-REDACTED-B systemd[1]: Stopped target Bluetooth Support.
2026-07-20T23:01:44.933842+02:00 HOST-REDACTED-B systemd[1]: Stopped target Local Encrypted Volumes.
2026-07-20T23:01:44.933868+02:00 HOST-REDACTED-B sddm[2136]: Authentication error: SDDM::Auth::ERROR_INTERNAL "Process crashed"
2026-07-20T23:01:44.933885+02:00 HOST-REDACTED-B sddm[2136]: Auth: sddm-helper (--socket /tmp/sddm-auth-UUID-REDACTED --id 1 --start start-gamescope-session --user USER-REDACTED --autologin) crashed (exit code 1)
2026-07-20T23:01:44.933893+02:00 HOST-REDACTED-B sddm[2136]: Authentication error: SDDM::Auth::ERROR_INTERNAL "Process crashed"
2026-07-20T23:01:44.933901+02:00 HOST-REDACTED-B sddm[2136]: Auth: sddm-helper exited with 1
2026-07-20T23:01:44.933920+02:00 HOST-REDACTED-B systemd[1]: Stopped target Local Integrity Protected Volumes.
2026-07-20T23:01:44.934011+02:00 HOST-REDACTED-B systemd[1]: Stopped target Host and Network Name Lookups.
2026-07-20T23:01:44.934091+02:00 HOST-REDACTED-B systemd[1]: Stopped target Sound Card.
2026-07-20T23:01:44.934133+02:00 HOST-REDACTED-B systemd[1]: Stopped target SSH Access Available.
2026-07-20T23:01:44.934175+02:00 HOST-REDACTED-B systemd[1]: Stopped target SteamOS Offload.
2026-07-20T23:01:44.934223+02:00 HOST-REDACTED-B systemd[1]: Stopped target Timer Units.
2026-07-20T23:01:44.934247+02:00 HOST-REDACTED-B systemd[1]: mandoc.timer: Deactivated successfully.
2026-07-20T23:01:44.934290+02:00 HOST-REDACTED-B systemd[1]: Stopped Daily manpage database update.
2026-07-20T23:01:44.934335+02:00 HOST-REDACTED-B systemd[1]: shadow.timer: Deactivated successfully.
2026-07-20T23:01:44.934369+02:00 HOST-REDACTED-B systemd[1]: Stopped Daily verification of password and group files.
2026-07-20T23:01:44.934406+02:00 HOST-REDACTED-B systemd[1]: systemd-tmpfiles-clean.timer: Deactivated successfully.
2026-07-20T23:01:44.934442+02:00 HOST-REDACTED-B systemd[1]: Stopped Daily Cleanup of Temporary Directories.
2026-07-20T23:01:44.934507+02:00 HOST-REDACTED-B systemd[1]: Stopped target System Time Set.
2026-07-20T23:01:44.934564+02:00 HOST-REDACTED-B systemd[1]: Stopped target Trusted Platform Module.
2026-07-20T23:01:44.934626+02:00 HOST-REDACTED-B systemd[1]: Stopped target Local Verity Protected Volumes.
2026-07-20T23:01:44.934709+02:00 HOST-REDACTED-B systemd[1]: lvm2-lvmpolld.socket: Deactivated successfully.
2026-07-20T23:01:44.934778+02:00 HOST-REDACTED-B systemd[1]: Closed LVM2 poll daemon socket.
2026-07-20T23:01:44.934867+02:00 HOST-REDACTED-B systemd[1]: systemd-rfkill.socket: Deactivated successfully.
2026-07-20T23:01:44.934928+02:00 HOST-REDACTED-B systemd[1]: Closed Load/Save RF Kill Switch Status /dev/rfkill Watch.
2026-07-20T23:01:44.935450+02:00 HOST-REDACTED-B systemd[1]: Unmounting /esp...
2026-07-20T23:01:44.935648+02:00 HOST-REDACTED-B systemd[1]: Stopping Atomic Update Daemon...
2026-07-20T23:01:44.935773+02:00 HOST-REDACTED-B systemd[1]: Stopping Bluetooth service...
2026-07-20T23:01:44.935802+02:00 HOST-REDACTED-B systemd[1]: kdumpst-init.service: Deactivated successfully.
2026-07-20T23:01:44.935915+02:00 HOST-REDACTED-B systemd[1]: Stopped kdumpst loader boot-time service.
2026-07-20T23:01:44.936727+02:00 HOST-REDACTED-B bluetoothd[1458]: Terminating
2026-07-20T23:01:44.936915+02:00 HOST-REDACTED-B systemd[1]: Starting Generate shutdown-ramfs...
2026-07-20T23:01:44.937066+02:00 HOST-REDACTED-B systemd[1]: Stopping RAUC Update Service...
2026-07-20T23:01:44.937214+02:00 HOST-REDACTED-B systemd[1]: Stopping RealtimeKit Scheduling Policy Service...
2026-07-20T23:01:44.937233+02:00 HOST-REDACTED-B systemd[1]: steamos-boot.service: Deactivated successfully.
2026-07-20T23:01:44.937304+02:00 HOST-REDACTED-B rauc[3871]: stopping service
2026-07-20T23:01:44.937370+02:00 HOST-REDACTED-B systemd[1]: Stopped SteamOS Boot Registration.
2026-07-20T23:01:44.937484+02:00 HOST-REDACTED-B systemd[1]: Stopped target Graphical Interface.
2026-07-20T23:01:44.937553+02:00 HOST-REDACTED-B systemd[1]: Stopped target Multi-User System.
2026-07-20T23:01:44.937625+02:00 HOST-REDACTED-B systemd[1]: Stopped target Login Prompts.
2026-07-20T23:01:44.938079+02:00 HOST-REDACTED-B systemd[1]: Unmounting /efi...
2026-07-20T23:01:44.938255+02:00 HOST-REDACTED-B systemd[1]: Stopping Early OOM Daemon...
2026-07-20T23:01:44.938327+02:00 HOST-REDACTED-B avahi-daemon[1457]: Got SIGTERM, quitting.
2026-07-20T23:01:44.938362+02:00 HOST-REDACTED-B avahi-daemon[1457]: Leaving mDNS multicast group on interface enp6s0.IPv6 with address 2001:db8::1.
2026-07-20T23:01:44.938477+02:00 HOST-REDACTED-B avahi-daemon[1457]: Leaving mDNS multicast group on interface enp6s0.IPv4 with address IP-REDACTED.
2026-07-20T23:01:44.938617+02:00 HOST-REDACTED-B avahi-daemon[1457]: Leaving mDNS multicast group on interface lo.IPv6 with address ::1.
2026-07-20T23:01:44.938630+02:00 HOST-REDACTED-B avahi-daemon[1457]: Leaving mDNS multicast group on interface lo.IPv4 with address 127.0.0.1.
2026-07-20T23:01:44.938889+02:00 HOST-REDACTED-B systemd[1]: Stopping Avahi mDNS/DNS-SD Stack...
2026-07-20T23:01:44.938905+02:00 HOST-REDACTED-B systemd[1]: cec-sysconf.service: Deactivated successfully.
2026-07-20T23:01:44.939046+02:00 HOST-REDACTED-B avahi-daemon[1457]: avahi-daemon 0.8 exiting.
2026-07-20T23:01:44.939009+02:00 HOST-REDACTED-B systemd[1]: Stopped Hardware Specific CEC Configuration.
2026-07-20T23:01:44.939210+02:00 HOST-REDACTED-B systemd[1]: Stopping Service for enabling and controlling dmem cgroup limits for boosting foreground games, system-level...
2026-07-20T23:01:44.940307+02:00 HOST-REDACTED-B systemd[2096]: Stopped target Gamescope Session.
2026-07-20T23:01:44.940508+02:00 HOST-REDACTED-B dbus-broker[2960]: Dispatched 18 messages @ 4(±5)μs / message.
2026-07-20T23:01:44.940624+02:00 HOST-REDACTED-B systemd[2096]: Stopping Accessibility services bus...
2026-07-20T23:01:44.940852+02:00 HOST-REDACTED-B systemd[2096]: Stopping mangoapp...
2026-07-20T23:01:44.941004+02:00 HOST-REDACTED-B systemd[2096]: Stopping Xbindkeys for Gamescope session...
2026-07-20T23:01:44.941362+02:00 HOST-REDACTED-B systemd[2096]: Stopping Wrapper for Ibus...
2026-07-20T23:01:44.944529+02:00 HOST-REDACTED-B bluetoothd[1458]: src/device.c:device_disconnected() Unknown disconnection value: 21
2026-07-20T23:01:44.953666+02:00 HOST-REDACTED-B systemd[1]: Stopping GPU performance capture daemon...
2026-07-20T23:01:44.953691+02:00 HOST-REDACTED-B systemd[1]: pipewire-sysconf.service: Deactivated successfully.
2026-07-20T23:01:44.953741+02:00 HOST-REDACTED-B systemd[2096]: Stopping Steam Launcher...
2026-07-20T23:01:44.953809+02:00 HOST-REDACTED-B systemd[1]: Stopped Hardware Specific Pipewire Configuration.
2026-07-20T23:01:44.953911+02:00 HOST-REDACTED-B systemd[1]: plymouth-quit-wait.service: Deactivated successfully.
2026-07-20T23:01:44.953967+02:00 HOST-REDACTED-B systemd[2096]: Stopping Steam Notification Daemon...
2026-07-20T23:01:44.954001+02:00 HOST-REDACTED-B systemd[1]: Stopped Hold until boot process finishes up.
2026-07-20T23:01:44.954166+02:00 HOST-REDACTED-B systemd[2096]: Stopping Power Button daemon for SteamOS...
2026-07-20T23:01:44.954198+02:00 HOST-REDACTED-B systemd[1]: Stopping RigSignal eBPF kernel daemon...
2026-07-20T23:01:44.954376+02:00 HOST-REDACTED-B sshd[2078]: Received signal 15; terminating.
2026-07-20T23:01:44.954276+02:00 HOST-REDACTED-B sddm[2136]: Signal received: SIGTERM
2026-07-20T23:01:44.954321+02:00 HOST-REDACTED-B systemd[1]: Stopping Simple Desktop Display Manager...
2026-07-20T23:01:44.954613+02:00 HOST-REDACTED-B systemd[2096]: Stopping Portal service (gamescope implementation)...
2026-07-20T23:01:44.954737+02:00 HOST-REDACTED-B systemd[1]: Stopping OpenSSH Daemon...
2026-07-20T23:01:44.955444+02:00 HOST-REDACTED-B python[1471]: Received SIGUSR1, exiting.
2026-07-20T23:01:44.955444+02:00 HOST-REDACTED-B python[1471]: Shutting down the httpd server
2026-07-20T23:01:44.955790+02:00 HOST-REDACTED-B rigsignal-ebpf[5454]: 2026-07-20T21:01:44.954983Z  INFO rigsignal_ebpf: received SIGTERM — shutting down
2026-07-20T23:01:44.954754+02:00 HOST-REDACTED-B systemd[1]: steamos-cfs-debugfs-tunings.service: Deactivated successfully.
2026-07-20T23:01:44.956158+02:00 HOST-REDACTED-B steamos-manager[1484]: 2026-07-20T21:01:44.955461Z  INFO steamos_manager::daemon: Got SIGTERM, shutting down
2026-07-20T23:01:44.956158+02:00 HOST-REDACTED-B steamos-manager[1484]: 2026-07-20T21:01:44.955481Z  INFO steamos_manager::daemon: Shutting down
2026-07-20T23:01:44.956158+02:00 HOST-REDACTED-B steamos-manager[1484]: 2026-07-20T21:01:44.955505Z  INFO steamos_manager: Shutting down ds-inhibitor
2026-07-20T23:01:44.956158+02:00 HOST-REDACTED-B steamos-manager[1484]: 2026-07-20T21:01:44.955527Z  INFO steamos_manager: Shutting down sysfs-writer
2026-07-20T23:01:44.956158+02:00 HOST-REDACTED-B steamos-manager[1484]: 2026-07-20T21:01:44.955537Z  INFO steamos_manager: Shutting down ftrace
2026-07-20T23:01:44.956158+02:00 HOST-REDACTED-B steamos-manager[1484]: 2026-07-20T21:01:44.955554Z  INFO steamos_manager: Shutting down inputplumber
2026-07-20T23:01:44.956158+02:00 HOST-REDACTED-B steamos-manager[1484]: 2026-07-20T21:01:44.955604Z  INFO steamos_manager: Shutting down SLS log receiver
2026-07-20T23:01:44.957491+02:00 HOST-REDACTED-B rigsignal-ebpf[5454]: 2026-07-20T21:01:44.956133Z  INFO rigsignal_ebpf: rigsignal-ebpf stopped
2026-07-20T23:01:44.954888+02:00 HOST-REDACTED-B systemd[1]: Stopped set multiple CFS tunings in sched debugfs.
2026-07-20T23:01:44.955188+02:00 HOST-REDACTED-B systemd[1]: Stopping "SteamOS Devkit Service"...
2026-07-20T23:01:44.955215+02:00 HOST-REDACTED-B systemd[1]: steamos-dump-info.service: Deactivated successfully.
2026-07-20T23:01:44.955322+02:00 HOST-REDACTED-B systemd[1]: Stopped Append SteamOS info to kernel log.
2026-07-20T23:01:44.955480+02:00 HOST-REDACTED-B systemd[2096]: Stopping Portal service (Holo implementation)...
2026-07-20T23:01:44.955522+02:00 HOST-REDACTED-B systemd[1]: Stopping SteamOS Manager Daemon...
2026-07-20T23:01:44.955753+02:00 HOST-REDACTED-B systemd[2096]: Stopping flatpak document portal service...
2026-07-20T23:01:44.955986+02:00 HOST-REDACTED-B systemd[2096]: Stopping sandboxed app permission store...
2026-07-20T23:01:44.956627+02:00 HOST-REDACTED-B systemd[1]: Stopping Load/Save OS Random Seed...
2026-07-20T23:01:44.956776+02:00 HOST-REDACTED-B systemd[1]: Stopping Network Time Synchronization...
2026-07-20T23:01:44.956794+02:00 HOST-REDACTED-B systemd[1]: systemd-udev-load-credentials.service: Deactivated successfully.
2026-07-20T23:01:44.956912+02:00 HOST-REDACTED-B systemd[1]: Stopped Load udev Rules from Credentials.
2026-07-20T23:01:44.957076+02:00 HOST-REDACTED-B systemd[1]: systemd-update-done.service: Deactivated successfully.
2026-07-20T23:01:44.957172+02:00 HOST-REDACTED-B systemd[1]: Stopped Update is Completed.
2026-07-20T23:01:44.957270+02:00 HOST-REDACTED-B systemd[1]: ldconfig.service: Deactivated successfully.
2026-07-20T23:01:44.957369+02:00 HOST-REDACTED-B systemd[1]: Stopped Rebuild Dynamic Linker Cache.
2026-07-20T23:01:44.957459+02:00 HOST-REDACTED-B systemd[1]: systemd-journal-catalog-update.service: Deactivated successfully.
2026-07-20T23:01:44.957558+02:00 HOST-REDACTED-B systemd[1]: Stopped Rebuild Journal Catalog.
2026-07-20T23:01:44.958719+02:00 HOST-REDACTED-B systemd[1]: Stopping Record System Boot/Shutdown in UTMP...
2026-07-20T23:01:44.958841+02:00 HOST-REDACTED-B systemd[1]: Stopping Disk Manager...
2026-07-20T23:01:44.958963+02:00 HOST-REDACTED-B systemd[1]: Stopping Daemon for power management...
2026-07-20T23:01:44.958977+02:00 HOST-REDACTED-B systemd[1]: wireplumber-sysconf.service: Deactivated successfully.
2026-07-20T23:01:44.959087+02:00 HOST-REDACTED-B systemd[1]: Stopped Hardware Specific Wireplumber Configuration.
2026-07-20T23:01:44.962702+02:00 HOST-REDACTED-B systemd[1]: run-user-1000-doc.mount: Deactivated successfully.
2026-07-20T23:01:44.962804+02:00 HOST-REDACTED-B systemd[1]: Unmounted /run/user/1000/doc.
2026-07-20T23:01:44.962923+02:00 HOST-REDACTED-B systemd[1]: proc-sys-fs-binfmt_misc.mount: Deactivated successfully.
2026-07-20T23:01:44.964079+02:00 HOST-REDACTED-B python[1471]: done serving at port: 32000
2026-07-20T23:01:44.964079+02:00 HOST-REDACTED-B python[1471]: UnregisterService /org/freedesktop/resolve1/dnssd/HOST-REDACTED-B
2026-07-20T23:01:44.964509+02:00 HOST-REDACTED-B kernel: Bluetooth: hci0: ACL packet for unknown connection handle 1
2026-07-20T23:01:44.964173+02:00 HOST-REDACTED-B systemd[2096]: Stopped mangoapp.
2026-07-20T23:01:44.964382+02:00 HOST-REDACTED-B systemd[2096]: gamescope-mangoapp.service: Consumed 8min 14.849s CPU time, 42.2M memory peak.
2026-07-20T23:01:44.965207+02:00 HOST-REDACTED-B systemd[2096]: Stopped Xbindkeys for Gamescope session.
2026-07-20T23:01:44.965854+02:00 HOST-REDACTED-B systemd[2096]: Stopped Wrapper for Ibus.
2026-07-20T23:01:44.965914+02:00 HOST-REDACTED-B systemd[1]: earlyoom.service: Deactivated successfully.
2026-07-20T23:01:44.966294+02:00 HOST-REDACTED-B kernel: Bluetooth: hci0: ACL packet for unknown connection handle 1
2026-07-20T23:01:44.966120+02:00 HOST-REDACTED-B systemd[1]: Stopped Early OOM Daemon.
2026-07-20T23:01:44.966216+02:00 HOST-REDACTED-B systemd[2096]: steam-notif-daemon.service: Main process exited, code=exited, status=1/FAILURE
2026-07-20T23:01:44.966313+02:00 HOST-REDACTED-B systemd[2096]: steam-notif-daemon.service: Failed with result 'exit-code'.
2026-07-20T23:01:44.966555+02:00 HOST-REDACTED-B systemd[2096]: Stopped Steam Notification Daemon.
2026-07-20T23:01:44.966734+02:00 HOST-REDACTED-B systemd[1]: avahi-daemon.service: Deactivated successfully.
2026-07-20T23:01:44.966979+02:00 HOST-REDACTED-B systemd[1]: Stopped Avahi mDNS/DNS-SD Stack.
2026-07-20T23:01:44.967454+02:00 HOST-REDACTED-B systemd[1]: dmemcg-booster-system.service: Deactivated successfully.
2026-07-20T23:01:44.967979+02:00 HOST-REDACTED-B systemd[1]: Stopped Service for enabling and controlling dmem cgroup limits for boosting foreground games, system-level.
2026-07-20T23:01:44.968273+02:00 HOST-REDACTED-B kernel: Bluetooth: hci0: ACL packet for unknown connection handle 1
2026-07-20T23:01:44.968358+02:00 HOST-REDACTED-B systemd[1]: sshd.service: Deactivated successfully.
2026-07-20T23:01:44.968395+02:00 HOST-REDACTED-B systemd[2096]: Stopped sandboxed app permission store.
2026-07-20T23:01:44.968577+02:00 HOST-REDACTED-B systemd[1]: Stopped OpenSSH Daemon.
2026-07-20T23:01:44.968651+02:00 HOST-REDACTED-B systemd[1]: sshd.service: Consumed 1.060s CPU time, 14M memory peak.
2026-07-20T23:01:44.968938+02:00 HOST-REDACTED-B systemd[1]: systemd-timesyncd.service: Deactivated successfully.
2026-07-20T23:01:44.969383+02:00 HOST-REDACTED-B systemd[1]: Stopped Network Time Synchronization.
2026-07-20T23:01:44.969414+02:00 HOST-REDACTED-B systemd[2096]: Stopped Portal service (Holo implementation).
2026-07-20T23:01:44.969422+02:00 HOST-REDACTED-B udisksd[3536]: udisks daemon version 2.10.1 exiting
2026-07-20T23:01:44.970021+02:00 HOST-REDACTED-B systemd[2096]: Stopped Portal service (gamescope implementation).
2026-07-20T23:01:44.971065+02:00 HOST-REDACTED-B systemd[2096]: Stopped Accessibility services bus.
2026-07-20T23:01:44.971366+02:00 HOST-REDACTED-B systemd[1]: sddm.service: Deactivated successfully.
2026-07-20T23:01:44.971689+02:00 HOST-REDACTED-B systemd[1]: Stopped Simple Desktop Display Manager.
2026-07-20T23:01:44.972018+02:00 HOST-REDACTED-B systemd[1]: rtkit-daemon.service: Deactivated successfully.
2026-07-20T23:01:44.972253+02:00 HOST-REDACTED-B systemd[1]: Stopped RealtimeKit Scheduling Policy Service.
2026-07-20T23:01:44.972686+02:00 HOST-REDACTED-B systemd[1]: upower.service: Deactivated successfully.
2026-07-20T23:01:44.972878+02:00 HOST-REDACTED-B systemd[1]: Stopped Daemon for power management.
2026-07-20T23:01:44.972948+02:00 HOST-REDACTED-B systemd[1]: upower.service: Consumed 2.003s CPU time, 4.5M memory peak.
2026-07-20T23:01:44.974065+02:00 HOST-REDACTED-B systemd[1]: steamos-devkit-service.service: Deactivated successfully.
2026-07-20T23:01:44.974279+02:00 HOST-REDACTED-B systemd[1]: Stopped "SteamOS Devkit Service".
2026-07-20T23:01:44.974662+02:00 HOST-REDACTED-B systemd[1]: atomupd.service: Deactivated successfully.
2026-07-20T23:01:44.974852+02:00 HOST-REDACTED-B systemd[1]: Stopped Atomic Update Daemon.
2026-07-20T23:01:44.975178+02:00 HOST-REDACTED-B systemd[1]: rauc.service: Deactivated successfully.
2026-07-20T23:01:44.975273+02:00 HOST-REDACTED-B kernel: Bluetooth: hci0: ACL packet for unknown connection handle 1
2026-07-20T23:01:44.975493+02:00 HOST-REDACTED-B systemd[1]: Stopped RAUC Update Service.
2026-07-20T23:01:44.975895+02:00 HOST-REDACTED-B systemd[1]: udisks2.service: Deactivated successfully.
2026-07-20T23:01:44.976142+02:00 HOST-REDACTED-B systemd[1]: Stopped Disk Manager.
2026-07-20T23:01:44.976563+02:00 HOST-REDACTED-B systemd[1]: efi.mount: Deactivated successfully.
2026-07-20T23:01:44.976776+02:00 HOST-REDACTED-B systemd[1]: Unmounted /efi.
2026-07-20T23:01:44.977519+02:00 HOST-REDACTED-B systemd[1]: systemd-random-seed.service: Deactivated successfully.
2026-07-20T23:01:44.977760+02:00 HOST-REDACTED-B systemd[1]: Stopped Load/Save OS Random Seed.
2026-07-20T23:01:44.978184+02:00 HOST-REDACTED-B systemd[1]: systemd-update-utmp.service: Deactivated successfully.
2026-07-20T23:01:44.978428+02:00 HOST-REDACTED-B systemd[1]: Stopped Record System Boot/Shutdown in UTMP.
2026-07-20T23:01:44.979646+02:00 HOST-REDACTED-B systemd[1]: session-11.scope: Deactivated successfully.
2026-07-20T23:01:44.979871+02:00 HOST-REDACTED-B systemd[1]: Stopped Session 11 of User USER-REDACTED.
2026-07-20T23:01:44.984342+02:00 HOST-REDACTED-B systemd[2096]: Stopped flatpak document portal service.
2026-07-20T23:01:44.984500+02:00 HOST-REDACTED-B systemd[1]: esp.mount: Deactivated successfully.
2026-07-20T23:01:44.984727+02:00 HOST-REDACTED-B systemd[1]: Unmounted /esp.
2026-07-20T23:01:44.990517+02:00 HOST-REDACTED-B systemd[2096]: Stopped Power Button daemon for SteamOS.
2026-07-20T23:01:44.994283+02:00 HOST-REDACTED-B kernel: Bluetooth: hci0: ACL packet for unknown connection handle 1
2026-07-20T23:01:44.994338+02:00 HOST-REDACTED-B kernel: Bluetooth: hci0: ACL packet for unknown connection handle 1
2026-07-20T23:01:44.996765+02:00 HOST-REDACTED-B systemd[1]: plymouth-deactivate.service: Deactivated successfully.
2026-07-20T23:01:44.997281+02:00 HOST-REDACTED-B systemd[1]: Stopped Deactivate Plymouth Boot Screen.
2026-07-20T23:01:44.999277+02:00 HOST-REDACTED-B kernel: Bluetooth: hci0: ACL packet for unknown connection handle 1
2026-07-20T23:01:44.999613+02:00 HOST-REDACTED-B systemd[1]: Starting Show Plymouth Power Off Screen...
2026-07-20T23:01:44.999630+02:00 HOST-REDACTED-B systemd[1]: plymouth-quit.service: Deactivated successfully.
2026-07-20T23:01:44.999753+02:00 HOST-REDACTED-B systemd[1]: Stopped Terminate Plymouth Boot Screen.
2026-07-20T23:01:44.999864+02:00 HOST-REDACTED-B systemd[1]: steamos-post-update.service: Deactivated successfully.
2026-07-20T23:01:44.999978+02:00 HOST-REDACTED-B systemd[1]: Stopped Run tasks on the first boot after an OS update.
2026-07-20T23:01:45.000084+02:00 HOST-REDACTED-B systemd[1]: systemd-fsck@dev-disk-by\x2dpartsets-self-efi.service: Deactivated successfully.
2026-07-20T23:01:45.000203+02:00 HOST-REDACTED-B systemd[1]: Stopped File System Check on /dev/disk/by-partsets/self/efi.
2026-07-20T23:01:45.000323+02:00 HOST-REDACTED-B systemd[1]: systemd-fsck@dev-disk-by\x2dpartsets-shared-esp.service: Deactivated successfully.
2026-07-20T23:01:45.000434+02:00 HOST-REDACTED-B systemd[1]: Stopped File System Check on /dev/disk/by-partsets/shared/esp.
2026-07-20T23:01:45.004460+02:00 HOST-REDACTED-B systemd[2096]: Starting sandboxed app permission store...
2026-07-20T23:01:45.005785+02:00 HOST-REDACTED-B systemd-logind[1502]: Removed session 11.
2026-07-20T23:01:45.017146+02:00 HOST-REDACTED-B kernel: Bluetooth: hci0: ACL packet for unknown connection handle 1
2026-07-20T23:01:45.017193+02:00 HOST-REDACTED-B kernel: Bluetooth: hci0: ACL packet for unknown connection handle 1
2026-07-20T23:01:45.018585+02:00 HOST-REDACTED-B systemd[1]: Requested transaction contradicts existing jobs: Transaction for rtkit-daemon.service/start is destructive (dev-disk-by\x2ddiskseq-2.swap has 'stop' job queued, but 'start' is included in transaction).
2026-07-20T23:01:45.019178+02:00 HOST-REDACTED-B systemd[2096]: Stopped sandboxed app permission store.
2026-07-20T23:01:45.019707+02:00 HOST-REDACTED-B systemd[1]: steamos-manager.service: Deactivated successfully.
2026-07-20T23:01:45.019933+02:00 HOST-REDACTED-B systemd[1]: Stopped SteamOS Manager Daemon.
2026-07-20T23:01:45.020628+02:00 HOST-REDACTED-B USER-REDACTED[145113]: Gamescope Session Ended - Performing Final Cleanup
2026-07-20T23:01:45.021042+02:00 HOST-REDACTED-B systemd[1]: Stopping SteamOS log submitter service - sends error logs to Valve...
2026-07-20T23:01:45.021293+02:00 HOST-REDACTED-B kernel: Bluetooth: hci0: ACL packet for unknown connection handle 1
2026-07-20T23:01:45.021654+02:00 HOST-REDACTED-B systemd[1]: Received SIGRTMIN+20 from PID 145117 (plymouthd).
2026-07-20T23:01:45.023118+02:00 HOST-REDACTED-B systemd[1]: steamos-log-submitter.service: Deactivated successfully.
2026-07-20T23:01:45.023391+02:00 HOST-REDACTED-B systemd[1]: Stopped SteamOS log submitter service - sends error logs to Valve.
2026-07-20T23:01:45.038280+02:00 HOST-REDACTED-B kernel: Bluetooth: hci0: ACL packet for unknown connection handle 1
2026-07-20T23:01:45.038343+02:00 HOST-REDACTED-B kernel: Bluetooth: hci0: ACL packet for unknown connection handle 1
2026-07-20T23:01:45.043273+02:00 HOST-REDACTED-B kernel: Bluetooth: hci0: ACL packet for unknown connection handle 1
2026-07-20T23:01:45.045999+02:00 HOST-REDACTED-B gpu-trace[145048]: CRITICAL - Failed to setup logging
2026-07-20T23:01:45.056824+02:00 HOST-REDACTED-B systemd[1]: gpu-trace.service: Control process exited, code=exited, status=255/EXCEPTION
2026-07-20T23:01:45.058234+02:00 HOST-REDACTED-B systemd[1]: gpu-trace.service: Failed with result 'exit-code'.
2026-07-20T23:01:45.058467+02:00 HOST-REDACTED-B systemd[1]: Stopped GPU performance capture daemon.
2026-07-20T23:01:45.058609+02:00 HOST-REDACTED-B systemd[1]: gpu-trace.service: Consumed 1.124s CPU time, 64.5M memory peak.
2026-07-20T23:01:45.060272+02:00 HOST-REDACTED-B kernel: Bluetooth: hci0: ACL packet for unknown connection handle 1
2026-07-20T23:01:45.060309+02:00 HOST-REDACTED-B kernel: Bluetooth: hci0: ACL packet for unknown connection handle 1
2026-07-20T23:01:45.064433+02:00 HOST-REDACTED-B mkinitcpio[145045]: ==> Starting build: 'none'
2026-07-20T23:01:45.069227+02:00 HOST-REDACTED-B mkinitcpio[145045]:   -> Running build hook: [sd-shutdown]
2026-07-20T23:01:45.081281+02:00 HOST-REDACTED-B kernel: Bluetooth: hci0: ACL packet for unknown connection handle 1
2026-07-20T23:01:45.081330+02:00 HOST-REDACTED-B kernel: Bluetooth: hci0: ACL packet for unknown connection handle 1
2026-07-20T23:01:45.083274+02:00 HOST-REDACTED-B kernel: Bluetooth: hci0: ACL packet for unknown connection handle 1
2026-07-20T23:01:45.093611+02:00 HOST-REDACTED-B systemd[1]: Started Show Plymouth Power Off Screen.
2026-07-20T23:01:45.102279+02:00 HOST-REDACTED-B kernel: Bluetooth: hci0: ACL packet for unknown connection handle 1
2026-07-20T23:01:45.102344+02:00 HOST-REDACTED-B kernel: Bluetooth: hci0: ACL packet for unknown connection handle 1
2026-07-20T23:01:45.103274+02:00 HOST-REDACTED-B kernel: HDR SB:eb 02 00 60 88 08 39 c8 31 91 88 fe 1c df 0a 09
2026-07-20T23:01:45.103298+02:00 HOST-REDACTED-B kernel: HDR SB:3d 47 40 1f 03 00 00 1f 03 1f 03 00 00 00 00 00
2026-07-20T23:01:45.103327+02:00 HOST-REDACTED-B kernel: Bluetooth: hci0: ACL packet for unknown connection handle 1
2026-07-20T23:01:45.133792+02:00 HOST-REDACTED-B bluetoothd[1458]: Endpoint unregistered: sender=:1.161 path=/MediaEndpoint/A2DPSource/ldac
2026-07-20T23:01:45.133808+02:00 HOST-REDACTED-B bluetoothd[1458]: Endpoint unregistered: sender=:1.161 path=/MediaEndpoint/A2DPSink/aptx_hd
2026-07-20T23:01:45.133817+02:00 HOST-REDACTED-B bluetoothd[1458]: Endpoint unregistered: sender=:1.161 path=/MediaEndpoint/A2DPSource/aptx_hd
2026-07-20T23:01:45.133826+02:00 HOST-REDACTED-B bluetoothd[1458]: Endpoint unregistered: sender=:1.161 path=/MediaEndpoint/A2DPSink/aptx
2026-07-20T23:01:45.133835+02:00 HOST-REDACTED-B bluetoothd[1458]: Endpoint unregistered: sender=:1.161 path=/MediaEndpoint/A2DPSource/aptx
2026-07-20T23:01:45.133843+02:00 HOST-REDACTED-B bluetoothd[1458]: Endpoint unregistered: sender=:1.161 path=/MediaEndpoint/A2DPSink/aac
2026-07-20T23:01:45.133852+02:00 HOST-REDACTED-B bluetoothd[1458]: Endpoint unregistered: sender=:1.161 path=/MediaEndpoint/A2DPSource/aac
2026-07-20T23:01:45.133866+02:00 HOST-REDACTED-B bluetoothd[1458]: Endpoint unregistered: sender=:1.161 path=/MediaEndpoint/A2DPSink/opus_g
2026-07-20T23:01:45.133879+02:00 HOST-REDACTED-B bluetoothd[1458]: Endpoint unregistered: sender=:1.161 path=/MediaEndpoint/A2DPSource/opus_g
2026-07-20T23:01:45.133892+02:00 HOST-REDACTED-B bluetoothd[1458]: Endpoint unregistered: sender=:1.161 path=/MediaEndpoint/A2DPSink/sbc
2026-07-20T23:01:45.133906+02:00 HOST-REDACTED-B bluetoothd[1458]: Endpoint unregistered: sender=:1.161 path=/MediaEndpoint/A2DPSource/sbc
2026-07-20T23:01:45.133919+02:00 HOST-REDACTED-B bluetoothd[1458]: Endpoint unregistered: sender=:1.161 path=/MediaEndpoint/A2DPSource/aptx_ll_1
2026-07-20T23:01:45.133931+02:00 HOST-REDACTED-B bluetoothd[1458]: Endpoint unregistered: sender=:1.161 path=/MediaEndpoint/A2DPSource/aptx_ll_0
2026-07-20T23:01:45.133944+02:00 HOST-REDACTED-B bluetoothd[1458]: Endpoint unregistered: sender=:1.161 path=/MediaEndpoint/A2DPSource/aptx_ll_duplex_1
2026-07-20T23:01:45.133956+02:00 HOST-REDACTED-B bluetoothd[1458]: Endpoint unregistered: sender=:1.161 path=/MediaEndpoint/A2DPSource/aptx_ll_duplex_0
2026-07-20T23:01:45.133969+02:00 HOST-REDACTED-B bluetoothd[1458]: Endpoint unregistered: sender=:1.161 path=/MediaEndpoint/A2DPSource/faststream
2026-07-20T23:01:45.133982+02:00 HOST-REDACTED-B bluetoothd[1458]: Endpoint unregistered: sender=:1.161 path=/MediaEndpoint/A2DPSource/faststream_duplex
2026-07-20T23:01:45.133995+02:00 HOST-REDACTED-B bluetoothd[1458]: Endpoint unregistered: sender=:1.161 path=/MediaEndpoint/A2DPSink/opus_05
2026-07-20T23:01:45.134008+02:00 HOST-REDACTED-B bluetoothd[1458]: Endpoint unregistered: sender=:1.161 path=/MediaEndpoint/A2DPSource/opus_05
2026-07-20T23:01:45.134040+02:00 HOST-REDACTED-B bluetoothd[1458]: Endpoint unregistered: sender=:1.161 path=/MediaEndpoint/A2DPSink/opus_05_duplex
2026-07-20T23:01:45.134064+02:00 HOST-REDACTED-B bluetoothd[1458]: Endpoint unregistered: sender=:1.161 path=/MediaEndpoint/A2DPSource/opus_05_duplex
2026-07-20T23:01:45.135499+02:00 HOST-REDACTED-B dbus-broker[1454]: A security policy denied :1.7 to send method call /midi/profile:org.bluez.GattProfile1.Release to :1.162.
2026-07-20T23:01:45.135993+02:00 HOST-REDACTED-B bluetoothd[1458]: Battery Provider Manager destroyed
2026-07-20T23:01:45.136049+02:00 HOST-REDACTED-B bluetoothd[1458]: Stopping SDP server
2026-07-20T23:01:45.136070+02:00 HOST-REDACTED-B bluetoothd[1458]: Exit
2026-07-20T23:01:45.136726+02:00 HOST-REDACTED-B systemd[1]: bluetooth.service: Deactivated successfully.
2026-07-20T23:01:45.136943+02:00 HOST-REDACTED-B systemd[1]: Stopped Bluetooth service.
2026-07-20T23:01:45.137077+02:00 HOST-REDACTED-B systemd[1]: bluetooth.service: Consumed 25.651s CPU time, 3.8M memory peak.
2026-07-20T23:01:45.139492+02:00 HOST-REDACTED-B systemd[1]: Requested transaction contradicts existing jobs: Transaction for bluetooth.service/start is destructive (system-systemd\x2dfsck.slice has 'stop' job queued, but 'start' is included in transaction).
2026-07-20T23:01:45.177050+02:00 HOST-REDACTED-B systemd[1]: Requested transaction contradicts existing jobs: Transaction for upower.service/start is destructive (dev-zram0.swap has 'stop' job queued, but 'start' is included in transaction).
2026-07-20T23:01:45.180062+02:00 HOST-REDACTED-B systemd[1]: Requested transaction contradicts existing jobs: Transaction for upower.service/start is destructive (systemd-zram-setup@zram0.service has 'stop' job queued, but 'start' is included in transaction).
2026-07-20T23:01:45.187404+02:00 HOST-REDACTED-B gamescope-session[2307]: [gamescope] [Info]  wlserver: [libseat] [libseat/backend/logind.c:351] Disabling seat
2026-07-20T23:01:45.187404+02:00 HOST-REDACTED-B gamescope-session[2307]: [gamescope] [Info]  wlserver: Session paused
2026-07-20T23:01:45.200096+02:00 HOST-REDACTED-B gamescope-session[2307]: [gamescope] [Info]  drm: Connector HDMI-A-2 -> SAM - QCQ95S
2026-07-20T23:01:45.200137+02:00 HOST-REDACTED-B gamescope-session[2307]: [gamescope] [Info]  drm: [colorimetry]: EDID with colorimetry detected. Using it
2026-07-20T23:01:45.200137+02:00 HOST-REDACTED-B gamescope-session[2307]: [gamescope] [Info]  drm: [colorimetry]: r 0.698242 0.291992
2026-07-20T23:01:45.200137+02:00 HOST-REDACTED-B gamescope-session[2307]: [gamescope] [Info]  drm: [colorimetry]: g 0.254883 0.699219
2026-07-20T23:01:45.200137+02:00 HOST-REDACTED-B gamescope-session[2307]: [gamescope] [Info]  drm: [colorimetry]: b 0.148438 0.055664
2026-07-20T23:01:45.200137+02:00 HOST-REDACTED-B gamescope-session[2307]: [gamescope] [Info]  drm: [colorimetry]: w 0.312500 0.329102
2026-07-20T23:01:45.210230+02:00 HOST-REDACTED-B mkinitcpio[145045]: ==> Build complete.
2026-07-20T23:01:45.213298+02:00 HOST-REDACTED-B systemd[1]: mkinitcpio-generate-shutdown-ramfs.service: Deactivated successfully.
2026-07-20T23:01:45.213503+02:00 HOST-REDACTED-B systemd[1]: Finished Generate shutdown-ramfs.
2026-07-20T23:01:45.214950+02:00 HOST-REDACTED-B systemd[1]: Starting Tell Plymouth To Jump To initramfs...
2026-07-20T23:01:45.238307+02:00 HOST-REDACTED-B systemd[1]: Finished Tell Plymouth To Jump To initramfs.
2026-07-20T23:01:46.474884+02:00 HOST-REDACTED-B systemd[1]: rigsignal-ebpf.service: Deactivated successfully.
2026-07-20T23:01:46.475094+02:00 HOST-REDACTED-B systemd[1]: Stopped RigSignal eBPF kernel daemon.
2026-07-20T23:01:46.475226+02:00 HOST-REDACTED-B systemd[1]: rigsignal-ebpf.service: Consumed 1.200s CPU time, 37.6M memory peak.
2026-07-20T23:01:46.475491+02:00 HOST-REDACTED-B systemd[1]: Stopped target Network is Online.
2026-07-20T23:01:46.475564+02:00 HOST-REDACTED-B systemd[1]: NetworkManager-wait-online.service: Deactivated successfully.
2026-07-20T23:01:46.475659+02:00 HOST-REDACTED-B systemd[1]: Stopped Network Manager Wait Online.
2026-07-20T23:01:47.062829+02:00 HOST-REDACTED-B rigsignal-agent[2152]: 2026-07-20T21:01:47.062815Z  INFO rigsignal_agent::session: No game detected — idle polling
2026-07-20T23:01:47.655593+02:00 HOST-REDACTED-B steam[2476]: [2026-07-20 23:01:47] Shutdown
2026-07-20T23:01:47.856636+02:00 HOST-REDACTED-B steam-short-session-tracker[145280]: rm: cannot remove '/tmp/steamos-short-session-tracker': No such file or directory
2026-07-20T23:01:47.857307+02:00 HOST-REDACTED-B systemd[2096]: Stopped Steam Launcher.
2026-07-20T23:01:47.857422+02:00 HOST-REDACTED-B systemd[2096]: steam-launcher.service: Consumed 22min 41.222s CPU time, 2.5G memory peak.
2026-07-20T23:01:47.857810+02:00 HOST-REDACTED-B systemd[2096]: Stopping Portal service...
2026-07-20T23:01:47.862733+02:00 HOST-REDACTED-B systemd[2096]: Stopped Portal service.
2026-07-20T23:01:47.862851+02:00 HOST-REDACTED-B systemd[2096]: xdg-desktop-portal.service: Consumed 1.986s CPU time, 7.2M memory peak.
2026-07-20T23:01:47.863112+02:00 HOST-REDACTED-B systemd[2096]: Stopped target Current graphical user session.
2026-07-20T23:01:47.863483+02:00 HOST-REDACTED-B systemd[2096]: Stopping Gamescope Session...
2026-07-20T23:01:47.863555+02:00 HOST-REDACTED-B gamescope-session[2307]: [gamescope] [Error] drm: finish_drm: drmModeAtomicCommit failed: Permission denied
2026-07-20T23:01:47.871051+02:00 HOST-REDACTED-B gamescope-session[2307]: [gamescope] [Error] drm: drmModeRmFB failed: Bad file descriptor
2026-07-20T23:01:47.871099+02:00 HOST-REDACTED-B gamescope-session[2307]: [gamescope] [Error] drm: drmModeRmFB failed: Bad file descriptor
2026-07-20T23:01:47.871099+02:00 HOST-REDACTED-B gamescope-session[2307]: [gamescope] [Error] drm: drmModeRmFB failed: Bad file descriptor
2026-07-20T23:01:47.871099+02:00 HOST-REDACTED-B gamescope-session[2307]: [gamescope] [Error] drm: drmModeRmFB failed: Bad file descriptor
2026-07-20T23:01:47.915747+02:00 HOST-REDACTED-B drm_janitor[145286]: open() failed: Permission denied
2026-07-20T23:01:47.916183+02:00 HOST-REDACTED-B systemd[2096]: Stopped Gamescope Session.
2026-07-20T23:01:47.916292+02:00 HOST-REDACTED-B systemd[2096]: gamescope-session.service: Consumed 5min 48.974s CPU time, 352.3M memory peak.
2026-07-20T23:01:47.916680+02:00 HOST-REDACTED-B systemd[2096]: Stopped target Session services which should run early before the graphical session is brought up.
2026-07-20T23:01:47.918909+02:00 HOST-REDACTED-B USER-REDACTED[145288]: Gamescope Session Ended - Cleanup Complete
2026-07-20T23:01:47.919431+02:00 HOST-REDACTED-B systemd[1]: session-2.scope: Deactivated successfully.
2026-07-20T23:01:47.919646+02:00 HOST-REDACTED-B systemd[1]: Stopped Session 2 of User USER-REDACTED.
2026-07-20T23:01:47.920066+02:00 HOST-REDACTED-B systemd[1]: Stopping User Manager for UID 1000...
2026-07-20T23:01:47.920370+02:00 HOST-REDACTED-B systemd-logind[1502]: Removed session 2.
2026-07-20T23:01:47.920679+02:00 HOST-REDACTED-B systemd[2096]: Activating special unit Exit the Session...
2026-07-20T23:01:47.921857+02:00 HOST-REDACTED-B systemd[2096]: Removed slice Slice /app/dbus-:1.1-org.freedesktop.portal.IBus.
2026-07-20T23:01:47.921927+02:00 HOST-REDACTED-B systemd[2096]: Stopped target Main User Target.
2026-07-20T23:01:47.922068+02:00 HOST-REDACTED-B systemd[2096]: Closed Socket to launch DrKonqi for a systemd-coredump crash.
2026-07-20T23:01:47.922209+02:00 HOST-REDACTED-B systemd[2096]: Stopping Consumer Electronics Control (CEC) Daemon...
2026-07-20T23:01:47.922326+02:00 HOST-REDACTED-B systemd[2096]: Stopping dbus-:1.40-org.a11y.atspi.Registry@0.service...
2026-07-20T23:01:47.922521+02:00 HOST-REDACTED-B systemd[2096]: Stopping Service for enabling and controlling dmem cgroup limits for boosting foreground games, user-level...
2026-07-20T23:01:47.922904+02:00 HOST-REDACTED-B systemd[2096]: Stopping Elastic Agent (unprivileged)...
2026-07-20T23:01:47.923629+02:00 HOST-REDACTED-B systemd[2096]: Stopping PipeWire filter chain daemon...
2026-07-20T23:01:47.923785+02:00 HOST-REDACTED-B systemd[2096]: Stopping gamemoded...
2026-07-20T23:01:47.923930+02:00 HOST-REDACTED-B systemd[2096]: Stopping PipeWire PulseAudio...
2026-07-20T23:01:47.924021+02:00 HOST-REDACTED-B rigsignal-agent[2152]: 2026-07-20T21:01:47.923997Z  INFO rigsignal_agent: SIGTERM received — shutting down
2026-07-20T23:01:47.924075+02:00 HOST-REDACTED-B systemd[2096]: Stopping RigSignal metrics agent (user install)...
2026-07-20T23:01:47.924674+02:00 HOST-REDACTED-B steamos-manager[2229]: 2026-07-20T21:01:47.924247Z  INFO steamos_manager::daemon: Got SIGTERM, shutting down
2026-07-20T23:01:47.924674+02:00 HOST-REDACTED-B steamos-manager[2229]: 2026-07-20T21:01:47.924272Z  INFO steamos_manager::daemon: Shutting down
2026-07-20T23:01:47.924674+02:00 HOST-REDACTED-B steamos-manager[2229]: 2026-07-20T21:01:47.924293Z  INFO steamos_manager: Shutting down udev-monitor
2026-07-20T23:01:47.924674+02:00 HOST-REDACTED-B steamos-manager[2229]: 2026-07-20T21:01:47.924351Z  INFO steamos_manager: Shutting down cecd-listener
2026-07-20T23:01:47.924674+02:00 HOST-REDACTED-B steamos-manager[2229]: 2026-07-20T21:01:47.924345Z  INFO steamos_manager: Shutting down tdp-manager
2026-07-20T23:01:47.924674+02:00 HOST-REDACTED-B steamos-manager[2229]: 2026-07-20T21:01:47.924368Z  INFO steamos_manager: Shutting down session-manager
2026-07-20T23:01:47.924674+02:00 HOST-REDACTED-B steamos-manager[2229]: 2026-07-20T21:01:47.924372Z  INFO steamos_manager: Shutting down job-manager
2026-07-20T23:01:47.924674+02:00 HOST-REDACTED-B steamos-manager[2229]: 2026-07-20T21:01:47.924459Z  INFO steamos_manager: Shutting down signal-relay
2026-07-20T23:01:47.925034+02:00 HOST-REDACTED-B rigsignal-agent[2152]: 2026-07-20T21:01:47.924093Z  INFO rigsignal_agent: Shipping session summary (12006s, 12007 ticks)
2026-07-20T23:01:47.925034+02:00 HOST-REDACTED-B rigsignal-agent[2152]: 2026-07-20T21:01:47.924925Z  INFO rigsignal_agent: RigSignal agent stopped after 12007 ticks
2026-07-20T23:01:47.924223+02:00 HOST-REDACTED-B systemd[2096]: Stopping SteamOS Manager Daemon...
2026-07-20T23:01:47.925774+02:00 HOST-REDACTED-B systemd[2096]: Stopped PipeWire filter chain daemon.
2026-07-20T23:01:47.926235+02:00 HOST-REDACTED-B systemd[2096]: Stopped Service for enabling and controlling dmem cgroup limits for boosting foreground games, user-level.
2026-07-20T23:01:47.926791+02:00 HOST-REDACTED-B systemd[2096]: Stopped RigSignal metrics agent (user install).
2026-07-20T23:01:47.926851+02:00 HOST-REDACTED-B systemd[2096]: rigsignal-agent.service: Consumed 1min 27.039s CPU time, 115M memory peak.
2026-07-20T23:01:47.927239+02:00 HOST-REDACTED-B systemd[2096]: Stopped gamemoded.
2026-07-20T23:01:47.927644+02:00 HOST-REDACTED-B systemd[2096]: Stopped Consumer Electronics Control (CEC) Daemon.
2026-07-20T23:01:47.928331+02:00 HOST-REDACTED-B systemd[2096]: Stopped PipeWire PulseAudio.
2026-07-20T23:01:47.928384+02:00 HOST-REDACTED-B systemd[2096]: pipewire-pulse.service: Consumed 1min 3.614s CPU time, 25.5M memory peak.
2026-07-20T23:01:47.928764+02:00 HOST-REDACTED-B systemd[2096]: Stopped dbus-:1.40-org.a11y.atspi.Registry@0.service.
2026-07-20T23:01:47.929351+02:00 HOST-REDACTED-B systemd[2096]: Removed slice Slice /app/dbus-:1.40-org.a11y.atspi.Registry.
2026-07-20T23:01:47.929481+02:00 HOST-REDACTED-B systemd[2096]: Stopping Multimedia Service Session Manager...
2026-07-20T23:01:47.935684+02:00 HOST-REDACTED-B systemd[2096]: Stopped Multimedia Service Session Manager.
2026-07-20T23:01:47.935749+02:00 HOST-REDACTED-B systemd[2096]: wireplumber.service: Consumed 31.741s CPU time, 18.5M memory peak.
2026-07-20T23:01:47.935986+02:00 HOST-REDACTED-B systemd[2096]: Stopping PipeWire Multimedia Service...
2026-07-20T23:01:47.937217+02:00 HOST-REDACTED-B systemd[2096]: Stopped PipeWire Multimedia Service.
2026-07-20T23:01:47.937283+02:00 HOST-REDACTED-B systemd[2096]: pipewire.service: Consumed 49.997s CPU time, 49M memory peak.
2026-07-20T23:01:47.942749+02:00 HOST-REDACTED-B steamos-manager[2229]: 2026-07-20T21:01:47.942731Z  INFO steamos_manager: Shutting down screenreader-setup
2026-07-20T23:01:47.945110+02:00 HOST-REDACTED-B systemd[2096]: Stopped SteamOS Manager Daemon.
2026-07-20T23:01:48.127714+02:00 HOST-REDACTED-B systemd[2096]: Stopped Elastic Agent (unprivileged).
2026-07-20T23:01:48.127807+02:00 HOST-REDACTED-B systemd[2096]: elastic-agent.service: Consumed 38min 4.580s CPU time, 10.7G memory peak.
2026-07-20T23:01:48.128022+02:00 HOST-REDACTED-B systemd[2096]: Stopped target Basic System.
2026-07-20T23:01:48.128096+02:00 HOST-REDACTED-B systemd[2096]: Stopped target Paths.
2026-07-20T23:01:48.128198+02:00 HOST-REDACTED-B systemd[2096]: Stopped Submitting pending crash events (file monitor).
2026-07-20T23:01:48.128248+02:00 HOST-REDACTED-B systemd[2096]: Stopped target Sockets.
2026-07-20T23:01:48.128325+02:00 HOST-REDACTED-B systemd[2096]: Stopped target Timers.
2026-07-20T23:01:48.128391+02:00 HOST-REDACTED-B systemd[2096]: Stopped Hourly RigSignal spool retention.
2026-07-20T23:01:48.128511+02:00 HOST-REDACTED-B systemd[2096]: Closed HDMI CEC volume and mute control.
2026-07-20T23:01:48.128641+02:00 HOST-REDACTED-B systemd[2096]: Closed GnuPG network certificate management daemon.
2026-07-20T23:01:48.128767+02:00 HOST-REDACTED-B systemd[2096]: Closed GnuPG cryptographic agent and passphrase cache (access for web browsers).
2026-07-20T23:01:48.128893+02:00 HOST-REDACTED-B systemd[2096]: Closed GnuPG cryptographic agent and passphrase cache (restricted).
2026-07-20T23:01:48.129012+02:00 HOST-REDACTED-B systemd[2096]: Closed GnuPG cryptographic agent (ssh-agent emulation).
2026-07-20T23:01:48.129131+02:00 HOST-REDACTED-B systemd[2096]: Closed GnuPG cryptographic agent and passphrase cache.
2026-07-20T23:01:48.129246+02:00 HOST-REDACTED-B systemd[2096]: Closed GnuPG public key management service.
2026-07-20T23:01:48.129376+02:00 HOST-REDACTED-B systemd[2096]: Closed p11-kit server.
2026-07-20T23:01:48.129496+02:00 HOST-REDACTED-B systemd[2096]: Closed PipeWire PulseAudio.
2026-07-20T23:01:48.129614+02:00 HOST-REDACTED-B systemd[2096]: Closed PipeWire Multimedia System Sockets.
2026-07-20T23:01:48.129744+02:00 HOST-REDACTED-B dbus-broker[2147]: Dispatched 23330 messages @ 3(±4)μs / message.
2026-07-20T23:01:48.130271+02:00 HOST-REDACTED-B systemd[2096]: Stopping D-Bus User Message Bus...
2026-07-20T23:01:48.130659+02:00 HOST-REDACTED-B systemd[2096]: Stopped D-Bus User Message Bus.
2026-07-20T23:01:48.131075+02:00 HOST-REDACTED-B systemd[2096]: Removed slice User Core Session Slice.
2026-07-20T23:01:48.131084+02:00 HOST-REDACTED-B systemd[2096]: session.slice: Consumed 8min 29.052s CPU time, 515.7M memory peak.
2026-07-20T23:01:48.131302+02:00 HOST-REDACTED-B systemd[2096]: Closed D-Bus User Message Bus Socket.
2026-07-20T23:01:48.131466+02:00 HOST-REDACTED-B systemd[2096]: Removed slice User Application Slice.
2026-07-20T23:01:48.131475+02:00 HOST-REDACTED-B systemd[2096]: app.slice: Consumed 1h 10min 31.319s CPU time, 13.3G memory peak.
2026-07-20T23:01:48.131490+02:00 HOST-REDACTED-B systemd[2096]: Reached target Shutdown.
2026-07-20T23:01:48.131601+02:00 HOST-REDACTED-B systemd[2096]: Finished Exit the Session.
2026-07-20T23:01:48.131623+02:00 HOST-REDACTED-B systemd[2096]: Reached target Exit the Session.
2026-07-20T23:01:48.150964+02:00 HOST-REDACTED-B (sd-pam)[2110]: pam_unix(systemd-user:session): session closed for user USER-REDACTED
2026-07-20T23:01:48.151534+02:00 HOST-REDACTED-B systemd-logind[1502]: Removed session 1.
2026-07-20T23:01:48.152046+02:00 HOST-REDACTED-B systemd[1]: user@1000.service: Deactivated successfully.
2026-07-20T23:01:48.152357+02:00 HOST-REDACTED-B systemd[1]: Stopped User Manager for UID 1000.
2026-07-20T23:01:48.152525+02:00 HOST-REDACTED-B systemd[1]: user@1000.service: Consumed 1h 19min 722ms CPU time, 13.6G memory peak.
2026-07-20T23:01:48.218703+02:00 HOST-REDACTED-B systemd[1]: Stopping Permit User Sessions...
2026-07-20T23:01:48.219341+02:00 HOST-REDACTED-B systemd[1]: Stopping User Runtime Directory /run/user/1000...
2026-07-20T23:01:48.252057+02:00 HOST-REDACTED-B systemd[1]: systemd-user-sessions.service: Deactivated successfully.
2026-07-20T23:01:48.252238+02:00 HOST-REDACTED-B systemd[1]: Stopped Permit User Sessions.
2026-07-20T23:01:48.253475+02:00 HOST-REDACTED-B systemd[1]: run-user-1000.mount: Deactivated successfully.
2026-07-20T23:01:48.253519+02:00 HOST-REDACTED-B systemd[1]: Unmounted /run/user/1000.
2026-07-20T23:01:48.254171+02:00 HOST-REDACTED-B systemd[1]: user-runtime-dir@1000.service: Deactivated successfully.
2026-07-20T23:01:48.254328+02:00 HOST-REDACTED-B systemd[1]: Stopped User Runtime Directory /run/user/1000.
2026-07-20T23:01:48.255313+02:00 HOST-REDACTED-B systemd[1]: Removed slice User Slice of UID 1000.
2026-07-20T23:01:48.255395+02:00 HOST-REDACTED-B systemd[1]: user-1000.slice: Consumed 1h 20min 30.114s CPU time, 13.6G memory peak.
2026-07-20T23:01:48.255443+02:00 HOST-REDACTED-B systemd[1]: Stopped target Network.
2026-07-20T23:01:48.255521+02:00 HOST-REDACTED-B systemd[1]: Stopped target Remote File Systems.
2026-07-20T23:01:48.255685+02:00 HOST-REDACTED-B systemd[1]: Stopping Network Manager...
2026-07-20T23:01:48.255747+02:00 HOST-REDACTED-B NetworkManager[1878]: <info>  [1784581308.2557] caught SIGTERM, shutting down normally.
2026-07-20T23:01:48.255893+02:00 HOST-REDACTED-B systemd[1]: Stopping Wireless service...
2026-07-20T23:01:48.255956+02:00 HOST-REDACTED-B iwd[2011]: Terminate
2026-07-20T23:01:48.255956+02:00 HOST-REDACTED-B iwd[2011]: Removing scan context for wdev 2
2026-07-20T23:01:48.255960+02:00 HOST-REDACTED-B systemd[1]: steamos-create-homedir.service: Deactivated successfully.
2026-07-20T23:01:48.256091+02:00 HOST-REDACTED-B systemd[1]: Stopped Create UID 1000 homedir on first boot/after factory reset.
2026-07-20T23:01:48.256331+02:00 HOST-REDACTED-B systemd[1]: Stopping User Login Management...
2026-07-20T23:01:48.256480+02:00 HOST-REDACTED-B systemd[1]: Stopping Network Name Resolution...
2026-07-20T23:01:48.264524+02:00 HOST-REDACTED-B NetworkManager[1878]: <info>  [1784581308.2645] dhcp4 (enp6s0): canceled DHCP transaction
2026-07-20T23:01:48.264532+02:00 HOST-REDACTED-B NetworkManager[1878]: <info>  [1784581308.2645] dhcp4 (enp6s0): activation: beginning transaction (timeout in 45 seconds)
2026-07-20T23:01:48.264539+02:00 HOST-REDACTED-B NetworkManager[1878]: <info>  [1784581308.2645] dhcp4 (enp6s0): state changed no lease
2026-07-20T23:01:48.264646+02:00 HOST-REDACTED-B NetworkManager[1878]: <info>  [1784581308.2646] manager: NetworkManager state is now CONNECTED_SITE
2026-07-20T23:01:48.264757+02:00 HOST-REDACTED-B NetworkManager[1878]: <info>  [1784581308.2647] device (wlan0): state change: disconnected -> unmanaged (reason 'unmanaged-quitting', managed-type: 'full')
2026-07-20T23:01:48.266857+02:00 HOST-REDACTED-B systemd[1]: Requested transaction contradicts existing jobs: Transaction for NetworkManager-dispatcher.service/start is destructive (systemd-fsck@dev-disk-by\x2dpartsets-shared-home.service has 'stop' job queued, but 'start' is included in transaction).
2026-07-20T23:01:48.267792+02:00 HOST-REDACTED-B NetworkManager[1878]: <info>  [1784581308.2677] exiting (success)
2026-07-20T23:01:48.280712+02:00 HOST-REDACTED-B systemd[1]: systemd-resolved.service: Deactivated successfully.
2026-07-20T23:01:48.280894+02:00 HOST-REDACTED-B systemd[1]: Stopped Network Name Resolution.
2026-07-20T23:01:48.282229+02:00 HOST-REDACTED-B systemd[1]: systemd-logind.service: Deactivated successfully.
2026-07-20T23:01:48.282398+02:00 HOST-REDACTED-B systemd[1]: Stopped User Login Management.
2026-07-20T23:01:48.283454+02:00 HOST-REDACTED-B systemd[1]: systemd-sysctl.service: Deactivated successfully.
2026-07-20T23:01:48.283580+02:00 HOST-REDACTED-B systemd[1]: Stopped Apply Kernel Variables.
2026-07-20T23:01:48.283713+02:00 HOST-REDACTED-B systemd[1]: systemd-coredump.socket: Deactivated successfully.
2026-07-20T23:01:48.283786+02:00 HOST-REDACTED-B systemd[1]: Closed Process Core Dump Socket.
2026-07-20T23:01:48.283876+02:00 HOST-REDACTED-B systemd[1]: systemd-modules-load.service: Deactivated successfully.
2026-07-20T23:01:48.283952+02:00 HOST-REDACTED-B systemd[1]: Stopped Load Kernel Modules.
2026-07-20T23:01:48.288707+02:00 HOST-REDACTED-B systemd[1]: NetworkManager.service: Deactivated successfully.
2026-07-20T23:01:48.288912+02:00 HOST-REDACTED-B systemd[1]: Stopped Network Manager.
2026-07-20T23:01:49.257602+02:00 HOST-REDACTED-B iwd[2011]: D-Bus disconnected, quitting...
2026-07-20T23:01:49.258180+02:00 HOST-REDACTED-B systemd[1]: iwd.service: Deactivated successfully.
2026-07-20T23:01:49.258413+02:00 HOST-REDACTED-B systemd[1]: Stopped Wireless service.
2026-07-20T23:01:49.258570+02:00 HOST-REDACTED-B systemd[1]: iwd.service: Consumed 10.058s CPU time, 2.7M memory peak.
2026-07-20T23:01:49.260169+02:00 HOST-REDACTED-B systemd[1]: Stopped target Preparation for Network.
2026-07-20T23:01:49.260425+02:00 HOST-REDACTED-B systemd[1]: Stopping firewalld - dynamic firewall daemon...
2026-07-20T23:01:49.302591+02:00 HOST-REDACTED-B systemd[1]: firewalld.service: Deactivated successfully.
2026-07-20T23:01:49.302813+02:00 HOST-REDACTED-B systemd[1]: Stopped firewalld - dynamic firewall daemon.
2026-07-20T23:01:49.302928+02:00 HOST-REDACTED-B systemd[1]: firewalld.service: Consumed 456ms CPU time, 65.5M memory peak.
2026-07-20T23:01:49.303170+02:00 HOST-REDACTED-B systemd[1]: Stopping Authorization Manager...
2026-07-20T23:01:49.310661+02:00 HOST-REDACTED-B systemd[1]: polkit.service: Deactivated successfully.
2026-07-20T23:01:49.310863+02:00 HOST-REDACTED-B systemd[1]: Stopped Authorization Manager.
2026-07-20T23:01:49.312102+02:00 HOST-REDACTED-B systemd[1]: Stopped target Basic System.
2026-07-20T23:01:49.312257+02:00 HOST-REDACTED-B systemd[1]: Stopped target Path Units.
2026-07-20T23:01:49.312374+02:00 HOST-REDACTED-B systemd[1]: systemd-ask-password-wall.path: Deactivated successfully.
2026-07-20T23:01:49.312717+02:00 HOST-REDACTED-B systemd[1]: Stopped Forward Password Requests to Wall Directory Watch.
2026-07-20T23:01:49.312815+02:00 HOST-REDACTED-B systemd[1]: Stopped target Slice Units.
2026-07-20T23:01:49.313041+02:00 HOST-REDACTED-B systemd[1]: Removed slice User and Session Slice.
2026-07-20T23:01:49.313108+02:00 HOST-REDACTED-B systemd[1]: user.slice: Consumed 1h 20min 30.114s CPU time, 13.6G memory peak.
2026-07-20T23:01:49.313142+02:00 HOST-REDACTED-B systemd[1]: Stopped target Socket Units.
2026-07-20T23:01:49.313243+02:00 HOST-REDACTED-B systemd[1]: avahi-daemon.socket: Deactivated successfully.
2026-07-20T23:01:49.313321+02:00 HOST-REDACTED-B systemd[1]: Closed Avahi mDNS/DNS-SD Stack Activation Socket.
2026-07-20T23:01:49.313428+02:00 HOST-REDACTED-B systemd[1]: cups.socket: Deactivated successfully.
2026-07-20T23:01:49.313492+02:00 HOST-REDACTED-B systemd[1]: Closed CUPS Scheduler.
2026-07-20T23:01:49.313598+02:00 HOST-REDACTED-B systemd[1]: dirmngr@etc-pacman.d-gnupg.socket: Deactivated successfully.
2026-07-20T23:01:49.313665+02:00 HOST-REDACTED-B systemd[1]: Closed GnuPG network certificate management daemon for /etc/pacman.d/gnupg.
2026-07-20T23:01:49.313894+02:00 HOST-REDACTED-B systemd[1]: Removed slice Slice /system/dirmngr.
2026-07-20T23:01:49.313989+02:00 HOST-REDACTED-B systemd[1]: gpg-agent-browser@etc-pacman.d-gnupg.socket: Deactivated successfully.
2026-07-20T23:01:49.314055+02:00 HOST-REDACTED-B systemd[1]: Closed GnuPG cryptographic agent and passphrase cache (access for web browsers) for /etc/pacman.d/gnupg.
2026-07-20T23:01:49.314297+02:00 HOST-REDACTED-B systemd[1]: Removed slice Slice /system/gpg-agent-browser.
2026-07-20T23:01:49.314391+02:00 HOST-REDACTED-B systemd[1]: gpg-agent-extra@etc-pacman.d-gnupg.socket: Deactivated successfully.
2026-07-20T23:01:49.314455+02:00 HOST-REDACTED-B systemd[1]: Closed GnuPG cryptographic agent and passphrase cache (restricted) for /etc/pacman.d/gnupg.
2026-07-20T23:01:49.314676+02:00 HOST-REDACTED-B systemd[1]: Removed slice Slice /system/gpg-agent-extra.
2026-07-20T23:01:49.314766+02:00 HOST-REDACTED-B systemd[1]: gpg-agent-ssh@etc-pacman.d-gnupg.socket: Deactivated successfully.
2026-07-20T23:01:49.314827+02:00 HOST-REDACTED-B systemd[1]: Closed GnuPG cryptographic agent (ssh-agent emulation) for /etc/pacman.d/gnupg.
2026-07-20T23:01:49.315045+02:00 HOST-REDACTED-B systemd[1]: Removed slice Slice /system/gpg-agent-ssh.
2026-07-20T23:01:49.315135+02:00 HOST-REDACTED-B systemd[1]: gpg-agent@etc-pacman.d-gnupg.socket: Deactivated successfully.
2026-07-20T23:01:49.315198+02:00 HOST-REDACTED-B systemd[1]: Closed GnuPG cryptographic agent and passphrase cache for /etc/pacman.d/gnupg.
2026-07-20T23:01:49.315416+02:00 HOST-REDACTED-B systemd[1]: Removed slice Slice /system/gpg-agent.
2026-07-20T23:01:49.315503+02:00 HOST-REDACTED-B systemd[1]: keyboxd@etc-pacman.d-gnupg.socket: Deactivated successfully.
2026-07-20T23:01:49.315565+02:00 HOST-REDACTED-B systemd[1]: Closed GnuPG public key management service for /etc/pacman.d/gnupg.
2026-07-20T23:01:49.315776+02:00 HOST-REDACTED-B systemd[1]: Removed slice Slice /system/keyboxd.
2026-07-20T23:01:49.315865+02:00 HOST-REDACTED-B systemd[1]: sshd-unix-local.socket: Deactivated successfully.
2026-07-20T23:01:49.315924+02:00 HOST-REDACTED-B systemd[1]: Closed OpenSSH Server Socket (systemd-ssh-generator, AF_UNIX Local).
2026-07-20T23:01:49.316064+02:00 HOST-REDACTED-B systemd[1]: steam-web-debug-portforward.socket: Deactivated successfully.
2026-07-20T23:01:49.316241+02:00 HOST-REDACTED-B systemd[1]: Closed steam-web-debug-portforward.socket.
2026-07-20T23:01:49.316363+02:00 HOST-REDACTED-B systemd[1]: systemd-hostnamed.socket: Deactivated successfully.
2026-07-20T23:01:49.316424+02:00 HOST-REDACTED-B systemd[1]: Closed Hostname Service Socket.
2026-07-20T23:01:49.316526+02:00 HOST-REDACTED-B systemd[1]: systemd-importd.socket: Deactivated successfully.
2026-07-20T23:01:49.316583+02:00 HOST-REDACTED-B systemd[1]: Closed Disk Image Download Service Socket.
2026-07-20T23:01:49.316668+02:00 HOST-REDACTED-B systemd[1]: systemd-tmpfiles-setup.service: Deactivated successfully.
2026-07-20T23:01:49.316743+02:00 HOST-REDACTED-B systemd[1]: Stopped Create System Files and Directories.
2026-07-20T23:01:49.316849+02:00 HOST-REDACTED-B systemd[1]: Stopped target Local File Systems.
2026-07-20T23:01:49.316914+02:00 HOST-REDACTED-B systemd[1]: efi.automount: Deactivated successfully.
2026-07-20T23:01:49.316978+02:00 HOST-REDACTED-B systemd[1]: Unset automount efi.automount.
2026-07-20T23:01:49.317039+02:00 HOST-REDACTED-B systemd[1]: esp.automount: Deactivated successfully.
2026-07-20T23:01:49.317096+02:00 HOST-REDACTED-B systemd[1]: Unset automount esp.automount.
2026-07-20T23:01:49.317571+02:00 HOST-REDACTED-B systemd[1]: Unmounting SteamOS Offload - /nix...
2026-07-20T23:01:49.318006+02:00 HOST-REDACTED-B systemd[1]: Unmounting SteamOS Offload - /opt...
2026-07-20T23:01:49.318432+02:00 HOST-REDACTED-B systemd[1]: Unmounting SteamOS Offload - /root...
2026-07-20T23:01:49.318862+02:00 HOST-REDACTED-B systemd[1]: Unmounting SteamOS Offload - /srv...
2026-07-20T23:01:49.319296+02:00 HOST-REDACTED-B systemd[1]: Unmounting Temporary Directory /tmp...
2026-07-20T23:01:49.319741+02:00 HOST-REDACTED-B systemd[1]: Unmounting SteamOS Offload - /var/cache/pacman...
2026-07-20T23:01:49.340528+02:00 HOST-REDACTED-B systemd[1]: Unmounting SteamOS Offload - /var/lib/docker...
2026-07-20T23:01:49.341065+02:00 HOST-REDACTED-B systemd[1]: Unmounting SteamOS Offload - /var/lib/flatpak...
2026-07-20T23:01:49.341568+02:00 HOST-REDACTED-B systemd[1]: Unmounting SteamOS Offload - /var/lib/steamos-log-submitter...
2026-07-20T23:01:49.342047+02:00 HOST-REDACTED-B systemd[1]: Unmounting SteamOS Offload - /var/lib/systemd/coredump...
2026-07-20T23:01:49.342524+02:00 HOST-REDACTED-B systemd[1]: Unmounting SteamOS Offload - /var/tmp...
2026-07-20T23:01:49.342615+02:00 HOST-REDACTED-B systemd[1]: systemd-growfs@home.service: Deactivated successfully.
2026-07-20T23:01:49.342819+02:00 HOST-REDACTED-B systemd[1]: Stopped Grow File System on /home.
2026-07-20T23:01:49.343201+02:00 HOST-REDACTED-B systemd[1]: Removed slice Slice /system/systemd-growfs.
2026-07-20T23:01:49.343943+02:00 HOST-REDACTED-B systemd[1]: Stopping Flush Journal to Persistent Storage...
2026-07-20T23:01:49.343980+02:00 HOST-REDACTED-B systemd[1]: systemd-repart.service: Deactivated successfully.
2026-07-20T23:01:49.344097+02:00 HOST-REDACTED-B systemd[1]: Stopped Repartition Root Disk.
2026-07-20T23:01:49.349368+02:00 HOST-REDACTED-B systemd[1]: nix.mount: Deactivated successfully.
2026-07-20T23:01:49.349516+02:00 HOST-REDACTED-B systemd[1]: Unmounted SteamOS Offload - /nix.
