2026-07-21T08:49:12.713320+02:00 HOST-REDACTED-B jupiter-biosupdate[1397]: Performing BIOS updates
2026-07-21T08:49:12.713643+02:00 HOST-REDACTED-B systemd[1]: Starting Create UID 1000 homedir on first boot/after factory reset...
2026-07-21T08:49:12.714710+02:00 HOST-REDACTED-B systemd[1]: Started SteamOS log submitter service - sends error logs to Valve.
2026-07-21T08:49:12.716142+02:00 HOST-REDACTED-B systemd[1]: Starting SteamOS Manager Daemon...
2026-07-21T08:49:12.716369+02:00 HOST-REDACTED-B systemd[1]: Run tasks on the first boot after an OS update was skipped because of an unmet condition check (ConditionPathExists=/var/lib/steamos-atomupd/system-updated).
2026-07-21T08:49:12.717480+02:00 HOST-REDACTED-B systemd[1]: Starting Set default plasma global theme...
2026-07-21T08:49:12.717714+02:00 HOST-REDACTED-B systemd[1]: SteamOS Settings Importer was skipped because of an unmet condition check (ConditionPathIsDirectory=/efi/settings).
2026-07-21T08:49:12.718413+02:00 HOST-REDACTED-B unknown: SteamOS System Info: SteamOS
2026-07-21T08:49:12.718435+02:00 HOST-REDACTED-B root[1415]: Not all CFS debugfs settings applied successfuly
2026-07-21T08:49:12.720700+02:00 HOST-REDACTED-B systemd[1]: Starting User Login Management...
2026-07-21T08:49:12.720748+02:00 HOST-REDACTED-B systemd[1]: TPM PCR Barrier (User) was skipped because of an unmet condition check (ConditionSecurity=measured-uki).
2026-07-21T08:49:12.721021+02:00 HOST-REDACTED-B pipewire-hwconfig[1403]: Checking for wireplumber hardware profile matching asus, system product name
2026-07-21T08:49:12.721148+02:00 HOST-REDACTED-B pipewire-hwconfig[1403]: Installing pipewire hardware profile from '/usr/share/pipewire/hardware-profiles/default' in /run/pipewire
2026-07-21T08:49:12.721684+02:00 HOST-REDACTED-B jupiter-biosupdate[1397]: Skipping update due to unsupported hardware revision
2026-07-21T08:49:12.721942+02:00 HOST-REDACTED-B systemd[1]: Starting Hardware Specific Wireplumber Configuration...
2026-07-21T08:49:12.722801+02:00 HOST-REDACTED-B systemd[1]: Starting Update manpage database...
2026-07-21T08:49:12.724243+02:00 HOST-REDACTED-B systemd[1]: Started Verify integrity of password and group files.
2026-07-21T08:49:12.726284+02:00 HOST-REDACTED-B systemd[1]: Finished Hardware Specific CEC Configuration.
2026-07-21T08:49:12.726722+02:00 HOST-REDACTED-B systemd[1]: jupiter-biosupdate.service: Deactivated successfully.
2026-07-21T08:49:12.726913+02:00 HOST-REDACTED-B systemd[1]: Finished Jupiter BIOS Update Service.
2026-07-21T08:49:12.727476+02:00 HOST-REDACTED-B unknown: SteamOS System Info: Partition:
2026-07-21T08:49:12.727498+02:00 HOST-REDACTED-B unknown: B
2026-07-21T08:49:12.727511+02:00 HOST-REDACTED-B unknown: SteamOS System Info: Hardware identifiers:
2026-07-21T08:49:12.727381+02:00 HOST-REDACTED-B systemd[1]: Finished set multiple CFS tunings in sched debugfs.
2026-07-21T08:49:12.728531+02:00 HOST-REDACTED-B systemd[1]: Finished Create UID 1000 homedir on first boot/after factory reset.
2026-07-21T08:49:12.729149+02:00 HOST-REDACTED-B systemd[1]: steamos-set-plasma-theme.service: Deactivated successfully.
2026-07-21T08:49:12.729308+02:00 HOST-REDACTED-B systemd[1]: Finished Set default plasma global theme.
2026-07-21T08:49:12.729382+02:00 HOST-REDACTED-B unknown: SteamOS System Info:        board_identifier: SERIAL-REDACTED-1
2026-07-21T08:49:12.730936+02:00 HOST-REDACTED-B systemd[1]: mandoc.service: Deactivated successfully.
2026-07-21T08:49:12.731120+02:00 HOST-REDACTED-B systemd[1]: Finished Update manpage database.
2026-07-21T08:49:12.732732+02:00 HOST-REDACTED-B unknown: SteamOS System Info:        product_identifier: SERIAL-REDACTED-2
2026-07-21T08:49:12.733528+02:00 HOST-REDACTED-B pipewire-hwconfig[1449]: '/usr/share/pipewire/hardware-profiles/default/pipewire.conf.d/context-properties.conf' -> '/run/pipewire/pipewire.conf.d/context-properties.conf'
2026-07-21T08:49:12.735237+02:00 HOST-REDACTED-B (udev-worker)[618]: input25::kana: Process '/usr/bin/chown USER-REDACTED:USER-REDACTED '/sys/class/leds/input25::kana/effect'' failed with exit code 1.
2026-07-21T08:49:12.735385+02:00 HOST-REDACTED-B unknown: SteamOS System Info: Battery:
2026-07-21T08:49:12.735404+02:00 HOST-REDACTED-B unknown: SteamOS System Info:        No battery found!
2026-07-21T08:49:12.735417+02:00 HOST-REDACTED-B unknown: SteamOS System Info: Boot Config:
2026-07-21T08:49:12.735438+02:00 HOST-REDACTED-B (udev-worker)[654]: input25::capslock: Process '/usr/bin/chown USER-REDACTED:USER-REDACTED '/sys/class/leds/input25::capslock/enabled'' failed with exit code 1.
2026-07-21T08:49:12.735798+02:00 HOST-REDACTED-B (udev-worker)[644]: input25::scrolllock: Process '/usr/bin/chown USER-REDACTED:USER-REDACTED '/sys/class/leds/input25::scrolllock/effect'' failed with exit code 1.
2026-07-21T08:49:12.737040+02:00 HOST-REDACTED-B systemd[1]: Finished Hardware Specific Pipewire Configuration.
2026-07-21T08:49:12.737398+02:00 HOST-REDACTED-B (udev-worker)[629]: input25::numlock: Process '/usr/bin/chown USER-REDACTED:USER-REDACTED '/sys/class/leds/input25::numlock/enabled'' failed with exit code 1.
2026-07-21T08:49:12.737746+02:00 HOST-REDACTED-B avahi-daemon[1389]: Found user 'avahi' (UID 972) and group 'avahi' (GID 972).
2026-07-21T08:49:12.740147+02:00 HOST-REDACTED-B wireplumber-hwconfig[1434]: Checking for wireplumber hardware profile matching asus, system product name
2026-07-21T08:49:12.740381+02:00 HOST-REDACTED-B wireplumber-hwconfig[1434]: Installing wireplumber hardware profile from '/usr/share/wireplumber/hardware-profiles/default' in /run/wireplumber
2026-07-21T08:49:12.740866+02:00 HOST-REDACTED-B avahi-daemon[1389]: Successfully dropped root privileges.
2026-07-21T08:49:12.741040+02:00 HOST-REDACTED-B avahi-daemon[1389]: avahi-daemon 0.8 starting up.
2026-07-21T08:49:12.741185+02:00 HOST-REDACTED-B (udev-worker)[644]: input25::scrolllock: Process '/usr/bin/chown USER-REDACTED:USER-REDACTED '/sys/class/leds/input25::scrolllock/enabled'' failed with exit code 1.
2026-07-21T08:49:12.741297+02:00 HOST-REDACTED-B (udev-worker)[618]: input25::kana: Process '/usr/bin/chown USER-REDACTED:USER-REDACTED '/sys/class/leds/input25::kana/enabled'' failed with exit code 1.
2026-07-21T08:49:12.741861+02:00 HOST-REDACTED-B (udev-worker)[629]: input25::numlock: Process '/usr/bin/chown USER-REDACTED:USER-REDACTED '/sys/class/leds/input25::numlock/mode'' failed with exit code 1.
2026-07-21T08:49:12.743419+02:00 HOST-REDACTED-B (udev-worker)[654]: input25::capslock: Process '/usr/bin/chown USER-REDACTED:USER-REDACTED '/sys/class/leds/input25::capslock/mode'' failed with exit code 1.
2026-07-21T08:49:12.743465+02:00 HOST-REDACTED-B (udev-worker)[644]: input25::scrolllock: Process '/usr/bin/chown USER-REDACTED:USER-REDACTED '/sys/class/leds/input25::scrolllock/mode'' failed with exit code 1.
2026-07-21T08:49:12.743735+02:00 HOST-REDACTED-B (udev-worker)[618]: input25::kana: Process '/usr/bin/chown USER-REDACTED:USER-REDACTED '/sys/class/leds/input25::kana/mode'' failed with exit code 1.
2026-07-21T08:49:12.744146+02:00 HOST-REDACTED-B systemd[1]: Started Avahi mDNS/DNS-SD Stack.
2026-07-21T08:49:12.744194+02:00 HOST-REDACTED-B avahi-daemon[1389]: Successfully called chroot().
2026-07-21T08:49:12.744205+02:00 HOST-REDACTED-B avahi-daemon[1389]: Successfully dropped remaining capabilities.
2026-07-21T08:49:12.744311+02:00 HOST-REDACTED-B avahi-daemon[1389]: No service file found in /etc/avahi/services.
2026-07-21T08:49:12.744383+02:00 HOST-REDACTED-B unknown: SteamOS System Info:        A       boot-attempts        0
2026-07-21T08:49:12.744395+02:00 HOST-REDACTED-B avahi-daemon[1389]: *** WARNING: Detected another IPv4 mDNS stack running on this host. This makes mDNS unreliable and is thus not recommended. ***
2026-07-21T08:49:12.744420+02:00 HOST-REDACTED-B avahi-daemon[1389]: *** WARNING: Detected another IPv6 mDNS stack running on this host. This makes mDNS unreliable and is thus not recommended. ***
2026-07-21T08:49:12.744535+02:00 HOST-REDACTED-B avahi-daemon[1389]: Joining mDNS multicast group on interface lo.IPv6 with address ::1.
2026-07-21T08:49:12.744546+02:00 HOST-REDACTED-B avahi-daemon[1389]: New relevant interface lo.IPv6 for mDNS.
2026-07-21T08:49:12.744551+02:00 HOST-REDACTED-B avahi-daemon[1389]: Joining mDNS multicast group on interface lo.IPv4 with address 127.0.0.1.
2026-07-21T08:49:12.744559+02:00 HOST-REDACTED-B avahi-daemon[1389]: New relevant interface lo.IPv4 for mDNS.
2026-07-21T08:49:12.744562+02:00 HOST-REDACTED-B avahi-daemon[1389]: Network interface enumeration completed.
2026-07-21T08:49:12.744621+02:00 HOST-REDACTED-B avahi-daemon[1389]: Server startup complete. Host name is HOST-REDACTED-B.local. Local service cookie is 3925299166.
2026-07-21T08:49:12.749841+02:00 HOST-REDACTED-B steamos-manager[1411]: 2026-07-21T06:49:12.749795Z  INFO steamos_manager: Starting SLS log receiver
2026-07-21T08:49:12.750029+02:00 HOST-REDACTED-B steamos-manager[1411]: 2026-07-21T06:49:12.749865Z  INFO steamos_manager::daemon::config: No state file found, reloading default state
2026-07-21T08:49:12.750029+02:00 HOST-REDACTED-B steamos-manager[1411]: 2026-07-21T06:49:12.749983Z  INFO steamos_manager: No config file /usr/share/steamos-manager/system.d/config.toml found
2026-07-21T08:49:12.750029+02:00 HOST-REDACTED-B steamos-manager[1411]: 2026-07-21T06:49:12.750023Z  INFO steamos_manager: No config file /etc/steamos-manager/config.toml found
2026-07-21T08:49:12.750482+02:00 HOST-REDACTED-B unknown: SteamOS System Info:        A          boot-count        3
2026-07-21T08:49:12.751675+02:00 HOST-REDACTED-B (udev-worker)[644]: input25::scrolllock: Process '/usr/bin/chown USER-REDACTED:USER-REDACTED '/sys/class/leds/input25::scrolllock/multi_intensity'' failed with exit code 1.
2026-07-21T08:49:12.751742+02:00 HOST-REDACTED-B (udev-worker)[629]: input25::numlock: Process '/usr/bin/chown USER-REDACTED:USER-REDACTED '/sys/class/leds/input25::numlock/multi_intensity'' failed with exit code 1.
2026-07-21T08:49:12.751756+02:00 HOST-REDACTED-B bluetoothd[1390]: Bluetooth daemon 5.83
2026-07-21T08:49:12.752065+02:00 HOST-REDACTED-B (udev-worker)[654]: input25::capslock: Process '/usr/bin/chown USER-REDACTED:USER-REDACTED '/sys/class/leds/input25::capslock/multi_intensity'' failed with exit code 1.
2026-07-21T08:49:12.752454+02:00 HOST-REDACTED-B systemd[1]: Started Bluetooth service.
2026-07-21T08:49:12.752931+02:00 HOST-REDACTED-B bluetoothd[1390]: Starting SDP server
2026-07-21T08:49:12.752487+02:00 HOST-REDACTED-B (udev-worker)[618]: input25::kana: Process '/usr/bin/chown USER-REDACTED:USER-REDACTED '/sys/class/leds/input25::kana/multi_intensity'' failed with exit code 1.
2026-07-21T08:49:12.752671+02:00 HOST-REDACTED-B systemd[1]: Reached target Bluetooth Support.
2026-07-21T08:49:12.754269+02:00 HOST-REDACTED-B steamos-manager[1411]: 2026-07-21T06:49:12.754255Z  INFO steamos_manager: Starting ftrace
2026-07-21T08:49:12.754294+02:00 HOST-REDACTED-B steamos-manager[1411]: 2026-07-21T06:49:12.754273Z  INFO steamos_manager: Starting inputplumber
2026-07-21T08:49:12.754331+02:00 HOST-REDACTED-B steamos-manager[1411]: 2026-07-21T06:49:12.754324Z  INFO steamos_manager: Starting sysfs-writer
2026-07-21T08:49:12.754675+02:00 HOST-REDACTED-B (udev-worker)[629]: input25::numlock: Process '/usr/bin/chown USER-REDACTED:USER-REDACTED '/sys/class/leds/input25::numlock/multi_intensity_startup'' failed with exit code 1.
2026-07-21T08:49:12.754725+02:00 HOST-REDACTED-B steamos-manager[1411]: 2026-07-21T06:49:12.754712Z  INFO steamos_manager::inputplumber: Can't query initial InputPlumber devices: org.freedesktop.DBus.Error.ServiceUnknown: The name is not activatable
2026-07-21T08:49:12.754886+02:00 HOST-REDACTED-B (udev-worker)[654]: input25::capslock: Process '/usr/bin/chown USER-REDACTED:USER-REDACTED '/sys/class/leds/input25::capslock/multi_intensity_startup'' failed with exit code 1.
2026-07-21T08:49:12.755222+02:00 HOST-REDACTED-B steamos-manager[1411]: 2026-07-21T06:49:12.755063Z  INFO steamos_manager: Starting ds-inhibitor
2026-07-21T08:49:12.755530+02:00 HOST-REDACTED-B wireplumber-hwconfig[1516]: '/usr/share/wireplumber/hardware-profiles/default/wireplumber.conf.d/access.conf' -> '/run/wireplumber/wireplumber.conf.d/access.conf'
2026-07-21T08:49:12.755567+02:00 HOST-REDACTED-B (udev-worker)[644]: input25::scrolllock: Process '/usr/bin/chown USER-REDACTED:USER-REDACTED '/sys/class/leds/input25::scrolllock/multi_intensity_startup'' failed with exit code 1.
2026-07-21T08:49:12.756382+02:00 HOST-REDACTED-B unknown: SteamOS System Info:        A   boot-requested-at        20260720152911
2026-07-21T08:49:12.759403+02:00 HOST-REDACTED-B kernel: Bluetooth: BNEP (Ethernet Emulation) ver 1.3
2026-07-21T08:49:12.759433+02:00 HOST-REDACTED-B kernel: Bluetooth: BNEP filters: protocol multicast
2026-07-21T08:49:12.759450+02:00 HOST-REDACTED-B kernel: Bluetooth: BNEP socket layer initialized
2026-07-21T08:49:12.759135+02:00 HOST-REDACTED-B (udev-worker)[618]: input25::kana: Process '/usr/bin/chown USER-REDACTED:USER-REDACTED '/sys/class/leds/input25::kana/multi_intensity_startup'' failed with exit code 1.
2026-07-21T08:49:12.759269+02:00 HOST-REDACTED-B systemd[1]: Started SteamOS Manager Daemon.
2026-07-21T08:49:12.759814+02:00 HOST-REDACTED-B systemd[1]: vpower daemon was skipped because of an unmet condition check (ConditionPathExistsGlob=/sys/class/power_supply/BAT[0-9]).
2026-07-21T08:49:12.760140+02:00 HOST-REDACTED-B (udev-worker)[629]: input25::numlock: Process '/usr/bin/chown USER-REDACTED:USER-REDACTED '/sys/class/leds/input25::numlock/profile'' failed with exit code 1.
2026-07-21T08:49:12.760445+02:00 HOST-REDACTED-B (udev-worker)[644]: input25::scrolllock: Process '/usr/bin/chown USER-REDACTED:USER-REDACTED '/sys/class/leds/input25::scrolllock/profile'' failed with exit code 1.
2026-07-21T08:49:12.760774+02:00 HOST-REDACTED-B (udev-worker)[654]: input25::capslock: Process '/usr/bin/chown USER-REDACTED:USER-REDACTED '/sys/class/leds/input25::capslock/profile'' failed with exit code 1.
2026-07-21T08:49:12.761258+02:00 HOST-REDACTED-B bluetoothd[1390]: Bluetooth management interface 1.23 initialized
2026-07-21T08:49:12.761387+02:00 HOST-REDACTED-B kernel: Bluetooth: MGMT ver 1.23
2026-07-21T08:49:12.761440+02:00 HOST-REDACTED-B bluetoothd[1390]: Battery Provider Manager created
2026-07-21T08:49:12.763713+02:00 HOST-REDACTED-B unknown: SteamOS System Info:        A           boot-time        20260720153020
2026-07-21T08:49:12.764128+02:00 HOST-REDACTED-B wireplumber-hwconfig[1533]: '/usr/share/wireplumber/hardware-profiles/default/wireplumber.conf.d/alsa-loopback.conf' -> '/run/wireplumber/wireplumber.conf.d/alsa-loopback.conf'
2026-07-21T08:49:12.764323+02:00 HOST-REDACTED-B (udev-worker)[644]: input25::scrolllock: Process '/usr/bin/chown USER-REDACTED:USER-REDACTED '/sys/class/leds/input25::scrolllock/speed'' failed with exit code 1.
2026-07-21T08:49:12.764418+02:00 HOST-REDACTED-B (udev-worker)[618]: input25::kana: Process '/usr/bin/chown USER-REDACTED:USER-REDACTED '/sys/class/leds/input25::kana/profile'' failed with exit code 1.
2026-07-21T08:49:12.764756+02:00 HOST-REDACTED-B (udev-worker)[629]: input25::numlock: Process '/usr/bin/chown USER-REDACTED:USER-REDACTED '/sys/class/leds/input25::numlock/speed'' failed with exit code 1.
2026-07-21T08:49:12.765762+02:00 HOST-REDACTED-B systemd[1]: Starting Hostname Service...
2026-07-21T08:49:12.766706+02:00 HOST-REDACTED-B (udev-worker)[654]: input25::capslock: Process '/usr/bin/chown USER-REDACTED:USER-REDACTED '/sys/class/leds/input25::capslock/speed'' failed with exit code 1.
2026-07-21T08:49:12.768222+02:00 HOST-REDACTED-B (udev-worker)[644]: input25::scrolllock: Process '/usr/bin/chown USER-REDACTED:USER-REDACTED '/sys/class/leds/input25::scrolllock/delay'' failed with exit code 1.
2026-07-21T08:49:12.768391+02:00 HOST-REDACTED-B kernel: NET: Registered PF_ALG protocol family
2026-07-21T08:49:12.768592+02:00 HOST-REDACTED-B wireplumber-hwconfig[1550]: '/usr/share/wireplumber/hardware-profiles/default/wireplumber.conf.d/alsa-ps-controller.conf' -> '/run/wireplumber/wireplumber.conf.d/alsa-ps-controller.conf'
2026-07-21T08:49:12.769034+02:00 HOST-REDACTED-B (udev-worker)[618]: input25::kana: Process '/usr/bin/chown USER-REDACTED:USER-REDACTED '/sys/class/leds/input25::kana/speed'' failed with exit code 1.
2026-07-21T08:49:12.769636+02:00 HOST-REDACTED-B (udev-worker)[629]: input25::numlock: Process '/usr/bin/chown USER-REDACTED:USER-REDACTED '/sys/class/leds/input25::numlock/delay'' failed with exit code 1.
2026-07-21T08:49:12.771440+02:00 HOST-REDACTED-B (udev-worker)[654]: input25::capslock: Process '/usr/bin/chown USER-REDACTED:USER-REDACTED '/sys/class/leds/input25::capslock/delay'' failed with exit code 1.
2026-07-21T08:49:12.771738+02:00 HOST-REDACTED-B wireplumber-hwconfig[1557]: '/usr/share/wireplumber/hardware-profiles/default/wireplumber.conf.d/bluez.conf' -> '/run/wireplumber/wireplumber.conf.d/bluez.conf'
2026-07-21T08:49:12.772704+02:00 HOST-REDACTED-B (udev-worker)[618]: input25::kana: Process '/usr/bin/chown USER-REDACTED:USER-REDACTED '/sys/class/leds/input25::kana/delay'' failed with exit code 1.
2026-07-21T08:49:12.773448+02:00 HOST-REDACTED-B unknown: SteamOS System Info:        A             comment        [2026-07-20 17:30:20 +0200] bootconf mode: boot-ok
2026-07-21T08:49:12.774153+02:00 HOST-REDACTED-B wireplumber-hwconfig[1559]: '/usr/share/wireplumber/hardware-profiles/default/wireplumber.conf.d/component-rules.conf' -> '/run/wireplumber/wireplumber.conf.d/component-rules.conf'
2026-07-21T08:49:12.776705+02:00 HOST-REDACTED-B wireplumber-hwconfig[1564]: '/usr/share/wireplumber/hardware-profiles/default/wireplumber.conf.d/stream.conf' -> '/run/wireplumber/wireplumber.conf.d/stream.conf'
2026-07-21T08:49:12.777454+02:00 HOST-REDACTED-B unknown: SteamOS System Info:        A       image-invalid        0
2026-07-21T08:49:12.778679+02:00 HOST-REDACTED-B systemd-logind[1427]: Watching system buttons on /dev/input/event1 (Power Button)
2026-07-21T08:49:12.778700+02:00 HOST-REDACTED-B systemd-logind[1427]: Watching system buttons on /dev/input/event0 (Power Button)
2026-07-21T08:49:12.778719+02:00 HOST-REDACTED-B systemd-logind[1427]: Watching system buttons on /dev/input/event15 (Logitech K830)
2026-07-21T08:49:12.781332+02:00 HOST-REDACTED-B systemd[1]: Finished Hardware Specific Wireplumber Configuration.
2026-07-21T08:49:12.782382+02:00 HOST-REDACTED-B unknown: SteamOS System Info:        B       boot-attempts        1
2026-07-21T08:49:12.785387+02:00 HOST-REDACTED-B unknown: SteamOS System Info:        B          boot-count        16
2026-07-21T08:49:12.787472+02:00 HOST-REDACTED-B unknown: SteamOS System Info:        B   boot-requested-at        20260720174117
2026-07-21T08:49:12.789608+02:00 HOST-REDACTED-B systemd[1]: shadow.service: Deactivated successfully.
2026-07-21T08:49:12.791299+02:00 HOST-REDACTED-B systemd-logind[1427]: New seat seat0.
2026-07-21T08:49:12.791398+02:00 HOST-REDACTED-B unknown: SteamOS System Info:        B           boot-time        20260720174143
2026-07-21T08:49:12.794403+02:00 HOST-REDACTED-B unknown: SteamOS System Info:        B             comment        [2026-07-20 19:41:43 +0200] bootconf mode: boot-ok
2026-07-21T08:49:12.798389+02:00 HOST-REDACTED-B unknown: SteamOS System Info:        B       image-invalid        0
2026-07-21T08:49:12.799809+02:00 HOST-REDACTED-B systemd[1]: Finished Append SteamOS info to kernel log.
2026-07-21T08:49:12.800144+02:00 HOST-REDACTED-B systemd[1]: Started User Login Management.
2026-07-21T08:49:12.809489+02:00 HOST-REDACTED-B earlyoom[1387]: earlyoom 1.8.2
2026-07-21T08:49:12.809704+02:00 HOST-REDACTED-B earlyoom[1387]: Notifying through D-Bus
2026-07-21T08:49:12.809704+02:00 HOST-REDACTED-B earlyoom[1387]: Will avoid killing process names that match regex '(^|/)(init|systemd|Xorg|sshd)$'
2026-07-21T08:49:12.809704+02:00 HOST-REDACTED-B earlyoom[1387]: mem total: 31727 MiB, user mem total: 30863 MiB, swap total: 16887 MiB
2026-07-21T08:49:12.809704+02:00 HOST-REDACTED-B earlyoom[1387]: sending SIGTERM when mem avail <=  1.26% and swap free <=  2.37%,
2026-07-21T08:49:12.809704+02:00 HOST-REDACTED-B earlyoom[1387]:         SIGKILL when mem avail <=  0.95% and swap free <=  1.78%
2026-07-21T08:49:12.813806+02:00 HOST-REDACTED-B systemd[1]: Created slice User Slice of UID 1000.
2026-07-21T08:49:12.814722+02:00 HOST-REDACTED-B systemd[1]: Starting User Runtime Directory /run/user/1000...
2026-07-21T08:49:12.816281+02:00 HOST-REDACTED-B earlyoom[1387]: mem avail: 30740 of 30862 MiB (99.60%), swap free: 16887 of 16887 MiB (100.00%)
2026-07-21T08:49:12.828217+02:00 HOST-REDACTED-B systemd[1]: Started Hostname Service.
2026-07-21T08:49:12.832184+02:00 HOST-REDACTED-B systemd[1]: Finished User Runtime Directory /run/user/1000.
2026-07-21T08:49:12.843175+02:00 HOST-REDACTED-B gpu-trace[1395]: DEBUG - Daemon mode: True
2026-07-21T08:49:12.843906+02:00 HOST-REDACTED-B gpu-trace[1395]: DEBUG - Verbose output: False
2026-07-21T08:49:12.843952+02:00 HOST-REDACTED-B gpu-trace[1395]: DEBUG - Logfile: /var/log/gpu-trace-daemon.log
2026-07-21T08:49:12.843986+02:00 HOST-REDACTED-B gpu-trace[1395]: DEBUG - Output path: /gpu-trace.zip
2026-07-21T08:49:12.844041+02:00 HOST-REDACTED-B gpu-trace[1395]: DEBUG - Config file: /root/.config/gpu-trace/config.json
2026-07-21T08:49:12.844242+02:00 HOST-REDACTED-B gpu-trace[1395]: DEBUG - Found trace-cmd at /usr/bin/trace-cmd
2026-07-21T08:49:12.861846+02:00 HOST-REDACTED-B python[1405]: Username: USER-REDACTED
2026-07-21T08:49:12.864417+02:00 HOST-REDACTED-B python[1405]: serving at port: 32000
2026-07-21T08:49:12.864417+02:00 HOST-REDACTED-B python[1405]: machine name: HOST-REDACTED-B
2026-07-21T08:49:12.864417+02:00 HOST-REDACTED-B python[1405]: RegisterService HOST-REDACTED-B _steamos-devkit._tcp 32000
2026-07-21T08:49:12.865309+02:00 HOST-REDACTED-B systemd[1]: Starting Authorization Manager...
2026-07-21T08:49:12.865641+02:00 HOST-REDACTED-B systemd[1]: jupiter-fan-control.service: Deactivated successfully.
2026-07-21T08:49:12.902397+02:00 HOST-REDACTED-B gpu-trace[1395]: DEBUG - Found perf at /usr/bin/perf
2026-07-21T08:49:12.917434+02:00 HOST-REDACTED-B polkitd[1680]: Started polkitd version 126
2026-07-21T08:49:12.919461+02:00 HOST-REDACTED-B polkitd[1680]: Loading rules from directory /etc/polkit-1/rules.d
2026-07-21T08:49:12.919721+02:00 HOST-REDACTED-B polkitd[1680]: Loading rules from directory /run/polkit-1/rules.d
2026-07-21T08:49:12.919749+02:00 HOST-REDACTED-B polkitd[1680]: Error opening rules directory: Error opening directory “/run/polkit-1/rules.d”: No such file or directory (g-file-error-quark, 4)
2026-07-21T08:49:12.919962+02:00 HOST-REDACTED-B polkitd[1680]: Loading rules from directory /usr/local/share/polkit-1/rules.d
2026-07-21T08:49:12.919980+02:00 HOST-REDACTED-B polkitd[1680]: Error opening rules directory: Error opening directory “/usr/local/share/polkit-1/rules.d”: No such file or directory (g-file-error-quark, 4)
2026-07-21T08:49:12.920007+02:00 HOST-REDACTED-B polkitd[1680]: Loading rules from directory /usr/share/polkit-1/rules.d
2026-07-21T08:49:12.921522+02:00 HOST-REDACTED-B polkitd[1680]: Finished loading, compiling and executing 12 rules
2026-07-21T08:49:12.921726+02:00 HOST-REDACTED-B systemd[1]: Started Authorization Manager.
2026-07-21T08:49:12.921900+02:00 HOST-REDACTED-B polkitd[1680]: Acquired the name org.freedesktop.PolicyKit1 on the system bus
2026-07-21T08:49:12.970074+02:00 HOST-REDACTED-B python[1410]: <frozen runpy>:128: RuntimeWarning: 'steamos_log_submitter.daemon' found in sys.modules after import of package 'steamos_log_submitter', but prior to execution of 'steamos_log_submitter.daemon'; this may result in unpredictable behaviour
2026-07-21T08:49:12.971857+02:00 HOST-REDACTED-B python[1410]: /usr/lib/python3.13/site-packages/steamos_log_submitter/daemon.py:459: DeprecationWarning: There is no current event loop
2026-07-21T08:49:12.971857+02:00 HOST-REDACTED-B python[1410]:   loop = asyncio.get_event_loop()
2026-07-21T08:49:13.060557+02:00 HOST-REDACTED-B kernel: amdgpu 0000:09:00.0: [drm] REG_WAIT timeout 1us * 150000 tries - optc401_disable_crtc line:230
2026-07-21T08:49:13.063381+02:00 HOST-REDACTED-B kernel: snd_hda_intel 0000:09:00.1: bound 0000:09:00.0 (ops amdgpu_dm_audio_component_bind_ops [amdgpu])
2026-07-21T08:49:13.063609+02:00 HOST-REDACTED-B kernel: amdgpu 0000:09:00.0: amdgpu: [drm] PSR support 0, DC PSR ver -1, sink PSR ver 0 DPCD caps 0x0 su_y_granularity 0
2026-07-21T08:49:13.063763+02:00 HOST-REDACTED-B kernel: amdgpu 0000:09:00.0: amdgpu: [drm] PSR support 0, DC PSR ver -1, sink PSR ver 0 DPCD caps 0x0 su_y_granularity 0
2026-07-21T08:49:13.116383+02:00 HOST-REDACTED-B kernel: amdgpu 0000:09:00.0: amdgpu: [drm] PSR support 0, DC PSR ver -1, sink PSR ver 0 DPCD caps 0x0 su_y_granularity 0
2026-07-21T08:49:13.116613+02:00 HOST-REDACTED-B kernel: amdgpu 0000:09:00.0: amdgpu: program CP_MES_CNTL : 0x4000000
2026-07-21T08:49:13.116797+02:00 HOST-REDACTED-B kernel: amdgpu 0000:09:00.0: amdgpu: program CP_MES_CNTL : 0xc000000
2026-07-21T08:49:13.116975+02:00 HOST-REDACTED-B kernel: amdgpu 0000:09:00.0: amdgpu: MES FW version must be >= 0x82 to enable LR compute workaround.
2026-07-21T08:49:13.193387+02:00 HOST-REDACTED-B kernel: amdgpu: HMM registered 16304MB device memory
2026-07-21T08:49:13.194419+02:00 HOST-REDACTED-B kernel: kfd kfd: amdgpu: Allocated 3969056 bytes on gart
2026-07-21T08:49:13.194565+02:00 HOST-REDACTED-B kernel: kfd kfd: amdgpu: Total number of KFD nodes to be created: 1
2026-07-21T08:49:13.194663+02:00 HOST-REDACTED-B kernel: amdgpu: Virtual CRAT table created for GPU
2026-07-21T08:49:13.194672+02:00 HOST-REDACTED-B kernel: amdgpu: Topology: Add dGPU node [0x7590:0x1002]
2026-07-21T08:49:13.194679+02:00 HOST-REDACTED-B kernel: kfd kfd: amdgpu: added device 1002:7590
2026-07-21T08:49:13.194761+02:00 HOST-REDACTED-B kernel: amdgpu 0000:09:00.0: amdgpu: SE 2, SH per SE 2, CU per SH 8, active_cu_number 32
2026-07-21T08:49:13.194915+02:00 HOST-REDACTED-B kernel: amdgpu 0000:09:00.0: amdgpu: ring gfx_0.0.0 uses VM inv eng 0 on hub 0
2026-07-21T08:49:13.195057+02:00 HOST-REDACTED-B kernel: amdgpu 0000:09:00.0: amdgpu: ring comp_1.0.0 uses VM inv eng 1 on hub 0
2026-07-21T08:49:13.195199+02:00 HOST-REDACTED-B kernel: amdgpu 0000:09:00.0: amdgpu: ring comp_1.1.0 uses VM inv eng 4 on hub 0
2026-07-21T08:49:13.195339+02:00 HOST-REDACTED-B kernel: amdgpu 0000:09:00.0: amdgpu: ring comp_1.0.1 uses VM inv eng 6 on hub 0
2026-07-21T08:49:13.195491+02:00 HOST-REDACTED-B kernel: amdgpu 0000:09:00.0: amdgpu: ring comp_1.1.1 uses VM inv eng 7 on hub 0
2026-07-21T08:49:13.195635+02:00 HOST-REDACTED-B kernel: amdgpu 0000:09:00.0: amdgpu: ring sdma0 uses VM inv eng 8 on hub 0
2026-07-21T08:49:13.195774+02:00 HOST-REDACTED-B kernel: amdgpu 0000:09:00.0: amdgpu: ring sdma1 uses VM inv eng 9 on hub 0
2026-07-21T08:49:13.195911+02:00 HOST-REDACTED-B kernel: amdgpu 0000:09:00.0: amdgpu: ring vcn_unified_0 uses VM inv eng 0 on hub 8
2026-07-21T08:49:13.196048+02:00 HOST-REDACTED-B kernel: amdgpu 0000:09:00.0: amdgpu: ring jpeg_dec uses VM inv eng 1 on hub 8
2026-07-21T08:49:13.198386+02:00 HOST-REDACTED-B kernel: amdgpu 0000:09:00.0: amdgpu: Using BACO for runtime pm
2026-07-21T08:49:13.198592+02:00 HOST-REDACTED-B kernel: [drm] Initialized amdgpu 3.64.0 for 0000:09:00.0 on minor 0
2026-07-21T08:49:13.240391+02:00 HOST-REDACTED-B kernel: fbcon: amdgpudrmfb (fb0) is primary device
2026-07-21T08:49:13.240435+02:00 HOST-REDACTED-B kernel: Console: switching consoles 4-6 to colour frame buffer device 240x67
2026-07-21T08:49:13.240446+02:00 HOST-REDACTED-B kernel: amdgpu 0000:09:00.0: [drm] fb0: amdgpudrmfb frame buffer device
2026-07-21T08:49:13.250707+02:00 HOST-REDACTED-B systemd[1]: Started firewalld - dynamic firewall daemon.
2026-07-21T08:49:13.250997+02:00 HOST-REDACTED-B systemd[1]: Reached target Preparation for Network.
2026-07-21T08:49:13.252277+02:00 HOST-REDACTED-B systemd[1]: Starting Network Manager...
2026-07-21T08:49:13.285901+02:00 HOST-REDACTED-B NetworkManager[2042]: <info>  [1784616553.2858] NetworkManager (version 1.52.1-1.3) is starting... (boot:UUID-REDACTED)
2026-07-21T08:49:13.285910+02:00 HOST-REDACTED-B NetworkManager[2042]: <info>  [1784616553.2859] Read config: /etc/NetworkManager/NetworkManager.conf, /usr/lib/NetworkManager/conf.d/{10-steamos-defaults.conf,20-connectivity.conf}
2026-07-21T08:49:13.288862+02:00 HOST-REDACTED-B NetworkManager[2042]: <info>  [1784616553.2888] manager[0x556f1a5773b0]: monitoring kernel firmware directory '/lib/firmware'.
2026-07-21T08:49:13.290676+02:00 HOST-REDACTED-B NetworkManager[2042]: <info>  [1784616553.2906] hostname: hostname: using hostnamed
2026-07-21T08:49:13.290685+02:00 HOST-REDACTED-B NetworkManager[2042]: <info>  [1784616553.2906] hostname: static hostname changed from (none) to "HOST-REDACTED-B"
2026-07-21T08:49:13.290818+02:00 HOST-REDACTED-B NetworkManager[2042]: <info>  [1784616553.2908] dns-mgr: init: dns=systemd-resolved rc-manager=symlink, plugin=systemd-resolved
2026-07-21T08:49:13.292156+02:00 HOST-REDACTED-B NetworkManager[2042]: <info>  [1784616553.2921] rfkill1: found Wi-Fi radio killswitch (at /sys/devices/pci0000:00/0000:00:01.2/0000:02:00.2/0000:03:08.0/0000:05:00.0/ieee80211/phy0/rfkill1) (driver rtw89_8852be)
2026-07-21T08:49:13.292325+02:00 HOST-REDACTED-B NetworkManager[2042]: <info>  [1784616553.2923] manager[0x556f1a5773b0]: rfkill: Wi-Fi hardware radio set enabled
2026-07-21T08:49:13.292336+02:00 HOST-REDACTED-B NetworkManager[2042]: <info>  [1784616553.2923] manager[0x556f1a5773b0]: rfkill: WWAN hardware radio set enabled
2026-07-21T08:49:13.293436+02:00 HOST-REDACTED-B NetworkManager[2042]: <info>  [1784616553.2934] Loaded device plugin: NMAtmManager (/usr/lib/NetworkManager/1.52.1-1.3/libnm-device-plugin-adsl.so)
2026-07-21T08:49:13.296002+02:00 HOST-REDACTED-B NetworkManager[2042]: <info>  [1784616553.2959] Loaded device plugin: NMBluezManager (/usr/lib/NetworkManager/1.52.1-1.3/libnm-device-plugin-bluetooth.so)
2026-07-21T08:49:13.296544+02:00 HOST-REDACTED-B NetworkManager[2042]: <info>  [1784616553.2965] Loaded device plugin: NMOvsFactory (/usr/lib/NetworkManager/1.52.1-1.3/libnm-device-plugin-ovs.so)
2026-07-21T08:49:13.310781+02:00 HOST-REDACTED-B NetworkManager[2042]: <info>  [1784616553.3107] Loaded device plugin: NMTeamFactory (/usr/lib/NetworkManager/1.52.1-1.3/libnm-device-plugin-team.so)
2026-07-21T08:49:13.311474+02:00 HOST-REDACTED-B NetworkManager[2042]: <info>  [1784616553.3114] Loaded device plugin: NMWifiFactory (/usr/lib/NetworkManager/1.52.1-1.3/libnm-device-plugin-wifi.so)
2026-07-21T08:49:13.311716+02:00 HOST-REDACTED-B NetworkManager[2042]: <info>  [1784616553.3117] Loaded device plugin: NMWwanFactory (/usr/lib/NetworkManager/1.52.1-1.3/libnm-device-plugin-wwan.so)
2026-07-21T08:49:13.311883+02:00 HOST-REDACTED-B NetworkManager[2042]: <info>  [1784616553.3118] manager: rfkill: Wi-Fi enabled by radio killswitch; enabled by state file
2026-07-21T08:49:13.311920+02:00 HOST-REDACTED-B NetworkManager[2042]: <info>  [1784616553.3119] manager: rfkill: WWAN enabled by radio killswitch; enabled by state file
2026-07-21T08:49:13.311946+02:00 HOST-REDACTED-B NetworkManager[2042]: <info>  [1784616553.3119] manager: Networking is enabled by state file
2026-07-21T08:49:13.312141+02:00 HOST-REDACTED-B NetworkManager[2042]: <info>  [1784616553.3121] settings: Loaded settings plugin: keyfile (internal)
2026-07-21T08:49:13.312649+02:00 HOST-REDACTED-B NetworkManager[2042]: <info>  [1784616553.3126] dhcp: init: Using DHCP client 'internal'
2026-07-21T08:49:13.312808+02:00 HOST-REDACTED-B NetworkManager[2042]: <info>  [1784616553.3128] manager: (lo): new Loopback device (/org/freedesktop/NetworkManager/Devices/1)
2026-07-21T08:49:13.313500+02:00 HOST-REDACTED-B NetworkManager[2042]: <info>  [1784616553.3134] device (lo): state change: unmanaged -> unavailable (reason 'connection-assumed', managed-type: 'external')
2026-07-21T08:49:13.313694+02:00 HOST-REDACTED-B NetworkManager[2042]: <info>  [1784616553.3136] device (lo): state change: unavailable -> disconnected (reason 'connection-assumed', managed-type: 'external')
2026-07-21T08:49:13.313963+02:00 HOST-REDACTED-B NetworkManager[2042]: <info>  [1784616553.3139] device (lo): Activation: starting connection 'lo' (UUID-REDACTED)
2026-07-21T08:49:13.314484+02:00 HOST-REDACTED-B NetworkManager[2042]: <info>  [1784616553.3144] manager: (enp6s0): new Ethernet device (/org/freedesktop/NetworkManager/Devices/2)
2026-07-21T08:49:13.314919+02:00 HOST-REDACTED-B NetworkManager[2042]: <info>  [1784616553.3149] settings: (enp6s0): created default wired connection 'Wired connection 1'
2026-07-21T08:49:13.314940+02:00 HOST-REDACTED-B NetworkManager[2042]: <info>  [1784616553.3149] device (enp6s0): state change: unmanaged -> unavailable (reason 'managed', managed-type: 'external')
2026-07-21T08:49:13.315269+02:00 HOST-REDACTED-B systemd[1]: Starting Network Manager Script Dispatcher Service...
2026-07-21T08:49:13.332380+02:00 HOST-REDACTED-B kernel: [drm] pre_validate_dsc:1628 MST_DSC dsc precompute is not needed
2026-07-21T08:49:13.337496+02:00 HOST-REDACTED-B kernel: Realtek Internal NBASE-T PHY r8169-0-600:00: attached PHY driver (mii_bus:phy_addr=r8169-0-600:00, irq=MAC)
2026-07-21T08:49:13.341504+02:00 HOST-REDACTED-B systemd[1]: Started Network Manager Script Dispatcher Service.
2026-07-21T08:49:13.467386+02:00 HOST-REDACTED-B kernel: r8169 0000:06:00.0 enp6s0: Link is Down
2026-07-21T08:49:13.467608+02:00 HOST-REDACTED-B NetworkManager[2042]: <info>  [1784616553.4675] manager: (wlan0): new 802.11 Wi-Fi device (/org/freedesktop/NetworkManager/Devices/3)
2026-07-21T08:49:13.467770+02:00 HOST-REDACTED-B NetworkManager[2042]: <info>  [1784616553.4677] device (wlan0): state change: unmanaged -> unavailable (reason 'managed', managed-type: 'external')
2026-07-21T08:49:13.471077+02:00 HOST-REDACTED-B systemd[1]: Starting Wireless service...
2026-07-21T08:49:13.474130+02:00 HOST-REDACTED-B gpu-trace[1395]: INFO - Startup tracing is disabled
2026-07-21T08:49:13.474181+02:00 HOST-REDACTED-B gpu-trace[1395]: INFO - GPU Trace daemon ready
2026-07-21T08:49:13.572150+02:00 HOST-REDACTED-B iwd[2209]: Wireless daemon version 3.9
2026-07-21T08:49:13.572657+02:00 HOST-REDACTED-B systemd[1]: Started Wireless service.
2026-07-21T08:49:13.572810+02:00 HOST-REDACTED-B iwd[2209]: station: Network configuration is disabled.
2026-07-21T08:49:13.580898+02:00 HOST-REDACTED-B iwd[2209]: Wiphy: 0, Name: phy0
2026-07-21T08:49:13.580898+02:00 HOST-REDACTED-B iwd[2209]:         Permanent Address: MAC-REDACTED
2026-07-21T08:49:13.580898+02:00 HOST-REDACTED-B iwd[2209]:         2.4GHz Band:
2026-07-21T08:49:13.580898+02:00 HOST-REDACTED-B iwd[2209]:                 Bitrates (non-HT):
2026-07-21T08:49:13.580898+02:00 HOST-REDACTED-B iwd[2209]:                          1.0 Mbps
2026-07-21T08:49:13.580898+02:00 HOST-REDACTED-B iwd[2209]:                          2.0 Mbps
2026-07-21T08:49:13.580898+02:00 HOST-REDACTED-B iwd[2209]:                          5.5 Mbps
2026-07-21T08:49:13.580898+02:00 HOST-REDACTED-B iwd[2209]:                         11.0 Mbps
2026-07-21T08:49:13.580993+02:00 HOST-REDACTED-B iwd[2209]:                          6.0 Mbps
2026-07-21T08:49:13.580993+02:00 HOST-REDACTED-B iwd[2209]:                          9.0 Mbps
2026-07-21T08:49:13.580993+02:00 HOST-REDACTED-B iwd[2209]:                         12.0 Mbps
2026-07-21T08:49:13.580993+02:00 HOST-REDACTED-B iwd[2209]:                         18.0 Mbps
2026-07-21T08:49:13.580993+02:00 HOST-REDACTED-B iwd[2209]:                         24.0 Mbps
2026-07-21T08:49:13.580993+02:00 HOST-REDACTED-B iwd[2209]:                         36.0 Mbps
2026-07-21T08:49:13.580993+02:00 HOST-REDACTED-B iwd[2209]:                         48.0 Mbps
2026-07-21T08:49:13.580993+02:00 HOST-REDACTED-B iwd[2209]:                         54.0 Mbps
2026-07-21T08:49:13.580993+02:00 HOST-REDACTED-B iwd[2209]:                 HT Capabilities:
2026-07-21T08:49:13.580993+02:00 HOST-REDACTED-B iwd[2209]:                         HT40
2026-07-21T08:49:13.580993+02:00 HOST-REDACTED-B iwd[2209]:                         Short GI for 20Mhz
2026-07-21T08:49:13.580993+02:00 HOST-REDACTED-B iwd[2209]:                         Short GI for 40Mhz
2026-07-21T08:49:13.580993+02:00 HOST-REDACTED-B iwd[2209]:                 HT RX MCS indexes:
2026-07-21T08:49:13.580993+02:00 HOST-REDACTED-B iwd[2209]:                         0-15
2026-07-21T08:49:13.580993+02:00 HOST-REDACTED-B iwd[2209]:                         32
2026-07-21T08:49:13.580993+02:00 HOST-REDACTED-B iwd[2209]:                 HE Capabilities
2026-07-21T08:49:13.580993+02:00 HOST-REDACTED-B iwd[2209]:                         Interface Types: ap
2026-07-21T08:49:13.580993+02:00 HOST-REDACTED-B iwd[2209]:                         Max HE RX <= 80MHz MCS: 0-11 for NSS: 2
2026-07-21T08:49:13.580993+02:00 HOST-REDACTED-B iwd[2209]:                         Max HE TX <= 80MHz MCS: 0-11 for NSS: 2
2026-07-21T08:49:13.580993+02:00 HOST-REDACTED-B iwd[2209]:                         Interface Types: station
2026-07-21T08:49:13.580993+02:00 HOST-REDACTED-B iwd[2209]:                         Max HE RX <= 80MHz MCS: 0-11 for NSS: 2
2026-07-21T08:49:13.580993+02:00 HOST-REDACTED-B iwd[2209]:                         Max HE TX <= 80MHz MCS: 0-11 for NSS: 2
2026-07-21T08:49:13.580993+02:00 HOST-REDACTED-B iwd[2209]:         5GHz Band:
2026-07-21T08:49:13.580993+02:00 HOST-REDACTED-B iwd[2209]:                 Bitrates (non-HT):
2026-07-21T08:49:13.580993+02:00 HOST-REDACTED-B iwd[2209]:                          6.0 Mbps
2026-07-21T08:49:13.580993+02:00 HOST-REDACTED-B iwd[2209]:                          9.0 Mbps
2026-07-21T08:49:13.580993+02:00 HOST-REDACTED-B iwd[2209]:                         12.0 Mbps
2026-07-21T08:49:13.580993+02:00 HOST-REDACTED-B iwd[2209]:                         18.0 Mbps
2026-07-21T08:49:13.580993+02:00 HOST-REDACTED-B iwd[2209]:                         24.0 Mbps
2026-07-21T08:49:13.580993+02:00 HOST-REDACTED-B iwd[2209]:                         36.0 Mbps
2026-07-21T08:49:13.580993+02:00 HOST-REDACTED-B iwd[2209]:                         48.0 Mbps
2026-07-21T08:49:13.580993+02:00 HOST-REDACTED-B iwd[2209]:                         54.0 Mbps
2026-07-21T08:49:13.580993+02:00 HOST-REDACTED-B iwd[2209]:                 HT Capabilities:
2026-07-21T08:49:13.580993+02:00 HOST-REDACTED-B iwd[2209]:                         HT40
2026-07-21T08:49:13.580993+02:00 HOST-REDACTED-B iwd[2209]:                         Short GI for 20Mhz
2026-07-21T08:49:13.580993+02:00 HOST-REDACTED-B iwd[2209]:                         Short GI for 40Mhz
2026-07-21T08:49:13.580993+02:00 HOST-REDACTED-B iwd[2209]:                 HT RX MCS indexes:
2026-07-21T08:49:13.580993+02:00 HOST-REDACTED-B iwd[2209]:                         0-15
2026-07-21T08:49:13.580993+02:00 HOST-REDACTED-B iwd[2209]:                         32
2026-07-21T08:49:13.580993+02:00 HOST-REDACTED-B iwd[2209]:                 VHT Capabilities:
2026-07-21T08:49:13.580993+02:00 HOST-REDACTED-B iwd[2209]:                         Short GI for 80Mhz
2026-07-21T08:49:13.580993+02:00 HOST-REDACTED-B iwd[2209]:                         Max RX MCS: 0-9 for NSS: 2
2026-07-21T08:49:13.580993+02:00 HOST-REDACTED-B iwd[2209]:                         Max TX MCS: 0-9 for NSS: 2
2026-07-21T08:49:13.580993+02:00 HOST-REDACTED-B iwd[2209]:                 HE Capabilities
2026-07-21T08:49:13.580993+02:00 HOST-REDACTED-B iwd[2209]:                         Interface Types: ap
2026-07-21T08:49:13.580993+02:00 HOST-REDACTED-B iwd[2209]:                         Max HE RX <= 80MHz MCS: 0-11 for NSS: 2
2026-07-21T08:49:13.580993+02:00 HOST-REDACTED-B iwd[2209]:                         Max HE TX <= 80MHz MCS: 0-11 for NSS: 2
2026-07-21T08:49:13.580993+02:00 HOST-REDACTED-B iwd[2209]:                         Interface Types: station
2026-07-21T08:49:13.580993+02:00 HOST-REDACTED-B iwd[2209]:                         Max HE RX <= 80MHz MCS: 0-11 for NSS: 2
2026-07-21T08:49:13.580993+02:00 HOST-REDACTED-B iwd[2209]:                         Max HE TX <= 80MHz MCS: 0-11 for NSS: 2
2026-07-21T08:49:13.580993+02:00 HOST-REDACTED-B iwd[2209]:         Ciphers: BIP-CMAC-256 BIP-GMAC-256 BIP-GMAC-128 CCMP-256
2026-07-21T08:49:13.580993+02:00 HOST-REDACTED-B iwd[2209]:                  GCMP-256 GCMP-128 BIP-CMAC-128 CCMP-128
2026-07-21T08:49:13.580993+02:00 HOST-REDACTED-B iwd[2209]:                  TKIP
2026-07-21T08:49:13.580993+02:00 HOST-REDACTED-B iwd[2209]:         Supported iftypes: station ap p2p-client p2p-go
2026-07-21T08:49:13.581105+02:00 HOST-REDACTED-B systemd[1]: Started Network Manager.
2026-07-21T08:49:13.581145+02:00 HOST-REDACTED-B NetworkManager[2042]: <info>  [1784616553.5811] bus-manager: acquired D-Bus service "org.freedesktop.NetworkManager"
2026-07-21T08:49:13.581287+02:00 HOST-REDACTED-B systemd[1]: Reached target Network.
2026-07-21T08:49:13.581802+02:00 HOST-REDACTED-B NetworkManager[2042]: <info>  [1784616553.5817] ovsdb: disconnected from ovsdb
2026-07-21T08:49:13.581844+02:00 HOST-REDACTED-B NetworkManager[2042]: <info>  [1784616553.5818] device (lo): state change: disconnected -> prepare (reason 'none', managed-type: 'external')
2026-07-21T08:49:13.581982+02:00 HOST-REDACTED-B NetworkManager[2042]: <info>  [1784616553.5819] device (lo): state change: prepare -> config (reason 'none', managed-type: 'external')
2026-07-21T08:49:13.582079+02:00 HOST-REDACTED-B NetworkManager[2042]: <info>  [1784616553.5820] device (lo): state change: config -> ip-config (reason 'none', managed-type: 'external')
2026-07-21T08:49:13.582293+02:00 HOST-REDACTED-B systemd[1]: Starting Network Manager Wait Online...
2026-07-21T08:49:13.582340+02:00 HOST-REDACTED-B NetworkManager[2042]: <info>  [1784616553.5823] device (lo): state change: ip-config -> ip-check (reason 'none', managed-type: 'external')
2026-07-21T08:49:13.582899+02:00 HOST-REDACTED-B NetworkManager[2042]: <info>  [1784616553.5828] device (lo): state change: ip-check -> secondaries (reason 'none', managed-type: 'external')
2026-07-21T08:49:13.582954+02:00 HOST-REDACTED-B NetworkManager[2042]: <info>  [1784616553.5829] device (lo): state change: secondaries -> activated (reason 'none', managed-type: 'external')
2026-07-21T08:49:13.583119+02:00 HOST-REDACTED-B NetworkManager[2042]: <info>  [1784616553.5831] device (lo): Activation: successful, device activated.
2026-07-21T08:49:13.583244+02:00 HOST-REDACTED-B systemd[1]: Starting OpenSSH Daemon...
2026-07-21T08:49:13.584108+02:00 HOST-REDACTED-B systemd[1]: Starting Permit User Sessions...
2026-07-21T08:49:13.584954+02:00 HOST-REDACTED-B systemd[1]: Starting Copy wireless domain from self-managed phy to global kernel domain...
2026-07-21T08:49:13.595823+02:00 HOST-REDACTED-B systemd[1]: Finished Permit User Sessions.
2026-07-21T08:49:13.597104+02:00 HOST-REDACTED-B systemd[1]: Starting Deactivate Plymouth Boot Screen...
2026-07-21T08:49:13.598037+02:00 HOST-REDACTED-B systemd[1]: Starting Hold until boot process finishes up...
2026-07-21T08:49:13.598903+02:00 HOST-REDACTED-B systemd[1]: Starting Terminate Plymouth Boot Screen...
2026-07-21T08:49:13.599847+02:00 HOST-REDACTED-B systemd[1]: Starting User Manager for UID 1000...
2026-07-21T08:49:13.602651+02:00 HOST-REDACTED-B NetworkManager[2042]: <info>  [1784616553.6026] device (wlan0): state change: unavailable -> unmanaged (reason 'unmanaged-link-not-init', managed-type: 'removed')
2026-07-21T08:49:13.604759+02:00 HOST-REDACTED-B sshd[2368]: Server listening on 0.0.0.0 port 22.
2026-07-21T08:49:13.604787+02:00 HOST-REDACTED-B sshd[2368]: Server listening on :: port 22.
2026-07-21T08:49:13.604859+02:00 HOST-REDACTED-B systemd[1]: Started OpenSSH Daemon.
2026-07-21T08:49:13.605039+02:00 HOST-REDACTED-B systemd[1]: Reached target SSH Access Available.
2026-07-21T08:49:13.606278+02:00 HOST-REDACTED-B wireless-domain-setter[2372]: Early-exiting as we found no self-managed phy's
2026-07-21T08:49:13.606910+02:00 HOST-REDACTED-B systemd[1]: wireless-domain-setter.service: Deactivated successfully.
2026-07-21T08:49:13.607091+02:00 HOST-REDACTED-B systemd[1]: Finished Copy wireless domain from self-managed phy to global kernel domain.
2026-07-21T08:49:13.609728+02:00 HOST-REDACTED-B dbus-broker-launch[1337]: Activation request for 'org.freedesktop.home1' failed: The systemd unit 'dbus-org.freedesktop.home1.service' could not be found.
2026-07-21T08:49:13.612092+02:00 HOST-REDACTED-B (systemd)[2401]: pam_warn(systemd-user:setcred): function=[pam_sm_setcred] flags=0x8002 service=[systemd-user] terminal=[] user=[USER-REDACTED] ruser=[<unknown>] rhost=[<unknown>]
2026-07-21T08:49:13.614439+02:00 HOST-REDACTED-B (systemd)[2401]: pam_unix(systemd-user:session): session opened for user USER-REDACTED(uid=1000) by USER-REDACTED(uid=0)
2026-07-21T08:49:13.615920+02:00 HOST-REDACTED-B systemd-logind[1427]: New session 1 of user USER-REDACTED.
2026-07-21T08:49:13.688385+02:00 HOST-REDACTED-B kernel: amdgpu 0000:09:00.0: [drm] REG_WAIT timeout 1us * 150000 tries - optc401_disable_crtc line:230
2026-07-21T08:49:13.726581+02:00 HOST-REDACTED-B iwd[2209]: event: state, old: disconnected, new: autoconnect_quick
2026-07-21T08:49:13.727250+02:00 HOST-REDACTED-B NetworkManager[2042]: <info>  [1784616553.7272] manager: (wlan0): new 802.11 Wi-Fi device (/org/freedesktop/NetworkManager/Devices/4)
2026-07-21T08:49:13.727754+02:00 HOST-REDACTED-B NetworkManager[2042]: <info>  [1784616553.7277] device (wlan0): new IWD device state is disconnected
2026-07-21T08:49:13.732471+02:00 HOST-REDACTED-B NetworkManager[2042]: <info>  [1784616553.7324] device (wlan0): state change: unmanaged -> unavailable (reason 'managed', managed-type: 'external')
2026-07-21T08:49:13.733114+02:00 HOST-REDACTED-B NetworkManager[2042]: <info>  [1784616553.7330] device (wlan0): state change: unavailable -> disconnected (reason 'none', managed-type: 'full')
2026-07-21T08:49:13.785096+02:00 HOST-REDACTED-B systemd[1]: Received SIGRTMIN+21 from PID 217 (plymouthd).
2026-07-21T08:49:13.795197+02:00 HOST-REDACTED-B systemd[1]: Received SIGRTMIN+21 from PID 217 (plymouthd).
2026-07-21T08:49:13.796038+02:00 HOST-REDACTED-B systemd[1]: Finished Deactivate Plymouth Boot Screen.
2026-07-21T08:49:13.796443+02:00 HOST-REDACTED-B systemd[1]: Finished Hold until boot process finishes up.
2026-07-21T08:49:13.796824+02:00 HOST-REDACTED-B systemd[1]: Finished Terminate Plymouth Boot Screen.
2026-07-21T08:49:13.798465+02:00 HOST-REDACTED-B systemd[1]: Starting Jupiter Controller Firmware Update Service...
2026-07-21T08:49:13.819099+02:00 HOST-REDACTED-B jupiter-controller-update-with-splash[2627]: Device does not look like a Steam Deck, not attempting to flash any controllers
2026-07-21T08:49:13.819956+02:00 HOST-REDACTED-B systemd[1]: jupiter-controller-update.service: Deactivated successfully.
2026-07-21T08:49:13.820107+02:00 HOST-REDACTED-B systemd[1]: Finished Jupiter Controller Firmware Update Service.
2026-07-21T08:49:13.821054+02:00 HOST-REDACTED-B systemd[1]: Starting Simple Desktop Display Manager...
2026-07-21T08:49:13.824309+02:00 HOST-REDACTED-B systemd[2401]: Queued start job for default target Main User Target.
2026-07-21T08:49:13.840689+02:00 HOST-REDACTED-B iwd[2209]: udev interface=wlan0 ifindex=4
2026-07-21T08:49:13.843996+02:00 HOST-REDACTED-B rm[2642]: rm: cannot remove '/etc/sddm.conf.d/zzt-steamos-temp-login.conf': No such file or directory
2026-07-21T08:49:13.844322+02:00 HOST-REDACTED-B systemd[2401]: Created slice User Application Slice.
2026-07-21T08:49:13.844677+02:00 HOST-REDACTED-B systemd[2401]: Created slice User Core Session Slice.
2026-07-21T08:49:13.844882+02:00 HOST-REDACTED-B systemd[1]: Started Simple Desktop Display Manager.
2026-07-21T08:49:13.845155+02:00 HOST-REDACTED-B systemd[2401]: Started Submitting pending crash events (file monitor).
2026-07-21T08:49:13.845172+02:00 HOST-REDACTED-B systemd[2401]: Cleanup lingering KCrash metadata was skipped because of an unmet condition check (ConditionPathExistsGlob=/<USER-REDACTED>/.cache/kcrash-metadata/*.ini).
2026-07-21T08:49:13.845183+02:00 HOST-REDACTED-B systemd[2401]: Submitting pending crash events was skipped because of an unmet condition check (ConditionPathExistsGlob=/<USER-REDACTED>/.cache/drkonqi/sentry-envelopes/*).
2026-07-21T08:49:13.845336+02:00 HOST-REDACTED-B systemd[2401]: Started Hourly RigSignal spool retention.
2026-07-21T08:49:13.845352+02:00 HOST-REDACTED-B systemd[2401]: Reached target Paths.
2026-07-21T08:49:13.845400+02:00 HOST-REDACTED-B systemd[2401]: Reached target Timers.
2026-07-21T08:49:13.845482+02:00 HOST-REDACTED-B systemd[2401]: Listening on HDMI CEC volume and mute control.
2026-07-21T08:49:13.846028+02:00 HOST-REDACTED-B systemd[2401]: Starting D-Bus User Message Bus Socket...
2026-07-21T08:49:13.846102+02:00 HOST-REDACTED-B systemd[2401]: Listening on GnuPG network certificate management daemon.
2026-07-21T08:49:13.846740+02:00 HOST-REDACTED-B systemd[2401]: Listening on Socket to launch DrKonqi for a systemd-coredump crash.
2026-07-21T08:49:13.846790+02:00 HOST-REDACTED-B systemd[2401]: Listening on GnuPG cryptographic agent and passphrase cache (access for web browsers).
2026-07-21T08:49:13.846839+02:00 HOST-REDACTED-B systemd[2401]: Listening on GnuPG cryptographic agent and passphrase cache (restricted).
2026-07-21T08:49:13.846887+02:00 HOST-REDACTED-B systemd[2401]: Listening on GnuPG cryptographic agent (ssh-agent emulation).
2026-07-21T08:49:13.846933+02:00 HOST-REDACTED-B systemd[2401]: Listening on GnuPG cryptographic agent and passphrase cache.
2026-07-21T08:49:13.846986+02:00 HOST-REDACTED-B systemd[2401]: Listening on GnuPG public key management service.
2026-07-21T08:49:13.847079+02:00 HOST-REDACTED-B systemd[2401]: Listening on p11-kit server.
2026-07-21T08:49:13.847166+02:00 HOST-REDACTED-B systemd[2401]: Listening on PipeWire PulseAudio.
2026-07-21T08:49:13.847240+02:00 HOST-REDACTED-B systemd[2401]: Listening on PipeWire Multimedia System Sockets.
2026-07-21T08:49:13.854583+02:00 HOST-REDACTED-B systemd[2401]: Listening on D-Bus User Message Bus Socket.
2026-07-21T08:49:13.854631+02:00 HOST-REDACTED-B systemd[2401]: Reached target Sockets.
2026-07-21T08:49:13.855220+02:00 HOST-REDACTED-B systemd[2401]: Starting D-Bus User Message Bus...
2026-07-21T08:49:13.859998+02:00 HOST-REDACTED-B dbus-broker-launch[2680]: Service file '/usr/share//dbus-1/services/org.kde.dolphin.FileManager1.service' is not named after the D-Bus name 'org.freedesktop.FileManager1'.
2026-07-21T08:49:13.860204+02:00 HOST-REDACTED-B dbus-broker-launch[2680]: Service file '/usr/share//dbus-1/services/org.kde.kscreen.service' is not named after the D-Bus name 'org.kde.KScreen'.
2026-07-21T08:49:13.860282+02:00 HOST-REDACTED-B dbus-broker-launch[2680]: Service file '/usr/share//dbus-1/services/org.kde.plasma.Notifications.service' is not named after the D-Bus name 'org.freedesktop.Notifications'.
2026-07-21T08:49:13.860393+02:00 HOST-REDACTED-B dbus-broker-launch[2680]: Policy to allow eavesdropping in /usr/share/dbus-1/session.conf +31: Eavesdropping is deprecated and ignored
2026-07-21T08:49:13.860393+02:00 HOST-REDACTED-B dbus-broker-launch[2680]: Policy to allow eavesdropping in /usr/share/dbus-1/session.conf +33: Eavesdropping is deprecated and ignored
2026-07-21T08:49:13.860473+02:00 HOST-REDACTED-B systemd[2401]: Started D-Bus User Message Bus.
2026-07-21T08:49:13.861788+02:00 HOST-REDACTED-B systemd[2401]: Reached target Basic System.
2026-07-21T08:49:13.861852+02:00 HOST-REDACTED-B systemd[2401]: Cleanup lingering KCrash metadata was skipped because of an unmet condition check (ConditionPathExistsGlob=/<USER-REDACTED>/.cache/kcrash-metadata/*.ini).
2026-07-21T08:49:13.861890+02:00 HOST-REDACTED-B systemd[1]: Started User Manager for UID 1000.
2026-07-21T08:49:13.862412+02:00 HOST-REDACTED-B dbus-broker-launch[2680]: Ready
2026-07-21T08:49:13.862483+02:00 HOST-REDACTED-B systemd[2401]: Starting Elastic Agent (unprivileged)...
2026-07-21T08:49:13.863115+02:00 HOST-REDACTED-B systemd[2401]: Starting gamemoded...
2026-07-21T08:49:13.863808+02:00 HOST-REDACTED-B systemd[2401]: Started PipeWire Multimedia Service.
2026-07-21T08:49:13.864517+02:00 HOST-REDACTED-B systemd[2401]: Started RigSignal metrics agent (user install).
2026-07-21T08:49:13.865262+02:00 HOST-REDACTED-B systemd[2401]: Starting Prune harvested RigSignal spool files older than 48h...
2026-07-21T08:49:13.865982+02:00 HOST-REDACTED-B systemd[2401]: Started Multimedia Service Session Manager.
2026-07-21T08:49:13.866689+02:00 HOST-REDACTED-B systemd[2401]: Started PipeWire filter chain daemon.
2026-07-21T08:49:13.867358+02:00 HOST-REDACTED-B systemd[2401]: Starting Update XDG user dir configuration...
2026-07-21T08:49:13.868549+02:00 HOST-REDACTED-B systemd[2401]: Started gamemoded.
2026-07-21T08:49:13.872547+02:00 HOST-REDACTED-B systemd[2401]: Started Elastic Agent (unprivileged).
2026-07-21T08:49:13.873083+02:00 HOST-REDACTED-B systemd[2401]: Finished Update XDG user dir configuration.
2026-07-21T08:49:13.873461+02:00 HOST-REDACTED-B systemd[2401]: Reached target Main User Target.
2026-07-21T08:49:13.877953+02:00 HOST-REDACTED-B sddm[2667]: Initializing...
2026-07-21T08:49:13.880507+02:00 HOST-REDACTED-B sddm[2667]: Starting...
2026-07-21T08:49:13.880611+02:00 HOST-REDACTED-B sddm[2667]: Logind interface found
2026-07-21T08:49:13.881519+02:00 HOST-REDACTED-B sddm[2667]: Adding new display...
2026-07-21T08:49:13.881655+02:00 HOST-REDACTED-B sddm[2667]: Loaded empty theme configuration
2026-07-21T08:49:13.881761+02:00 HOST-REDACTED-B systemd[1]: Starting RealtimeKit Scheduling Policy Service...
2026-07-21T08:49:13.882119+02:00 HOST-REDACTED-B sddm[2667]: Using VT 1
2026-07-21T08:49:13.882129+02:00 HOST-REDACTED-B sddm[2667]: Display server started.
2026-07-21T08:49:13.882364+02:00 HOST-REDACTED-B sddm[2667]: Reading from "/usr/local/share/wayland-sessions/gamescope-wayland.desktop"
2026-07-21T08:49:13.882378+02:00 HOST-REDACTED-B sddm[2667]: Reading from "/usr/share/wayland-sessions/gamescope-wayland.desktop"
2026-07-21T08:49:13.882889+02:00 HOST-REDACTED-B sddm[2667]: Session "/usr/share/wayland-sessions/gamescope-wayland.desktop" selected, command: "start-gamescope-session" for VT 1
2026-07-21T08:49:13.892479+02:00 HOST-REDACTED-B systemd[1]: Started RealtimeKit Scheduling Policy Service.
2026-07-21T08:49:13.892992+02:00 HOST-REDACTED-B rtkit-daemon[2733]: Handling system-suspend using logind.
2026-07-21T08:49:13.895584+02:00 HOST-REDACTED-B sddm-helper[2737]: [PAM] Starting...
2026-07-21T08:49:13.895596+02:00 HOST-REDACTED-B sddm-helper[2737]: [PAM] Authenticating...
2026-07-21T08:49:13.895740+02:00 HOST-REDACTED-B sddm-helper[2737]: pam_kwallet5(sddm-autologin:auth): pam_kwallet5: pam_sm_authenticate
2026-07-21T08:49:13.895759+02:00 HOST-REDACTED-B sddm-helper[2737]: pam_kwallet5(sddm-autologin:auth): pam_kwallet5: Couldn't get password (it is empty)
2026-07-21T08:49:13.895766+02:00 HOST-REDACTED-B sddm-helper[2737]: [PAM] Preparing to converse...
2026-07-21T08:49:13.895773+02:00 HOST-REDACTED-B sddm-helper[2737]: [PAM] Conversation with 1 messages
2026-07-21T08:49:13.896438+02:00 HOST-REDACTED-B sddm-helper[2737]: pam_kwallet5(sddm-autologin:auth): pam_kwallet5: Empty or missing password, doing nothing
2026-07-21T08:49:13.897614+02:00 HOST-REDACTED-B sddm-helper[2737]: [PAM] returning.
2026-07-21T08:49:13.900926+02:00 HOST-REDACTED-B sddm[2667]: Authentication for user  "USER-REDACTED"  successful
2026-07-21T08:49:13.901033+02:00 HOST-REDACTED-B sddm-helper[2737]: pam_kwallet5(sddm-autologin:setcred): pam_kwallet5: pam_sm_setcred
2026-07-21T08:49:13.903711+02:00 HOST-REDACTED-B sddm-helper[2737]: pam_unix(sddm-autologin:session): session opened for user USER-REDACTED(uid=1000) by USER-REDACTED(uid=0)
2026-07-21T08:49:13.909751+02:00 HOST-REDACTED-B systemd-logind[1427]: New session 2 of user USER-REDACTED.
2026-07-21T08:49:13.919454+02:00 HOST-REDACTED-B systemd[1]: Started Session 2 of User USER-REDACTED.
2026-07-21T08:49:13.919941+02:00 HOST-REDACTED-B sddm-helper[2737]: pam_kwallet5(sddm-autologin:session): pam_kwallet5: pam_sm_open_session
2026-07-21T08:49:13.919967+02:00 HOST-REDACTED-B sddm-helper[2737]: pam_kwallet5(sddm-autologin:session): pam_kwallet5: open_session called without kwallet5_key
2026-07-21T08:49:13.921135+02:00 HOST-REDACTED-B sddm-helper[2737]: Starting Wayland user session: "/usr/share/sddm/scripts/wayland-session" "start-gamescope-session"
2026-07-21T08:49:13.921707+02:00 HOST-REDACTED-B sddm-helper[2792]: Jumping to VT 1
2026-07-21T08:49:13.921736+02:00 HOST-REDACTED-B sddm-helper[2792]: VT mode didn't need to be fixed
2026-07-21T08:49:13.923462+02:00 HOST-REDACTED-B sddm[2667]: Session started true
2026-07-21T08:49:13.963219+02:00 HOST-REDACTED-B rigsignal-spool-retention[2693]: skip: elastic-agent is not healthy
2026-07-21T08:49:13.971094+02:00 HOST-REDACTED-B systemd[2401]: Finished Prune harvested RigSignal spool files older than 48h.
2026-07-21T08:49:13.971252+02:00 HOST-REDACTED-B systemd[2401]: Startup finished in 350ms.
2026-07-21T08:49:14.008512+02:00 HOST-REDACTED-B systemd[2401]: Started Service for enabling and controlling dmem cgroup limits for boosting foreground games, user-level.
2026-07-21T08:49:14.009229+02:00 HOST-REDACTED-B systemd[2401]: Starting SteamOS Manager cecd configurator...
2026-07-21T08:49:14.009849+02:00 HOST-REDACTED-B systemd[2401]: Starting SteamOS Manager Daemon...
2026-07-21T08:49:14.010738+02:00 HOST-REDACTED-B systemd[2401]: Started Power Button daemon for SteamOS.
2026-07-21T08:49:14.017682+02:00 HOST-REDACTED-B kdumpst-load.sh[1558]: ==> WARNING: Possibly missing firmware for module: 'xhci_pci_renesas'
2026-07-21T08:49:14.031881+02:00 HOST-REDACTED-B systemd[2401]: Finished SteamOS Manager cecd configurator.
2026-07-21T08:49:14.032993+02:00 HOST-REDACTED-B systemd[2401]: Starting Consumer Electronics Control (CEC) Daemon...
2026-07-21T08:49:14.045639+02:00 HOST-REDACTED-B systemd[2401]: Started Consumer Electronics Control (CEC) Daemon.
2026-07-21T08:49:14.046872+02:00 HOST-REDACTED-B steamos-manager[2880]: 2026-07-21T06:49:14.046854Z  WARN steamos_manager::manager::user: Can't add GpuPerformanceLevel1 interface: No GPU power profile driver configured
2026-07-21T08:49:14.046872+02:00 HOST-REDACTED-B steamos-manager[2880]: 2026-07-21T06:49:14.046864Z  WARN steamos_manager::manager::user: Can't add GpuPowerProfile1 interface: No GPU power profile driver configured
2026-07-21T08:49:14.050123+02:00 HOST-REDACTED-B steamos-manager[2880]: 2026-07-21T06:49:14.050107Z  INFO steamos_manager: Starting signal-relay
2026-07-21T08:49:14.050123+02:00 HOST-REDACTED-B steamos-manager[2880]: 2026-07-21T06:49:14.050111Z  INFO steamos_manager: Starting screenreader-setup
2026-07-21T08:49:14.050182+02:00 HOST-REDACTED-B steamos-manager[2880]: 2026-07-21T06:49:14.050124Z  INFO steamos_manager: Starting session-manager
2026-07-21T08:49:14.050182+02:00 HOST-REDACTED-B steamos-manager[2880]: 2026-07-21T06:49:14.050131Z  INFO steamos_manager: Starting tdp-manager
2026-07-21T08:49:14.050182+02:00 HOST-REDACTED-B steamos-manager[2880]: 2026-07-21T06:49:14.050136Z  INFO steamos_manager: Starting cecd-listener
2026-07-21T08:49:14.050182+02:00 HOST-REDACTED-B steamos-manager[2880]: 2026-07-21T06:49:14.050140Z  INFO steamos_manager::daemon::config: No state file found, reloading default state
2026-07-21T08:49:14.050182+02:00 HOST-REDACTED-B steamos-manager[2880]: 2026-07-21T06:49:14.050144Z  INFO steamos_manager: Starting job-manager
2026-07-21T08:49:14.050299+02:00 HOST-REDACTED-B steamos-manager[2880]: 2026-07-21T06:49:14.050286Z  INFO steamos_manager: No config file /usr/share/steamos-manager/user.d/config.toml found
2026-07-21T08:49:14.050332+02:00 HOST-REDACTED-B steamos-manager[2880]: 2026-07-21T06:49:14.050314Z  INFO steamos_manager: No config file /<USER-REDACTED>/.config/steamos-manager/config.toml found
2026-07-21T08:49:14.050354+02:00 HOST-REDACTED-B steamos-manager[2880]: 2026-07-21T06:49:14.050337Z  INFO steamos_manager: Starting udev-monitor
2026-07-21T08:49:14.054625+02:00 HOST-REDACTED-B steamos-manager[2880]: 2026-07-21T06:49:14.054607Z  WARN steamos_manager::screenreader: Failed to load orca configuration: Unable to read from /<USER-REDACTED>/.local/share/orca/user-settings.conf
2026-07-21T08:49:14.056555+02:00 HOST-REDACTED-B systemd[2401]: Started SteamOS Manager Daemon.
2026-07-21T08:49:14.057487+02:00 HOST-REDACTED-B systemd[2401]: Starting SteamOS Manager temporary session cleanup...
2026-07-21T08:49:14.058382+02:00 HOST-REDACTED-B kernel: input: steamos-manager as /devices/virtual/input/input26
2026-07-21T08:49:14.074369+02:00 HOST-REDACTED-B systemd[2401]: Finished SteamOS Manager temporary session cleanup.
2026-07-21T08:49:14.074578+02:00 HOST-REDACTED-B systemd[2401]: Reached target Session services which should run early before the graphical session is brought up.
2026-07-21T08:49:14.075239+02:00 HOST-REDACTED-B systemd[2401]: Starting Gamescope Session...
2026-07-21T08:49:14.076709+02:00 HOST-REDACTED-B rigsignal-agent[2691]: 2026-07-21T06:49:14.076667Z  INFO rigsignal_agent: Collecting host environment snapshot…
2026-07-21T08:49:14.087225+02:00 HOST-REDACTED-B gamescope-session[2999]: Making Gamescope Mode Save file at "/<USER-REDACTED>/.config/gamescope/modes.cfg"
2026-07-21T08:49:14.091581+02:00 HOST-REDACTED-B gamescope-session[2999]: Making Gamescope patched edid at "/<USER-REDACTED>/.config/gamescope/edid.bin"
2026-07-21T08:49:14.109285+02:00 HOST-REDACTED-B gamescope-session[2999]: Removing file: /<USER-REDACTED>/.local/share/Steam/config/uioverrides/movies/*
2026-07-21T08:49:14.110769+02:00 HOST-REDACTED-B gamescope-session[3044]: rm: cannot remove '/<USER-REDACTED>/.local/share/Steam/config/uioverrides/movies/*': No such file or directory
2026-07-21T08:49:14.112352+02:00 HOST-REDACTED-B gamescope-session[3045]: rm: cannot remove '/<USER-REDACTED>/.local/share/Steam/config/uioverrides/movies/*.installed': No such file or directory
2026-07-21T08:49:14.124952+02:00 HOST-REDACTED-B gamescope-session[2999]: Claimed global gamescope stats session at "/run/user/1000/gamescope-stats"
2026-07-21T08:49:14.144838+02:00 HOST-REDACTED-B gamescope-session[2999]: [gamescope] [Info]  console: gamescope version 3.16.23.5 (gcc 15.1.1)
2026-07-21T08:49:14.144905+02:00 HOST-REDACTED-B gamescope-session[2999]: Tracing is enabled
2026-07-21T08:49:14.144905+02:00 HOST-REDACTED-B gamescope-session[2999]: [gamescope] [Info]  scriptmgr: Loading scripts from: '/usr/share/gamescope/scripts'
2026-07-21T08:49:14.145394+02:00 HOST-REDACTED-B gamescope-session[2999]: [gamescope] [Info]  scriptmgr: Loading scripts from: '/usr/share/gamescope/scripts/00-gamescope'
2026-07-21T08:49:14.145454+02:00 HOST-REDACTED-B gamescope-session[2999]: [gamescope] [Info]  scriptmgr: Loading scripts from: '/usr/share/gamescope/scripts/00-gamescope/common'
2026-07-21T08:49:14.145527+02:00 HOST-REDACTED-B gamescope-session[2999]: [gamescope] [Info]  scriptmgr: Running script file '/usr/share/gamescope/scripts/00-gamescope/common/inspect.lua' (id: 0)
2026-07-21T08:49:14.146182+02:00 HOST-REDACTED-B gamescope-session[2999]: [gamescope] [Info]  scriptmgr: Running script file '/usr/share/gamescope/scripts/00-gamescope/common/modegen.lua' (id: 1)
2026-07-21T08:49:14.146227+02:00 HOST-REDACTED-B gamescope-session[2999]: [gamescope] [Info]  scriptmgr: Running script file '/usr/share/gamescope/scripts/00-gamescope/common/util.lua' (id: 2)
2026-07-21T08:49:14.146252+02:00 HOST-REDACTED-B gamescope-session[2999]: [gamescope] [Info]  scriptmgr: Loading scripts from: '/usr/share/gamescope/scripts/00-gamescope/displays'
2026-07-21T08:49:14.146578+02:00 HOST-REDACTED-B gamescope-session[2999]: [gamescope] [Info]  scriptmgr: Running script file '/usr/share/gamescope/scripts/00-gamescope/displays/asus.rogally.lcd.lua' (id: 3)
2026-07-21T08:49:14.146578+02:00 HOST-REDACTED-B gamescope-session[2999]: [gamescope] [Info]  scriptmgr: Running script file '/usr/share/gamescope/scripts/00-gamescope/displays/deckhd.steamdeck.deckhd-lcd.lua' (id: 4)
2026-07-21T08:49:14.146578+02:00 HOST-REDACTED-B gamescope-session[2999]: [gamescope] [Info]  scriptmgr: Running script file '/usr/share/gamescope/scripts/00-gamescope/displays/gpd.win4.lcd.lua' (id: 5)
2026-07-21T08:49:14.146578+02:00 HOST-REDACTED-B gamescope-session[2999]: [gamescope] [Info]  scriptmgr: Running script file '/usr/share/gamescope/scripts/00-gamescope/displays/lenovo.legiongo.lcd.lua' (id: 6)
2026-07-21T08:49:14.146709+02:00 HOST-REDACTED-B gamescope-session[2999]: [gamescope] [Info]  scriptmgr: Running script file '/usr/share/gamescope/scripts/00-gamescope/displays/lenovo.legiongos.lcd.lua' (id: 7)
2026-07-21T08:49:14.146709+02:00 HOST-REDACTED-B gamescope-session[2999]: [gamescope] [Info]  scriptmgr: Running script file '/usr/share/gamescope/scripts/00-gamescope/displays/onexplayer.f1.oled.lua' (id: 8)
2026-07-21T08:49:14.146709+02:00 HOST-REDACTED-B gamescope-session[2999]: [gamescope] [Info]  scriptmgr: Running script file '/usr/share/gamescope/scripts/00-gamescope/displays/valve.steamdeck.lcd.lua' (id: 9)
2026-07-21T08:49:14.146761+02:00 HOST-REDACTED-B gamescope-session[2999]: [gamescope] [Info]  scriptmgr: Running script file '/usr/share/gamescope/scripts/00-gamescope/displays/valve.steamdeck.oled.lua' (id: 10)
2026-07-21T08:49:14.146809+02:00 HOST-REDACTED-B gamescope-session[2999]: [gamescope] [Info]  scriptmgr: Running script file '/usr/share/gamescope/scripts/00-gamescope/displays/zotac.zone.oled.lua' (id: 11)
2026-07-21T08:49:14.146850+02:00 HOST-REDACTED-B gamescope-session[2999]: [gamescope] [Info]  scriptmgr: Loading scripts from: '/etc/gamescope/scripts'
2026-07-21T08:49:14.146872+02:00 HOST-REDACTED-B gamescope-session[2999]: [gamescope] [Warn]  scriptmgr: Directory '/etc/gamescope/scripts' does not exist
2026-07-21T08:49:14.146872+02:00 HOST-REDACTED-B gamescope-session[2999]: [gamescope] [Info]  scriptmgr: Loading scripts from: '/<USER-REDACTED>/.config/gamescope/scripts'
2026-07-21T08:49:14.146872+02:00 HOST-REDACTED-B gamescope-session[2999]: [gamescope] [Warn]  scriptmgr: Directory '/<USER-REDACTED>/.config/gamescope/scripts' does not exist
2026-07-21T08:49:14.152247+02:00 HOST-REDACTED-B gamescope-session[2999]: ATTENTION: default value of option vk_xwayland_wait_ready overridden by environment.
2026-07-21T08:49:14.153432+02:00 HOST-REDACTED-B gamescope-session[2999]: ATTENTION: default value of option vk_xwayland_wait_ready overridden by environment.
2026-07-21T08:49:14.155862+02:00 HOST-REDACTED-B gamescope-session[2999]: WARNING: radv is not a conformant Vulkan implementation, testing use only.
2026-07-21T08:49:14.156412+02:00 HOST-REDACTED-B gamescope-session[2999]: [gamescope] [Info]  vulkan: selecting physical device 'AMD Radeon RX 9060 XT (RADV GFX1200)': queue family 1 (general queue family 0)
2026-07-21T08:49:14.156448+02:00 HOST-REDACTED-B gamescope-session[2999]: [gamescope] [Info]  vulkan: physical device supports DRM format modifiers
2026-07-21T08:49:14.156915+02:00 HOST-REDACTED-B gamescope-session[2999]: [Gamescope WSI] Forcing on VK_EXT_swapchain_maintenance1.
2026-07-21T08:49:14.157136+02:00 HOST-REDACTED-B wireplumber[2695]: default: Failed to get percentage from UPower: org.freedesktop.DBus.Error.NameHasNoOwner
2026-07-21T08:49:14.159642+02:00 HOST-REDACTED-B gamescope-session[2999]: [gamescope] [Info]  wlserver: [backend/headless/backend.c:67] Creating headless backend
2026-07-21T08:49:14.159670+02:00 HOST-REDACTED-B gamescope-session[2999]: [gamescope] [Info]  wlserver: [libseat] [libseat/backend/seatd.c:64] Could not connect to socket /run/seatd.sock: No such file or directory
2026-07-21T08:49:14.159670+02:00 HOST-REDACTED-B gamescope-session[2999]: [gamescope] [Info]  wlserver: [libseat] [libseat/libseat.c:76] Backend 'seatd' failed to open seat, skipping
2026-07-21T08:49:14.160579+02:00 HOST-REDACTED-B gamescope-session[2999]: [gamescope] [Info]  wlserver: [libseat] [libseat/libseat.c:73] Seat opened with backend 'logind'
2026-07-21T08:49:14.160579+02:00 HOST-REDACTED-B gamescope-session[2999]: [gamescope] [Info]  wlserver: [backend/session/session.c:108] Successfully loaded libseat session
2026-07-21T08:49:14.161505+02:00 HOST-REDACTED-B wireplumber[2695]: wp-device: SPA handle 'api.libcamera.enum.manager' could not be loaded; is it installed?
2026-07-21T08:49:14.161513+02:00 HOST-REDACTED-B wireplumber[2695]: s-monitors-libcamera: PipeWire's libcamera SPA plugin is missing or broken. Some camera types may not be supported.
2026-07-21T08:49:14.161961+02:00 HOST-REDACTED-B gamescope-session[2999]: [gamescope] [Info]  drm: opening DRM node '/dev/dri/card0'
2026-07-21T08:49:14.163381+02:00 HOST-REDACTED-B kernel: Bluetooth: RFCOMM TTY layer initialized
2026-07-21T08:49:14.163418+02:00 HOST-REDACTED-B kernel: Bluetooth: RFCOMM socket layer initialized
2026-07-21T08:49:14.163430+02:00 HOST-REDACTED-B kernel: Bluetooth: RFCOMM ver 1.11
2026-07-21T08:49:14.164412+02:00 HOST-REDACTED-B bluetoothd[1390]: Endpoint registered: sender=:1.35 path=/MediaEndpoint/A2DPSource/ldac
2026-07-21T08:49:14.164528+02:00 HOST-REDACTED-B bluetoothd[1390]: Endpoint registered: sender=:1.35 path=/MediaEndpoint/A2DPSink/aptx_hd
2026-07-21T08:49:14.164607+02:00 HOST-REDACTED-B bluetoothd[1390]: Endpoint registered: sender=:1.35 path=/MediaEndpoint/A2DPSource/aptx_hd
2026-07-21T08:49:14.164714+02:00 HOST-REDACTED-B bluetoothd[1390]: Endpoint registered: sender=:1.35 path=/MediaEndpoint/A2DPSink/aptx
2026-07-21T08:49:14.164791+02:00 HOST-REDACTED-B bluetoothd[1390]: Endpoint registered: sender=:1.35 path=/MediaEndpoint/A2DPSource/aptx
2026-07-21T08:49:14.164842+02:00 HOST-REDACTED-B bluetoothd[1390]: Endpoint registered: sender=:1.35 path=/MediaEndpoint/A2DPSink/aac
2026-07-21T08:49:14.164889+02:00 HOST-REDACTED-B bluetoothd[1390]: Endpoint registered: sender=:1.35 path=/MediaEndpoint/A2DPSource/aac
2026-07-21T08:49:14.164992+02:00 HOST-REDACTED-B bluetoothd[1390]: Endpoint registered: sender=:1.35 path=/MediaEndpoint/A2DPSink/opus_g
2026-07-21T08:49:14.165073+02:00 HOST-REDACTED-B bluetoothd[1390]: Endpoint registered: sender=:1.35 path=/MediaEndpoint/A2DPSource/opus_g
2026-07-21T08:49:14.165117+02:00 HOST-REDACTED-B bluetoothd[1390]: Endpoint registered: sender=:1.35 path=/MediaEndpoint/A2DPSink/sbc
2026-07-21T08:49:14.165159+02:00 HOST-REDACTED-B bluetoothd[1390]: Endpoint registered: sender=:1.35 path=/MediaEndpoint/A2DPSource/sbc
2026-07-21T08:49:14.165202+02:00 HOST-REDACTED-B bluetoothd[1390]: Endpoint registered: sender=:1.35 path=/MediaEndpoint/A2DPSource/aptx_ll_1
2026-07-21T08:49:14.165252+02:00 HOST-REDACTED-B bluetoothd[1390]: Endpoint registered: sender=:1.35 path=/MediaEndpoint/A2DPSource/aptx_ll_0
2026-07-21T08:49:14.165303+02:00 HOST-REDACTED-B bluetoothd[1390]: Endpoint registered: sender=:1.35 path=/MediaEndpoint/A2DPSource/aptx_ll_duplex_1
2026-07-21T08:49:14.165439+02:00 HOST-REDACTED-B bluetoothd[1390]: Endpoint registered: sender=:1.35 path=/MediaEndpoint/A2DPSource/aptx_ll_duplex_0
2026-07-21T08:49:14.165523+02:00 HOST-REDACTED-B bluetoothd[1390]: Endpoint registered: sender=:1.35 path=/MediaEndpoint/A2DPSource/faststream
2026-07-21T08:49:14.165612+02:00 HOST-REDACTED-B bluetoothd[1390]: Endpoint registered: sender=:1.35 path=/MediaEndpoint/A2DPSource/faststream_duplex
2026-07-21T08:49:14.165723+02:00 HOST-REDACTED-B bluetoothd[1390]: Endpoint registered: sender=:1.35 path=/MediaEndpoint/A2DPSink/opus_05
2026-07-21T08:49:14.165774+02:00 HOST-REDACTED-B bluetoothd[1390]: Endpoint registered: sender=:1.35 path=/MediaEndpoint/A2DPSource/opus_05
2026-07-21T08:49:14.165839+02:00 HOST-REDACTED-B bluetoothd[1390]: Endpoint registered: sender=:1.35 path=/MediaEndpoint/A2DPSink/opus_05_duplex
2026-07-21T08:49:14.165897+02:00 HOST-REDACTED-B bluetoothd[1390]: Endpoint registered: sender=:1.35 path=/MediaEndpoint/A2DPSource/opus_05_duplex
2026-07-21T08:49:14.229774+02:00 HOST-REDACTED-B rigsignal-agent[2691]: 2026-07-21T06:49:14.229728Z  INFO rigsignal_agent::collectors::linux::gpu_amd: GPU card path: /sys/class/drm/card0/device
2026-07-21T08:49:14.229774+02:00 HOST-REDACTED-B rigsignal-agent[2691]: 2026-07-21T06:49:14.229748Z  INFO rigsignal_agent::collectors::linux::gpu_amd: GPU hwmon path: /sys/class/drm/card0/device/hwmon/hwmon4
2026-07-21T08:49:14.229911+02:00 HOST-REDACTED-B rigsignal-agent[2691]: 2026-07-21T06:49:14.229902Z  INFO rigsignal_agent: Session UUID-REDACTED started (label: HOST-REDACTED-B)
2026-07-21T08:49:14.233883+02:00 HOST-REDACTED-B rigsignal-agent[2691]: 2026-07-21T06:49:14.233874Z  INFO rigsignal_agent::session: No game detected — idle polling
2026-07-21T08:49:14.238629+02:00 HOST-REDACTED-B gamescope-session[2999]: [gamescope] [Info]  drm: Connector HDMI-A-2 -> SAM - QCQ95S
2026-07-21T08:49:14.238669+02:00 HOST-REDACTED-B gamescope-session[2999]: [gamescope] [Info]  drm: [colorimetry]: EDID with colorimetry detected. Using it
2026-07-21T08:49:14.238669+02:00 HOST-REDACTED-B gamescope-session[2999]: [gamescope] [Info]  drm: [colorimetry]: r 0.698242 0.291992
2026-07-21T08:49:14.238669+02:00 HOST-REDACTED-B gamescope-session[2999]: [gamescope] [Info]  drm: [colorimetry]: g 0.254883 0.699219
2026-07-21T08:49:14.238669+02:00 HOST-REDACTED-B gamescope-session[2999]: [gamescope] [Info]  drm: [colorimetry]: b 0.148438 0.055664
2026-07-21T08:49:14.238669+02:00 HOST-REDACTED-B gamescope-session[2999]: [gamescope] [Info]  drm: [colorimetry]: w 0.312500 0.329102
2026-07-21T08:49:14.245397+02:00 HOST-REDACTED-B kernel: /proc/cgroups lists only v1 controllers, use cgroup.controllers of root cgroup for v2 info
2026-07-21T08:49:14.274630+02:00 HOST-REDACTED-B gamescope-session[2999]: [gamescope] [Info]  drm: Connector HDMI-A-2 -> SAM - QCQ95S
2026-07-21T08:49:14.274666+02:00 HOST-REDACTED-B gamescope-session[2999]: [gamescope] [Info]  drm: [colorimetry]: EDID with colorimetry detected. Using it
2026-07-21T08:49:14.274666+02:00 HOST-REDACTED-B gamescope-session[2999]: [gamescope] [Info]  drm: [colorimetry]: r 0.698242 0.291992
2026-07-21T08:49:14.274666+02:00 HOST-REDACTED-B gamescope-session[2999]: [gamescope] [Info]  drm: [colorimetry]: g 0.254883 0.699219
2026-07-21T08:49:14.274666+02:00 HOST-REDACTED-B gamescope-session[2999]: [gamescope] [Info]  drm: [colorimetry]: b 0.148438 0.055664
2026-07-21T08:49:14.274666+02:00 HOST-REDACTED-B gamescope-session[2999]: [gamescope] [Info]  drm: [colorimetry]: w 0.312500 0.329102
2026-07-21T08:49:14.275965+02:00 HOST-REDACTED-B gamescope-session[2999]: [gamescope] [Info]  drm: Connectors:
2026-07-21T08:49:14.275965+02:00 HOST-REDACTED-B gamescope-session[2999]: [gamescope] [Info]  drm:   HDMI-A-2 (connected)
2026-07-21T08:49:14.275965+02:00 HOST-REDACTED-B gamescope-session[2999]: [gamescope] [Info]  drm:   HDMI-A-1 (disconnected)
2026-07-21T08:49:14.275965+02:00 HOST-REDACTED-B gamescope-session[2999]: [gamescope] [Info]  drm:   DP-1 (disconnected)
2026-07-21T08:49:14.275965+02:00 HOST-REDACTED-B gamescope-session[2999]: [gamescope] [Info]  drm: selecting connector HDMI-A-2
2026-07-21T08:49:14.276179+02:00 HOST-REDACTED-B gamescope-session[2999]: [gamescope] [Info]  drm: selecting mode 3840x2160@120Hz
2026-07-21T08:49:14.276491+02:00 HOST-REDACTED-B gamescope-session[2999]: [gamescope] [Info]  vulkan: supported DRM formats for sampling usage:
2026-07-21T08:49:14.276491+02:00 HOST-REDACTED-B gamescope-session[2999]: [gamescope] [Info]  vulkan:   AR24 (0x34325241)
2026-07-21T08:49:14.276491+02:00 HOST-REDACTED-B gamescope-session[2999]: [gamescope] [Info]  vulkan:   XR24 (0x34325258)
2026-07-21T08:49:14.276491+02:00 HOST-REDACTED-B gamescope-session[2999]: [gamescope] [Info]  vulkan:   AB24 (0x34324241)
2026-07-21T08:49:14.276491+02:00 HOST-REDACTED-B gamescope-session[2999]: [gamescope] [Info]  vulkan:   XB24 (0x34324258)
2026-07-21T08:49:14.276491+02:00 HOST-REDACTED-B gamescope-session[2999]: [gamescope] [Info]  vulkan:   RG16 (0x36314752)
2026-07-21T08:49:14.276561+02:00 HOST-REDACTED-B gamescope-session[2999]: [gamescope] [Info]  vulkan:   NV12 (0x3231564E)
2026-07-21T08:49:14.276561+02:00 HOST-REDACTED-B gamescope-session[2999]: [gamescope] [Info]  vulkan:   AB4H (0x48344241)
2026-07-21T08:49:14.276561+02:00 HOST-REDACTED-B gamescope-session[2999]: [gamescope] [Info]  vulkan:   XB4H (0x48344258)
2026-07-21T08:49:14.276561+02:00 HOST-REDACTED-B gamescope-session[2999]: [gamescope] [Info]  vulkan:   AB48 (0x38344241)
2026-07-21T08:49:14.276561+02:00 HOST-REDACTED-B gamescope-session[2999]: [gamescope] [Info]  vulkan:   XB48 (0x38344258)
2026-07-21T08:49:14.276561+02:00 HOST-REDACTED-B gamescope-session[2999]: [gamescope] [Info]  vulkan:   AB30 (0x30334241)
2026-07-21T08:49:14.276561+02:00 HOST-REDACTED-B gamescope-session[2999]: [gamescope] [Info]  vulkan:   XB30 (0x30334258)
2026-07-21T08:49:14.276561+02:00 HOST-REDACTED-B gamescope-session[2999]: [gamescope] [Info]  vulkan:   AR30 (0x30335241)
2026-07-21T08:49:14.276561+02:00 HOST-REDACTED-B gamescope-session[2999]: [gamescope] [Info]  vulkan:   XR30 (0x30335258)
2026-07-21T08:49:14.286755+02:00 HOST-REDACTED-B gamescope-session[2999]: [gamescope] [Info]  wlserver: Using explicit sync when available
2026-07-21T08:49:14.286785+02:00 HOST-REDACTED-B gamescope-session[2999]: [gamescope] [Info]  wlserver: Running compositor on wayland display 'gamescope-0'
2026-07-21T08:49:14.286785+02:00 HOST-REDACTED-B gamescope-session[2999]: [gamescope] [Info]  wlserver: [backend/headless/backend.c:17] Starting headless backend
2026-07-21T08:49:14.322898+02:00 HOST-REDACTED-B gamescope-session[2999]: [gamescope] [Info]  wlserver: Successfully initialized libei for input emulation!
2026-07-21T08:49:14.324227+02:00 HOST-REDACTED-B gamescope-session[3164]: [gamescope] [Info]  wlserver: [xwayland/server.c:107] Starting Xwayland on :0
2026-07-21T08:49:14.324554+02:00 HOST-REDACTED-B gamescope-session[3165]: [gamescope] [Info]  wlserver: [xwayland/server.c:107] Starting Xwayland on :1
2026-07-21T08:49:14.340213+02:00 HOST-REDACTED-B systemd[2401]: Started PipeWire PulseAudio.
2026-07-21T08:49:14.369003+02:00 HOST-REDACTED-B rtkit-daemon[2733]: Successfully made thread 3174 of process 3174 owned by '1000' high priority at nice level -11.
2026-07-21T08:49:14.372209+02:00 HOST-REDACTED-B rtkit-daemon[2733]: Successfully made thread 3183 of process 3174 owned by '1000' RT at priority 20.
2026-07-21T08:49:14.446205+02:00 HOST-REDACTED-B gamescope-session[3237]: The XKEYBOARD keymap compiler (xkbcomp) reports:
2026-07-21T08:49:14.446205+02:00 HOST-REDACTED-B gamescope-session[3237]: > Warning:          Could not resolve keysym XF86RefreshRateToggle
2026-07-21T08:49:14.446205+02:00 HOST-REDACTED-B gamescope-session[3237]: > Warning:          Could not resolve keysym XF86Accessibility
2026-07-21T08:49:14.446205+02:00 HOST-REDACTED-B gamescope-session[3237]: > Warning:          Could not resolve keysym XF86DoNotDisturb
2026-07-21T08:49:14.446699+02:00 HOST-REDACTED-B gamescope-session[3237]: Errors from xkbcomp are not fatal to the X server
2026-07-21T08:49:14.447253+02:00 HOST-REDACTED-B gamescope-session[3236]: The XKEYBOARD keymap compiler (xkbcomp) reports:
2026-07-21T08:49:14.447253+02:00 HOST-REDACTED-B gamescope-session[3236]: > Warning:          Could not resolve keysym XF86RefreshRateToggle
2026-07-21T08:49:14.447441+02:00 HOST-REDACTED-B gamescope-session[3236]: > Warning:          Could not resolve keysym XF86Accessibility
2026-07-21T08:49:14.447441+02:00 HOST-REDACTED-B gamescope-session[3236]: > Warning:          Could not resolve keysym XF86DoNotDisturb
2026-07-21T08:49:14.447900+02:00 HOST-REDACTED-B gamescope-session[3236]: Errors from xkbcomp are not fatal to the X server
2026-07-21T08:49:14.450977+02:00 HOST-REDACTED-B gamescope-session[2999]: [gamescope] [Info]  pipewire: stream state changed: connecting
2026-07-21T08:49:14.452139+02:00 HOST-REDACTED-B gamescope-session[2999]: [gamescope] [Info]  pipewire: stream state changed: paused
2026-07-21T08:49:14.452175+02:00 HOST-REDACTED-B gamescope-session[2999]: [gamescope] [Info]  pipewire: stream available on node ID: 98
2026-07-21T08:49:14.456562+02:00 HOST-REDACTED-B gamescope-session[2999]: [gamescope] [Info]  xwm: Embedded, no cursor set. Using left_ptr by default.
2026-07-21T08:49:14.467634+02:00 HOST-REDACTED-B gamescope-session[2999]: [gamescope] [Info]  xwm: Embedded, no cursor set. Using left_ptr by default.
2026-07-21T08:49:14.473153+02:00 HOST-REDACTED-B gamescope-session[2999]: [gamescope] [Info]  vblank: Using timerfd.
2026-07-21T08:49:14.473338+02:00 HOST-REDACTED-B gamescope-session[2999]: [gamescope] [Info]  edid: Wrote new edid to: /<USER-REDACTED>/.config/gamescope/edid.bin
2026-07-21T08:49:14.476500+02:00 HOST-REDACTED-B gamescope-session[2999]: [gamescope] [Info]  wlserver: Updating mode for xwayland server #0: 3840x2160@120
2026-07-21T08:49:14.477740+02:00 HOST-REDACTED-B systemd[2401]: Started Gamescope Session.
2026-07-21T08:49:14.478203+02:00 HOST-REDACTED-B systemd[2401]: Reached target Current graphical user session.
2026-07-21T08:49:14.478291+02:00 HOST-REDACTED-B systemd[2401]: galileo mura setup was skipped because of an unmet condition check (ConditionFirmware=smbios-field(product_name="Galileo")).
2026-07-21T08:49:14.479332+02:00 HOST-REDACTED-B systemd[2401]: Starting mangoapp...
2026-07-21T08:49:14.480249+02:00 HOST-REDACTED-B systemd[2401]: Starting Xbindkeys for Gamescope session...
2026-07-21T08:49:14.481144+02:00 HOST-REDACTED-B systemd[2401]: Starting Wrapper for Ibus...
2026-07-21T08:49:14.482317+02:00 HOST-REDACTED-B systemd[2401]: Starting Steam Launcher...
2026-07-21T08:49:14.499353+02:00 HOST-REDACTED-B systemd[2401]: Started Steam Notification Daemon.
2026-07-21T08:49:14.500014+02:00 HOST-REDACTED-B systemd[2401]: Started Xbindkeys for Gamescope session.
2026-07-21T08:49:14.500827+02:00 HOST-REDACTED-B systemd[2401]: Started mangoapp.
2026-07-21T08:49:14.501824+02:00 HOST-REDACTED-B steam-short-session-tracker[3284]: /usr/lib/steamos/steam-short-session-tracker: line 33: /tmp/steamos-short-session-tracker: No such file or directory
2026-07-21T08:49:14.508368+02:00 HOST-REDACTED-B systemd[2401]: Started Steam Launcher.
2026-07-21T08:49:14.519883+02:00 HOST-REDACTED-B systemd[2401]: Started Wrapper for Ibus.
2026-07-21T08:49:14.520245+02:00 HOST-REDACTED-B systemd[2401]: Reached target Gamescope Session.
2026-07-21T08:49:14.521924+02:00 HOST-REDACTED-B systemd[2401]: Created slice Slice /app/dbus-:1.1-org.freedesktop.portal.IBus.
2026-07-21T08:49:14.522733+02:00 HOST-REDACTED-B systemd[2401]: Started dbus-:1.1-org.freedesktop.portal.IBus@0.service.
2026-07-21T08:49:14.536547+02:00 HOST-REDACTED-B steam-runtime-steam-remote[3343]: steam-runtime-steam-remote: Steam is not running: No such device or address
2026-07-21T08:49:14.618238+02:00 HOST-REDACTED-B kdumpst-load.sh[1558]: ==> WARNING: Possibly missing '/bin/bash' for script: /usr/bin/mount.steamos
2026-07-21T08:49:14.626991+02:00 HOST-REDACTED-B mangoapp[3260]: [2026-07-21 08:49:14.626] [MANGOHUD] [info] [cpu.cpp:636] hwmon: using input: /sys/class/hwmon/hwmon1/temp1_input
2026-07-21T08:49:15.195806+02:00 HOST-REDACTED-B steam[3370]: steam.sh[3290]: Running Steam on steamos rolling 64-bit
2026-07-21T08:49:15.196056+02:00 HOST-REDACTED-B steam[3370]: steam.sh[3290]: STEAM_RUNTIME is enabled automatically
2026-07-21T08:49:15.228090+02:00 HOST-REDACTED-B steam[3370]: setup.sh[3931]: Steam runtime environment up-to-date!
2026-07-21T08:49:15.386892+02:00 HOST-REDACTED-B root[4045]: kdumpst: created initcpio minimal initramfs
2026-07-21T08:49:15.416392+02:00 HOST-REDACTED-B kernel: PEFILE: Unsigned PE binary
2026-07-21T08:49:15.464970+02:00 HOST-REDACTED-B root[4049]: kdumpst: panic kexec loaded successfully
2026-07-21T08:49:15.490796+02:00 HOST-REDACTED-B systemd[1]: Finished kdumpst loader boot-time service.
2026-07-21T08:49:15.491099+02:00 HOST-REDACTED-B systemd[1]: SteamOS kdumpst tiny layer service was skipped because of an unmet condition check (ConditionPathExistsGlob=/home/.steamos/offload/var/kdumpst/logs/*).
2026-07-21T08:49:15.984875+02:00 HOST-REDACTED-B steam[3370]: steam.sh[3290]: Log already open
2026-07-21T08:49:15.997865+02:00 HOST-REDACTED-B steam[3370]: steam.sh[3290]: Steam client's requirements are satisfied
2026-07-21T08:49:16.006845+02:00 HOST-REDACTED-B steam[3370]: CProcessEnvironmentManager is ready, 5 preallocated environment variables.
2026-07-21T08:49:16.009652+02:00 HOST-REDACTED-B steam[3370]: [2026-07-21 08:49:16] Startup - updater built Jul 14 2026 22:52:38
2026-07-21T08:49:16.009680+02:00 HOST-REDACTED-B steam[3370]: [2026-07-21 08:49:16] Startup - Steam Client launched with: '/<USER-REDACTED>/.local/share/Steam/ubuntu12_32/steam' '-srt-logger-opened' '-steamdeck' '-pipewire' '-steamos3' '-steampal' '-steamdeck' '-gamepadui'
2026-07-21T08:49:16.009680+02:00 HOST-REDACTED-B steam[3370]: [2026-07-21 08:49:16] Opted in to client beta 'steamdeck_publicbeta' via beta file
2026-07-21T08:49:16.009680+02:00 HOST-REDACTED-B steam[3370]: You are in the 'steamdeck_publicbeta' client beta.
2026-07-21T08:49:16.012219+02:00 HOST-REDACTED-B steam[3370]: 07/21 08:49:16 minidumps folder is set to /tmp/dumps
2026-07-21T08:49:16.012504+02:00 HOST-REDACTED-B steam[3370]: 07/21 08:49:16 Init: Installing breakpad exception handler for appid(steam)/version(1784145295)/tid(4070)
2026-07-21T08:49:16.016483+02:00 HOST-REDACTED-B steam[3370]: CProcessEnvironmentManager is ready, 5 preallocated environment variables.
2026-07-21T08:49:16.018023+02:00 HOST-REDACTED-B steam[3370]: [2026-07-21 08:49:16] Process started with command-line: '/<USER-REDACTED>/.local/share/Steam/ubuntu12_32/steam' '-child-update-ui' '-child-update-ui-socket' '8' '-srt-logger-opened' '-steamdeck' '-pipewire' '-steamos3' '-steampal' '-steamdeck' '-gamepadui'
2026-07-21T08:49:16.018273+02:00 HOST-REDACTED-B steam[3370]: 07/21 08:49:16 minidumps folder is set to /tmp/dumps
2026-07-21T08:49:16.021100+02:00 HOST-REDACTED-B steam[3370]: [2026-07-21 08:49:16] Using update UI: glx
2026-07-21T08:49:16.021119+02:00 HOST-REDACTED-B steam[3370]: 07/21 08:49:16 Init: Installing breakpad exception handler for appid(steam)/version(0)/tid(4071)
2026-07-21T08:49:16.021264+02:00 HOST-REDACTED-B steam[3370]: [2026-07-21 08:49:16] Create window
2026-07-21T08:49:16.030082+02:00 HOST-REDACTED-B steam[3370]: [2026-07-21 08:49:16] Loading cached metrics from disk (/<USER-REDACTED>/.local/share/Steam/package/steam_client_metrics.bin)
2026-07-21T08:49:16.031253+02:00 HOST-REDACTED-B steam[3370]: [2026-07-21 08:49:16] Using the following download hosts for Public, Realm steamglobal
2026-07-21T08:49:16.031278+02:00 HOST-REDACTED-B steam[3370]: [2026-07-21 08:49:16] 1. https://client-update.akamai.steamstatic.com, /, Realm 'steamglobal', weight was 400, source = 'update_hosts_cached.vdf'
2026-07-21T08:49:16.031278+02:00 HOST-REDACTED-B steam[3370]: [2026-07-21 08:49:16] 2. https://client-update.fastly.steamstatic.com, /, Realm 'steamglobal', weight was 900, source = 'update_hosts_cached.vdf'
2026-07-21T08:49:16.031474+02:00 HOST-REDACTED-B steam[3370]: [2026-07-21 08:49:16] 3. https://client-update.steamstatic.com, /, Realm 'steamglobal', weight was 1, source = 'baked in'
2026-07-21T08:49:16.031865+02:00 HOST-REDACTED-B steam[3370]: [2026-07-21 08:49:16] Verifying installation...
2026-07-21T08:49:16.031907+02:00 HOST-REDACTED-B steam[3370]: [2026-07-21 08:49:16] Verifying file sizes only
2026-07-21T08:49:16.143799+02:00 HOST-REDACTED-B steam[3370]: [2026-07-21 08:49:16] Set percent complete: 0
2026-07-21T08:49:16.152142+02:00 HOST-REDACTED-B steam[3370]: [2026-07-21 08:49:16] Set percent complete: -1
2026-07-21T08:49:16.184345+02:00 HOST-REDACTED-B steam[3370]: [2026-07-21 08:49:16] Set status message: Verifying installation...
2026-07-21T08:49:16.246777+02:00 HOST-REDACTED-B steam[3370]: [2026-07-21 08:49:16] Verification complete
2026-07-21T08:49:16.247340+02:00 HOST-REDACTED-B steam[3370]: UpdateUI: skip show logo
2026-07-21T08:49:16.252696+02:00 HOST-REDACTED-B steam[3370]: [2026-07-21 08:49:16] Destroy window
2026-07-21T08:49:16.320212+02:00 HOST-REDACTED-B steam[3370]: [2026-07-21 08:49:16] Shutdown
2026-07-21T08:49:16.320246+02:00 HOST-REDACTED-B steam[3370]: Steam logging initialized: directory: /<USER-REDACTED>/.local/share/Steam/logs
2026-07-21T08:49:16.326312+02:00 HOST-REDACTED-B systemd[2401]: Starting Portal service...
2026-07-21T08:49:16.358340+02:00 HOST-REDACTED-B systemd[2401]: Starting sandboxed app permission store...
2026-07-21T08:49:16.370744+02:00 HOST-REDACTED-B systemd[2401]: Started sandboxed app permission store.
2026-07-21T08:49:16.373150+02:00 HOST-REDACTED-B systemd[2401]: Starting flatpak document portal service...
2026-07-21T08:49:16.387091+02:00 HOST-REDACTED-B systemd[2401]: Started flatpak document portal service.
2026-07-21T08:49:16.391779+02:00 HOST-REDACTED-B systemd[2401]: Starting Portal service (Holo implementation)...
2026-07-21T08:49:16.405008+02:00 HOST-REDACTED-B xdg-desktop-portal-holo[4109]: INFO: Name acquired: org.freedesktop.impl.portal.desktop.holo
2026-07-21T08:49:16.405005+02:00 HOST-REDACTED-B systemd[2401]: Started Portal service (Holo implementation).
2026-07-21T08:49:16.415472+02:00 HOST-REDACTED-B systemd[2401]: Starting Portal service (gamescope implementation)...
2026-07-21T08:49:16.434826+02:00 HOST-REDACTED-B gamescope-session[2999]: [gamescope] [Info]  console: gamescope version 3.16.23.5 (gcc 15.1.1)
2026-07-21T08:49:16.435026+02:00 HOST-REDACTED-B xdg-desktop-portal-gamescope[4129]: gamescope version 3.16.23.5 (gcc 15.1.1)
2026-07-21T08:49:16.435511+02:00 HOST-REDACTED-B systemd[2401]: Started Portal service (gamescope implementation).
2026-07-21T08:49:16.439804+02:00 HOST-REDACTED-B systemd[2401]: Started Portal service.
2026-07-21T08:49:16.442511+02:00 HOST-REDACTED-B systemd[1]: proc-sys-fs-binfmt_misc.automount: Got automount request for /proc/sys/fs/binfmt_misc, triggered by 4070 (steam)
2026-07-21T08:49:16.443418+02:00 HOST-REDACTED-B systemd[1]: Mounting Arbitrary Executable File Formats File System...
2026-07-21T08:49:16.461519+02:00 HOST-REDACTED-B systemd[1]: Mounted Arbitrary Executable File Formats File System.
2026-07-21T08:49:16.500778+02:00 HOST-REDACTED-B steam[3370]: XOpenIM() failed, LANG = en_US.UTF-8
2026-07-21T08:49:16.502603+02:00 HOST-REDACTED-B steam[3370]: XOpenIM() failed, LANG = en_US.UTF-8XRRGetOutputInfo Workaround: initialized with override: 1 real: 0xf66b7370
2026-07-21T08:49:16.502622+02:00 HOST-REDACTED-B steam[3370]: XRRGetCrtcInfo Workaround: initialized with override: 1 real: 0xf66b5cc0
2026-07-21T08:49:16.563145+02:00 HOST-REDACTED-B steam[3370]: 07/21 08:49:16 minidumps folder is set to /tmp/dumps
2026-07-21T08:49:16.563215+02:00 HOST-REDACTED-B steam[3370]: 07/21 08:49:16 Init: Installing breakpad exception handler for appid(steamsysinfo)/version(1784145295)/tid(4145)
2026-07-21T08:49:16.563269+02:00 HOST-REDACTED-B steam[3370]: Running query: 1 - GpuTopology
2026-07-21T08:49:16.574901+02:00 HOST-REDACTED-B steam[3370]: ATTENTION: default value of option vk_xwayland_wait_ready overridden by environment.
2026-07-21T08:49:16.575951+02:00 HOST-REDACTED-B steam[3370]: ATTENTION: default value of option vk_xwayland_wait_ready overridden by environment.
2026-07-21T08:49:16.577129+02:00 HOST-REDACTED-B steam[3370]: [Gamescope WSI] Application info:
2026-07-21T08:49:16.577148+02:00 HOST-REDACTED-B steam[3370]:   pApplicationName: Steam Gpu Query
2026-07-21T08:49:16.577162+02:00 HOST-REDACTED-B steam[3370]:   applicationVersion: 4194304
2026-07-21T08:49:16.577162+02:00 HOST-REDACTED-B steam[3370]:   pEngineName: Steam Gpu Query Engine
2026-07-21T08:49:16.577186+02:00 HOST-REDACTED-B steam[3370]:   engineVersion: 4194304
2026-07-21T08:49:16.577186+02:00 HOST-REDACTED-B steam[3370]:   apiVersion: 4202496
2026-07-21T08:49:16.577186+02:00 HOST-REDACTED-B steam[3370]: [Gamescope WSI] Executable name: steamsysinfo
2026-07-21T08:49:16.579028+02:00 HOST-REDACTED-B steam[3370]: WARNING: radv is not a conformant Vulkan implementation, testing use only.
2026-07-21T08:49:16.584646+02:00 HOST-REDACTED-B steam[3370]: Response: gpu_topology {
2026-07-21T08:49:16.584683+02:00 HOST-REDACTED-B steam[3370]:   gpus {
2026-07-21T08:49:16.584683+02:00 HOST-REDACTED-B steam[3370]:     id: 1
2026-07-21T08:49:16.584683+02:00 HOST-REDACTED-B steam[3370]:     name: "AMD Radeon RX 9060 XT (RADV GFX1200)"
2026-07-21T08:49:16.584683+02:00 HOST-REDACTED-B steam[3370]:     vram_size_bytes: 17095983104
2026-07-21T08:49:16.586151+02:00 HOST-REDACTED-B steam[3370]:     driver_id: k_EGpuDriverId_MesaRadv
2026-07-21T08:49:16.586151+02:00 HOST-REDACTED-B steam[3370]:     driver_version_major: 26
2026-07-21T08:49:16.586151+02:00 HOST-REDACTED-B steam[3370]:     driver_version_minor: 1
2026-07-21T08:49:16.586151+02:00 HOST-REDACTED-B steam[3370]:     driver_version_patch: 99
2026-07-21T08:49:16.586151+02:00 HOST-REDACTED-B steam[3370]:     luid: 0
2026-07-21T08:49:16.586151+02:00 HOST-REDACTED-B steam[3370]:   }
2026-07-21T08:49:16.586151+02:00 HOST-REDACTED-B steam[3370]:   default_gpu_id: 1
2026-07-21T08:49:16.586151+02:00 HOST-REDACTED-B steam[3370]: }
2026-07-21T08:49:16.586267+02:00 HOST-REDACTED-B steam[3370]: Exit code: 0
2026-07-21T08:49:16.586267+02:00 HOST-REDACTED-B steam[3370]: Saving response to: /tmp/steamkcEKFO - 62 bytes
2026-07-21T08:49:16.654635+02:00 HOST-REDACTED-B steamwebhelper[4172]: steamwebhelper.sh[4161]: Starting steamwebhelper under bootstrap steamrt steam runtime via: /<USER-REDACTED>/.local/share/Steam/steamrt64/pv-runtime/steam-runtime-steamrt/_v2-entry-point
2026-07-21T08:49:16.655133+02:00 HOST-REDACTED-B steamwebhelper[4172]: steamwebhelper.sh[4161]: CEF sandbox already disabled
2026-07-21T08:49:16.655553+02:00 HOST-REDACTED-B steamwebhelper[4172]: steamwebhelper.sh[4161]: Starting steamwebhelper with steamrt steam runtime at /<USER-REDACTED>/.local/share/Steam/steamrt64/pv-runtime/steam-runtime-steamrt/_v2-entry-point
2026-07-21T08:49:16.679381+02:00 HOST-REDACTED-B kernel: r8169 0000:06:00.0 enp6s0: Link is Up - 2.5Gbps/Full - flow control rx/tx
2026-07-21T08:49:16.679522+02:00 HOST-REDACTED-B NetworkManager[2042]: <info>  [1784616556.6795] device (enp6s0): carrier: link connected
2026-07-21T08:49:16.679671+02:00 HOST-REDACTED-B NetworkManager[2042]: <info>  [1784616556.6796] device (enp6s0): state change: unavailable -> disconnected (reason 'carrier-changed', managed-type: 'full')
2026-07-21T08:49:16.680014+02:00 HOST-REDACTED-B NetworkManager[2042]: <info>  [1784616556.6800] policy: auto-activating connection 'Wired connection 1' (UUID-REDACTED)
2026-07-21T08:49:16.680217+02:00 HOST-REDACTED-B NetworkManager[2042]: <info>  [1784616556.6802] device (enp6s0): Activation: starting connection 'Wired connection 1' (UUID-REDACTED)
2026-07-21T08:49:16.680265+02:00 HOST-REDACTED-B NetworkManager[2042]: <info>  [1784616556.6802] device (enp6s0): state change: disconnected -> prepare (reason 'none', managed-type: 'full')
2026-07-21T08:49:16.680362+02:00 HOST-REDACTED-B NetworkManager[2042]: <info>  [1784616556.6803] manager: NetworkManager state is now CONNECTING
2026-07-21T08:49:16.680440+02:00 HOST-REDACTED-B NetworkManager[2042]: <info>  [1784616556.6804] device (enp6s0): state change: prepare -> config (reason 'none', managed-type: 'full')
2026-07-21T08:49:16.687479+02:00 HOST-REDACTED-B NetworkManager[2042]: <info>  [1784616556.6874] device (enp6s0): state change: config -> ip-config (reason 'none', managed-type: 'full')
2026-07-21T08:49:16.687747+02:00 HOST-REDACTED-B NetworkManager[2042]: <info>  [1784616556.6877] dhcp4 (enp6s0): activation: beginning transaction (timeout in 45 seconds)
2026-07-21T08:49:16.688370+02:00 HOST-REDACTED-B avahi-daemon[1389]: Joining mDNS multicast group on interface enp6s0.IPv6 with address 2001:db8::1.
2026-07-21T08:49:16.688397+02:00 HOST-REDACTED-B avahi-daemon[1389]: New relevant interface enp6s0.IPv6 for mDNS.
2026-07-21T08:49:16.992340+02:00 HOST-REDACTED-B rtkit-daemon[2733]: Successfully made thread 4224 of process 4070 owned by '1000' high priority at nice level -10.
2026-07-21T08:49:16.997531+02:00 HOST-REDACTED-B systemd[1]: Starting Daemon for power management...
2026-07-21T08:49:17.034683+02:00 HOST-REDACTED-B upowerd[4232]: The "Ignore" CriticalPowerAction setting is considered risky: abrupt power loss due to battery exhaustion may lead to data corruption. Use AllowRiskyCriticalPowerAction=false to disable support for risky settings.
2026-07-21T08:49:17.056523+02:00 HOST-REDACTED-B rtkit-daemon[2733]: Successfully made thread 4225 of process 4070 owned by '1000' high priority at nice level -10.
2026-07-21T08:49:17.075053+02:00 HOST-REDACTED-B systemd[1]: Started Daemon for power management.
2026-07-21T08:49:17.082252+02:00 HOST-REDACTED-B systemd[2401]: steam-launcher.service: Got notification message from PID 4241, but reception is disabled
2026-07-21T08:49:17.106183+02:00 HOST-REDACTED-B pkexec[4243]: pam_unix(polkit-1:session): session opened for user root(uid=0) by USER-REDACTED(uid=1000)
2026-07-21T08:49:17.109107+02:00 HOST-REDACTED-B pkexec[4243]: USER-REDACTED: Executing command [USER=root] [TTY=unknown] [CWD=/<USER-REDACTED>/.local/share/Steam] [COMMAND=/usr/bin/steamos-polkit-helpers/jupiter-fan-control --disable]
2026-07-21T08:49:17.129695+02:00 HOST-REDACTED-B mangoapp[3260]: [2026-07-21 08:49:17.129] [MANGOHUD] [error] [overlay_params.cpp:758] Unknown option 'nis_steam_sharpness'
2026-07-21T08:49:17.134428+02:00 HOST-REDACTED-B mangoapp[3260]: [2026-07-21 08:49:17.134] [MANGOHUD] [error] [overlay_params.cpp:758] Unknown option 'nis_steam_sharpness'
2026-07-21T08:49:17.143198+02:00 HOST-REDACTED-B gamescope-session[2999]: [gamescope] [Info]  wlserver: Updating mode for xwayland server #0: 3840x2160@120
2026-07-21T08:49:17.213133+02:00 HOST-REDACTED-B gamescope-session[2999]: [gamescope] [Info]  binding: (VolumeUp) -> Adding new trigger [XF86AudioRaiseVolume].
2026-07-21T08:49:17.213204+02:00 HOST-REDACTED-B gamescope-session[2999]: [gamescope] [Info]  binding: (VolumeDown) -> Adding new trigger [XF86AudioLowerVolume].
2026-07-21T08:49:17.229441+02:00 HOST-REDACTED-B mangoapp[3260]: [2026-07-21 08:49:17.229] [MANGOHUD] [error] [overlay_params.cpp:758] Unknown option 'nis_steam_sharpness'
2026-07-21T08:49:17.285649+02:00 HOST-REDACTED-B gpu-trace[1395]: INFO - Executing get tracing status command
2026-07-21T08:49:17.285915+02:00 HOST-REDACTED-B gpu-trace[1395]: 127.0.0.1 - - [21/Jul/2026 08:49:17] "POST / HTTP/1.1" 200 -
2026-07-21T08:49:17.327428+02:00 HOST-REDACTED-B steam[3370]: Steam Runtime Launch Service: starting steam-runtime-launcher-service
2026-07-21T08:49:17.328689+02:00 HOST-REDACTED-B steam[3370]: Steam Runtime Launch Service: steam-runtime-launcher-service is running pid 4346
2026-07-21T08:49:17.337836+02:00 HOST-REDACTED-B steam[3370]: bus_name=com.steampowered.PressureVessel.LaunchAlongsideSteam
2026-07-21T08:49:17.349549+02:00 HOST-REDACTED-B steamwebhelper[4172]: i386-linux-gnu-capsule-capture-libs: warning: Dependencies of /usr/lib32/libMangoHud.so not found, ignoring: Missing dependencies: Could not find "libxkbcommon.so.0" in LD_LIBRARY_PATH "/<USER-REDACTED>/.local/share/Steam/ubuntu12_32:/<USER-REDACTED>/.local/share/Steam/ubuntu12_32/panorama:/usr/lib32:/usr/lib/perf:/usr/lib", ld.so.cache, DT_RUNPATH or fallback /lib/i386-linux-gnu:/usr/lib/i386-linux-gnu:/usr/i686-pc-linux-gnu/lib:/lib32:/usr/lib32:/lib:/usr/lib
2026-07-21T08:49:17.358207+02:00 HOST-REDACTED-B gpu-trace[1395]: INFO - Executing get tracing status command
2026-07-21T08:49:17.358280+02:00 HOST-REDACTED-B gpu-trace[1395]: 127.0.0.1 - - [21/Jul/2026 08:49:17] "POST / HTTP/1.1" 200 -
2026-07-21T08:49:17.371262+02:00 HOST-REDACTED-B systemd[1]: systemd-rfkill.service: Deactivated successfully.
2026-07-21T08:49:17.429662+02:00 HOST-REDACTED-B mangoapp[3260]: [2026-07-21 08:49:17.429] [MANGOHUD] [error] [overlay_params.cpp:758] Unknown option 'nis_steam_sharpness'
2026-07-21T08:49:17.547792+02:00 HOST-REDACTED-B systemd[2401]: Starting Accessibility services bus...
2026-07-21T08:49:17.564204+02:00 HOST-REDACTED-B systemd[2401]: Started Accessibility services bus.
2026-07-21T08:49:17.567192+02:00 HOST-REDACTED-B dbus-broker-launch[4380]: Ready
2026-07-21T08:49:17.691479+02:00 HOST-REDACTED-B steamwebhelper[4172]: exec ./steamwebhelper -nocrashdialog -lang=en_US -cachedir=/<USER-REDACTED>/.local/share/Steam/config/htmlcache -steampid=4070 -buildid=1784145295 -steamid=0 -logdir=/<USER-REDACTED>/.local/share/Steam/logs -uimode=4 -startcount=0 -steamos3 -steamuniverse=Public -realm=Global -clientui=/<USER-REDACTED>/.local/share/Steam/clientui -steampath=/<USER-REDACTED>/.local/share/Steam/ubuntu12_32/steam -launcher=0 --valve-enable-accessibility --valve-enable-site-isolation --enable-smooth-scrolling --no-sandbox --password-store=basic --log-file=/<USER-REDACTED>/.local/share/Steam/logs/cef_log.txt --disable-quick-menu --disable-component-update --gaia-url=http://disabled.invalid --enable-features=PlatformHEVCDecoderSupport --disable-features=WinRetrieveSuggestionsOnlyOnDemand,SpareRendererForSitePerProcess,DcheckIsFatal,BlockPromptsIfIgnoredOften,WebUsbDeviceDetection,ValveFFmpegAllowLowDelayHEVC
2026-07-21T08:49:18.334141+02:00 HOST-REDACTED-B steam[3370]: ATTENTION: default value of option vk_xwayland_wait_ready overridden by environment.
2026-07-21T08:49:18.335012+02:00 HOST-REDACTED-B steam[3370]: ATTENTION: default value of option vk_xwayland_wait_ready overridden by environment.
2026-07-21T08:49:18.336054+02:00 HOST-REDACTED-B steam[3370]: [Gamescope WSI] Application info:
2026-07-21T08:49:18.336219+02:00 HOST-REDACTED-B steam[3370]:   pApplicationName: hellovr_vulkan
2026-07-21T08:49:18.336235+02:00 HOST-REDACTED-B steam[3370]:   applicationVersion: 1
2026-07-21T08:49:18.336235+02:00 HOST-REDACTED-B steam[3370]:   pEngineName: (null)
2026-07-21T08:49:18.336235+02:00 HOST-REDACTED-B steam[3370]:   engineVersion: 1
2026-07-21T08:49:18.336283+02:00 HOST-REDACTED-B steam[3370]:   apiVersion: 4194304
2026-07-21T08:49:18.336283+02:00 HOST-REDACTED-B steam[3370]: [Gamescope WSI] Executable name: vulkandriverquery
2026-07-21T08:49:18.337199+02:00 HOST-REDACTED-B steam[3370]: WARNING: radv is not a conformant Vulkan implementation, testing use only.
2026-07-21T08:49:18.342570+02:00 HOST-REDACTED-B steam[3370]: [Gamescope WSI] Forcing on VK_EXT_swapchain_maintenance1.
2026-07-21T08:49:18.588622+02:00 HOST-REDACTED-B gamescope-session[4554]: The XKEYBOARD keymap compiler (xkbcomp) reports:
2026-07-21T08:49:18.588622+02:00 HOST-REDACTED-B gamescope-session[4554]: > Warning:          Unsupported maximum keycode 708, clipping.
2026-07-21T08:49:18.588622+02:00 HOST-REDACTED-B gamescope-session[4554]: >                   X11 cannot support keycodes above 255.
2026-07-21T08:49:18.588881+02:00 HOST-REDACTED-B gamescope-session[4555]: The XKEYBOARD keymap compiler (xkbcomp) reports:
2026-07-21T08:49:18.588881+02:00 HOST-REDACTED-B gamescope-session[4555]: > Warning:          Unsupported maximum keycode 708, clipping.
2026-07-21T08:49:18.588881+02:00 HOST-REDACTED-B gamescope-session[4555]: >                   X11 cannot support keycodes above 255.
2026-07-21T08:49:18.589057+02:00 HOST-REDACTED-B gamescope-session[4554]: > Warning:          Could not resolve keysym XF86RefreshRateToggle
2026-07-21T08:49:18.589057+02:00 HOST-REDACTED-B gamescope-session[4554]: > Warning:          Could not resolve keysym XF86Accessibility
2026-07-21T08:49:18.589057+02:00 HOST-REDACTED-B gamescope-session[4554]: > Warning:          Could not resolve keysym XF86DoNotDisturb
2026-07-21T08:49:18.589205+02:00 HOST-REDACTED-B gamescope-session[4555]: > Warning:          Could not resolve keysym XF86RefreshRateToggle
2026-07-21T08:49:18.589253+02:00 HOST-REDACTED-B gamescope-session[4555]: > Warning:          Could not resolve keysym XF86Accessibility
2026-07-21T08:49:18.589253+02:00 HOST-REDACTED-B gamescope-session[4555]: > Warning:          Could not resolve keysym XF86DoNotDisturb
2026-07-21T08:49:18.589257+02:00 HOST-REDACTED-B systemd[1]: Starting Atomic Update Daemon...
2026-07-21T08:49:18.589428+02:00 HOST-REDACTED-B gamescope-session[4554]: Errors from xkbcomp are not fatal to the X server
2026-07-21T08:49:18.589596+02:00 HOST-REDACTED-B gamescope-session[4555]: Errors from xkbcomp are not fatal to the X server
2026-07-21T08:49:18.604203+02:00 HOST-REDACTED-B pkexec[4556]: pam_unix(polkit-1:session): session opened for user root(uid=0) by USER-REDACTED(uid=1000)
2026-07-21T08:49:18.606625+02:00 HOST-REDACTED-B pkexec[4556]: USER-REDACTED: Executing command [USER=root] [TTY=unknown] [CWD=/<USER-REDACTED>/.local/share/Steam] [COMMAND=/usr/bin/steamos-polkit-helpers/steamos-devkit-mode --enable]
2026-07-21T08:49:18.609846+02:00 HOST-REDACTED-B systemd[1]: Starting Time & Date Service...
2026-07-21T08:49:18.613108+02:00 HOST-REDACTED-B systemd[1]: Reload requested from client PID 4573 ('systemctl') (unit user@1000.service)...
2026-07-21T08:49:18.613118+02:00 HOST-REDACTED-B systemd[1]: Reloading...
2026-07-21T08:49:18.723885+02:00 HOST-REDACTED-B NetworkManager[2042]: <info>  [1784616558.7238] dhcp4 (enp6s0): state changed new lease, address=IP-REDACTED, acd pending
2026-07-21T08:49:18.831754+02:00 HOST-REDACTED-B systemd[1]: Reloading finished in 218 ms.
2026-07-21T08:49:18.847424+02:00 HOST-REDACTED-B systemd[1]: Started Time & Date Service.
2026-07-21T08:49:18.859906+02:00 HOST-REDACTED-B sh[4675]: adjtime state 5 status 40 time Tue 2026-07-21 06:49:18.859862 UTC
2026-07-21T08:49:18.873847+02:00 HOST-REDACTED-B steam[3370]: ATTENTION: default value of option vk_xwayland_wait_ready overridden by environment.
2026-07-21T08:49:18.874804+02:00 HOST-REDACTED-B steam[3370]: ATTENTION: default value of option vk_xwayland_wait_ready overridden by environment.
2026-07-21T08:49:18.875913+02:00 HOST-REDACTED-B steam[3370]: [Gamescope WSI] Application info:
2026-07-21T08:49:18.876060+02:00 HOST-REDACTED-B steam[3370]:   pApplicationName: hellovr_vulkan
2026-07-21T08:49:18.876074+02:00 HOST-REDACTED-B steam[3370]:   applicationVersion: 1
2026-07-21T08:49:18.876074+02:00 HOST-REDACTED-B steam[3370]:   pEngineName: (null)
2026-07-21T08:49:18.876104+02:00 HOST-REDACTED-B steam[3370]:   engineVersion: 1
2026-07-21T08:49:18.876104+02:00 HOST-REDACTED-B steam[3370]:   apiVersion: 4194304
2026-07-21T08:49:18.876104+02:00 HOST-REDACTED-B steam[3370]: [Gamescope WSI] Executable name: vulkandriverquery
2026-07-21T08:49:18.877086+02:00 HOST-REDACTED-B steam[3370]: WARNING: radv is not a conformant Vulkan implementation, testing use only.
2026-07-21T08:49:18.879439+02:00 HOST-REDACTED-B NetworkManager[2042]: <info>  [1784616558.8794] dhcp4 (enp6s0): state changed new lease, address=IP-REDACTED
2026-07-21T08:49:18.879728+02:00 HOST-REDACTED-B avahi-daemon[1389]: Joining mDNS multicast group on interface enp6s0.IPv4 with address IP-REDACTED.
2026-07-21T08:49:18.879755+02:00 HOST-REDACTED-B avahi-daemon[1389]: New relevant interface enp6s0.IPv4 for mDNS.
2026-07-21T08:49:18.880005+02:00 HOST-REDACTED-B NetworkManager[2042]: <info>  [1784616558.8799] policy: set 'Wired connection 1' (enp6s0) as default for IPv4 routing and DNS
2026-07-21T08:49:18.880595+02:00 HOST-REDACTED-B systemd-resolved[579]: enp6s0: Bus client set default route setting: yes
2026-07-21T08:49:18.880907+02:00 HOST-REDACTED-B systemd-resolved[579]: enp6s0: Bus client set DNS server list to: IP-REDACTED
2026-07-21T08:49:18.882470+02:00 HOST-REDACTED-B steam[3370]: [Gamescope WSI] Forcing on VK_EXT_swapchain_maintenance1.
2026-07-21T08:49:18.883749+02:00 HOST-REDACTED-B NetworkManager[2042]: <info>  [1784616558.8837] device (enp6s0): state change: ip-config -> ip-check (reason 'none', managed-type: 'full')
2026-07-21T08:49:18.884495+02:00 HOST-REDACTED-B NetworkManager[2042]: <info>  [1784616558.8844] device (enp6s0): state change: ip-check -> secondaries (reason 'none', managed-type: 'full')
2026-07-21T08:49:18.884557+02:00 HOST-REDACTED-B NetworkManager[2042]: <info>  [1784616558.8845] device (enp6s0): state change: secondaries -> activated (reason 'none', managed-type: 'full')
2026-07-21T08:49:18.884698+02:00 HOST-REDACTED-B NetworkManager[2042]: <info>  [1784616558.8846] manager: NetworkManager state is now CONNECTED_SITE
2026-07-21T08:49:18.884786+02:00 HOST-REDACTED-B NetworkManager[2042]: <info>  [1784616558.8847] device (enp6s0): Activation: successful, device activated.
2026-07-21T08:49:18.885047+02:00 HOST-REDACTED-B NetworkManager[2042]: <info>  [1784616558.8850] manager: startup complete
2026-07-21T08:49:18.886475+02:00 HOST-REDACTED-B systemd[1]: Finished Network Manager Wait Online.
2026-07-21T08:49:18.886753+02:00 HOST-REDACTED-B systemd[1]: Reached target Network is Online.
2026-07-21T08:49:18.887664+02:00 HOST-REDACTED-B systemd[1]: Started RigSignal eBPF kernel daemon.
2026-07-21T08:49:18.887794+02:00 HOST-REDACTED-B systemd[1]: Reached target Multi-User System.
2026-07-21T08:49:18.887875+02:00 HOST-REDACTED-B systemd[1]: Reached target Graphical Interface.
2026-07-21T08:49:18.888731+02:00 HOST-REDACTED-B systemd[1]: Starting SteamOS Boot Registration...
2026-07-21T08:49:18.927053+02:00 HOST-REDACTED-B systemd[1]: Finished SteamOS Boot Registration.
2026-07-21T08:49:18.928228+02:00 HOST-REDACTED-B rigsignal-ebpf[4681]: 2026-07-21T06:49:18.928213Z  INFO rigsignal_ebpf: RigSignal eBPF daemon starting
2026-07-21T08:49:18.928228+02:00 HOST-REDACTED-B rigsignal-ebpf[4681]: 2026-07-21T06:49:18.928223Z  INFO rigsignal_ebpf: BPF probe path: /usr/local/lib/rigsignal/rigsignal-ebpf-probes
2026-07-21T08:49:18.928228+02:00 HOST-REDACTED-B rigsignal-ebpf[4681]: 2026-07-21T06:49:18.928227Z  INFO rigsignal_ebpf: ES endpoint: https://IP-REDACTED:9200
2026-07-21T08:49:18.928462+02:00 HOST-REDACTED-B rigsignal-ebpf[4681]: 2026-07-21T06:49:18.928426Z  INFO rigsignal_ebpf::loader: loading BPF object from /usr/local/lib/rigsignal/rigsignal-ebpf-probes
2026-07-21T08:49:18.955756+02:00 HOST-REDACTED-B rigsignal-ebpf[4681]: 2026-07-21T06:49:18.955734Z  INFO rigsignal_ebpf::loader: loaded probe 'schedlatency'
2026-07-21T08:49:18.956016+02:00 HOST-REDACTED-B rigsignal-ebpf[4681]: 2026-07-21T06:49:18.956001Z  INFO rigsignal_ebpf::loader: loaded probe 'bio'
2026-07-21T08:49:18.956083+02:00 HOST-REDACTED-B rigsignal-ebpf[4681]: 2026-07-21T06:49:18.956072Z  INFO rigsignal_ebpf::probes::gpu_sched: gpu_sched tracepoint variant selected variant="legacy" key_field="id" key_offset=32 scope_field="entity" scope_offset=8
2026-07-21T08:49:18.956418+02:00 HOST-REDACTED-B rigsignal-ebpf[4681]: 2026-07-21T06:49:18.956409Z  INFO rigsignal_ebpf::loader: loaded probe 'gpu_sched'
2026-07-21T08:49:18.956658+02:00 HOST-REDACTED-B rigsignal-ebpf[4681]: 2026-07-21T06:49:18.956650Z  INFO rigsignal_ebpf::loader: loaded probe 'mem'
2026-07-21T08:49:18.990354+02:00 HOST-REDACTED-B NetworkManager[2042]: <info>  [1784616558.9903] manager: NetworkManager state is now CONNECTED_GLOBAL
2026-07-21T08:49:19.008722+02:00 HOST-REDACTED-B steam[3370]: [2026-07-21 08:49:19] Background update loop checking for update. . .
2026-07-21T08:49:19.008859+02:00 HOST-REDACTED-B steam[3370]: [2026-07-21 08:49:19] Checking for available updates...
2026-07-21T08:49:19.008888+02:00 HOST-REDACTED-B steam[3370]: [2026-07-21 08:49:19] Downloading manifest: https://client-update.akamai.steamstatic.com/steam_client_steamdeck_publicbeta_ubuntu12
2026-07-21T08:49:19.059089+02:00 HOST-REDACTED-B steam[3370]: [2026-07-21 08:49:19] Manifest download: send request
2026-07-21T08:49:19.069574+02:00 HOST-REDACTED-B systemd[2401]: steam-launcher.service: Got notification message from PID 4700, but reception is disabled
2026-07-21T08:49:19.097352+02:00 HOST-REDACTED-B rigsignal-ebpf[4681]: 2026-07-21T06:49:19.097334Z  INFO rigsignal_ebpf::loader: loaded probe 'futex'
2026-07-21T08:49:19.097963+02:00 HOST-REDACTED-B rigsignal-ebpf[4681]: 2026-07-21T06:49:19.097937Z  INFO rigsignal_ebpf::loader: loaded probe 'irq'
2026-07-21T08:49:19.259111+02:00 HOST-REDACTED-B steam[3370]: [2026-07-21 08:49:19] Manifest download: waiting for download to finish
2026-07-21T08:49:19.371135+02:00 HOST-REDACTED-B rigsignal-ebpf[4681]: 2026-07-21T06:49:19.371088Z  INFO rigsignal_ebpf::loader: loaded probe 'vfs'
2026-07-21T08:49:19.510624+02:00 HOST-REDACTED-B rigsignal-ebpf[4681]: 2026-07-21T06:49:19.510573Z  INFO rigsignal_ebpf::loader: loaded probe 'gpu_fence'
2026-07-21T08:49:19.659204+02:00 HOST-REDACTED-B rigsignal-ebpf[4681]: 2026-07-21T06:49:19.659155Z  INFO rigsignal_ebpf::loader: loaded probe 'gpu_submit'
2026-07-21T08:49:19.659204+02:00 HOST-REDACTED-B rigsignal-ebpf[4681]: 2026-07-21T06:49:19.659168Z  INFO rigsignal_ebpf::loader: probes: 9/9 loaded
2026-07-21T08:49:19.659369+02:00 HOST-REDACTED-B rigsignal-ebpf[4681]: 2026-07-21T06:49:19.659357Z  INFO rigsignal_ebpf::session: watching /tmp/rigsignal for session changes
2026-07-21T08:49:19.659415+02:00 HOST-REDACTED-B rigsignal-ebpf[4681]: 2026-07-21T06:49:19.659405Z  INFO rigsignal_ebpf: daemon running — 9/9 probes active
2026-07-21T08:49:19.673645+02:00 HOST-REDACTED-B systemd[2401]: Created slice Slice /app/dbus-:1.41-org.a11y.atspi.Registry.
2026-07-21T08:49:19.674583+02:00 HOST-REDACTED-B systemd[2401]: Started dbus-:1.41-org.a11y.atspi.Registry@0.service.
2026-07-21T08:49:19.692114+02:00 HOST-REDACTED-B at-spi2-registryd[4762]: SpiRegistry daemon is running with well-known name - org.a11y.atspi.Registry
2026-07-21T08:49:19.708307+02:00 HOST-REDACTED-B pkexec[4771]: pam_unix(polkit-1:session): session opened for user root(uid=0) by USER-REDACTED(uid=1000)
2026-07-21T08:49:19.711706+02:00 HOST-REDACTED-B pkexec[4771]: USER-REDACTED: Executing command [USER=root] [TTY=unknown] [CWD=/<USER-REDACTED>/.local/share/Steam] [COMMAND=/usr/bin/steamos-polkit-helpers/jupiter-check-support]
2026-07-21T08:49:19.759250+02:00 HOST-REDACTED-B steam[3370]: [2026-07-21 08:49:19] Manifest download: finished
2026-07-21T08:49:19.759626+02:00 HOST-REDACTED-B steam[3370]: [2026-07-21 08:49:19] Downloaded new manifest: /steam_client_steamdeck_publicbeta_ubuntu12 version 1784588115, installed version 1784145295, existing pending version 0
2026-07-21T08:49:19.760171+02:00 HOST-REDACTED-B steam[3370]: [2026-07-21 08:49:19] Package file steamui_websrc_all.zip.vz.b7d8ceb77b6666d1c38193cd1ceb13f01768b4d1_26731092 missing or incorrect size
2026-07-21T08:49:19.760426+02:00 HOST-REDACTED-B steam[3370]: [2026-07-21 08:49:19] Package file bins_ubuntu12.zip.vz.b0f75d624073b24ab96fb8f4a86eb7d41042c724_40670460 missing or incorrect size
2026-07-21T08:49:19.760563+02:00 HOST-REDACTED-B steam[3370]: [2026-07-21 08:49:19] Package file bins_sdk_ubuntu12.zip.vz.6ce908cf4892e57d00a0305d1d27171d73d0e4ec_23429912 missing or incorrect size
2026-07-21T08:49:19.760744+02:00 HOST-REDACTED-B steam[3370]: [2026-07-21 08:49:19] Package file bins_misc_ubuntu12.zip.vz.60a73f697bba591ff5870532bf0c12fb64f5a80f_19666178 missing or incorrect size
2026-07-21T08:49:19.760911+02:00 HOST-REDACTED-B steam[3370]: [2026-07-21 08:49:19] Package file steam_ubuntu12.zip.vz.16f832a824f7f0d70b8bc2ec1441e3fef7bd8c64_3384137 missing or incorrect size
2026-07-21T08:49:19.761097+02:00 HOST-REDACTED-B steam[3370]: [2026-07-21 08:49:19] Package file bins_steamrt_ubuntu12.zip.vz.8799d6687c16131b41add392c78ee9c9c8e96535_60598780 missing or incorrect size
2026-07-21T08:49:19.761309+02:00 HOST-REDACTED-B steam[3370]: [2026-07-21 08:49:19] Package file steam_steamrt_ubuntu12.zip.vz.f15e60b65045df987089c2e99368e2653809c11b_3590498 missing or incorrect size
2026-07-21T08:49:19.761337+02:00 HOST-REDACTED-B steam[3370]: [2026-07-21 08:49:19] Add pending download: https://client-update.akamai.steamstatic.com/steamui_websrc_all.zip.vz.b7d8ceb77b6666d1c38193cd1ceb13f01768b4d1_26731092
2026-07-21T08:49:19.797001+02:00 HOST-REDACTED-B steam[3370]: [2026-07-21 08:49:19] Manifest download: send request
2026-07-21T08:49:19.811482+02:00 HOST-REDACTED-B steam[3370]: [2026-07-21 08:49:19] Add pending download: https://client-update.akamai.steamstatic.com/bins_ubuntu12.zip.vz.b0f75d624073b24ab96fb8f4a86eb7d41042c724_40670460
2026-07-21T08:49:19.833541+02:00 HOST-REDACTED-B steam[3370]: [2026-07-21 08:49:19] Manifest download: send request
2026-07-21T08:49:19.836570+02:00 HOST-REDACTED-B steam[3370]: [2026-07-21 08:49:19] Add pending download: https://client-update.akamai.steamstatic.com/bins_sdk_ubuntu12.zip.vz.6ce908cf4892e57d00a0305d1d27171d73d0e4ec_23429912
2026-07-21T08:49:19.844984+02:00 HOST-REDACTED-B systemd[2401]: steam-launcher.service: Got notification message from PID 4800, but reception is disabled
2026-07-21T08:49:19.854687+02:00 HOST-REDACTED-B systemd[2401]: steam-launcher.service: Got notification message from PID 4808, but reception is disabled
2026-07-21T08:49:19.861838+02:00 HOST-REDACTED-B pkexec[4803]: pam_unix(polkit-1:session): session opened for user root(uid=0) by USER-REDACTED(uid=1000)
2026-07-21T08:49:19.864796+02:00 HOST-REDACTED-B pkexec[4803]: USER-REDACTED: Executing command [USER=root] [TTY=unknown] [CWD=/<USER-REDACTED>/.local/share/Steam] [COMMAND=/usr/bin/jupiter-initial-firmware-update check]
2026-07-21T08:49:19.930444+02:00 HOST-REDACTED-B steam[3370]: [2026-07-21 08:49:19] Manifest download: send request
2026-07-21T08:49:19.936826+02:00 HOST-REDACTED-B steam[3370]: [2026-07-21 08:49:19] Add pending download: https://client-update.akamai.steamstatic.com/bins_misc_ubuntu12.zip.vz.60a73f697bba591ff5870532bf0c12fb64f5a80f_19666178
2026-07-21T08:49:19.947042+02:00 HOST-REDACTED-B steam[3370]: /usr/share/themes/Breeze-Dark/gtk-2.0/widgets/entry:70: error: unexpected identifier 'direction', expected character '}'
2026-07-21T08:49:19.949213+02:00 HOST-REDACTED-B steam[3370]: /usr/share/themes/Breeze-Dark/gtk-2.0/widgets/styles:36: error: invalid string constant "combobox_entry", expected valid string constant
2026-07-21T08:49:19.950469+02:00 HOST-REDACTED-B steam[3370]: [2026-07-21 08:49:19] Manifest download: send request
2026-07-21T08:49:19.962231+02:00 HOST-REDACTED-B steam[3370]: [2026-07-21 08:49:19] Add pending download: https://client-update.akamai.steamstatic.com/steam_ubuntu12.zip.vz.16f832a824f7f0d70b8bc2ec1441e3fef7bd8c64_3384137
2026-07-21T08:49:19.963968+02:00 HOST-REDACTED-B gamescope-session[2999]: [gamescope] [Info]  binding: (GRMarker) -> Adding new trigger [F12 + Control_L].
2026-07-21T08:49:19.964138+02:00 HOST-REDACTED-B gamescope-session[2999]: [gamescope] [Info]  binding: (GRBackgroundRecordingToggle) -> Adding new trigger [F11 + Control_L].
2026-07-21T08:49:20.015043+02:00 HOST-REDACTED-B steam[3370]: [2026-07-21 08:49:20] Manifest download: send request
2026-07-21T08:49:20.020048+02:00 HOST-REDACTED-B systemd[1]: Starting Disk Manager...
2026-07-21T08:49:20.037460+02:00 HOST-REDACTED-B steam[3370]: [2026-07-21 08:49:20] Add pending download: https://client-update.akamai.steamstatic.com/bins_steamrt_ubuntu12.zip.vz.8799d6687c16131b41add392c78ee9c9c8e96535_60598780
2026-07-21T08:49:20.039553+02:00 HOST-REDACTED-B udisksd[4867]: udisks daemon version 2.10.1 starting
2026-07-21T08:49:20.050388+02:00 HOST-REDACTED-B kernel: nvme nvme0: using unchecked data buffer
2026-07-21T08:49:20.053409+02:00 HOST-REDACTED-B kernel: block nvme0n1: No UUID available providing old NGUID
2026-07-21T08:49:20.078630+02:00 HOST-REDACTED-B systemd[1]: Started Disk Manager.
2026-07-21T08:49:20.090240+02:00 HOST-REDACTED-B udisksd[4867]: Acquired the name org.freedesktop.UDisks2 on the system message bus
2026-07-21T08:49:20.094673+02:00 HOST-REDACTED-B steam[3370]: [2026-07-21 08:49:20] Manifest download: send request
2026-07-21T08:49:20.096739+02:00 HOST-REDACTED-B gamescope-session[2999]: [gamescope] [Info]  binding: (GuideKeyboardHotkey) -> Adding new trigger [Tab + Shift_L].
2026-07-21T08:49:20.096847+02:00 HOST-REDACTED-B gamescope-session[2999]: [gamescope] [Info]  binding: (QAMKeyboardHotkey) -> Adding new trigger [Tab + Control_L + Shift_L].
2026-07-21T08:49:20.112687+02:00 HOST-REDACTED-B steam[3370]: [2026-07-21 08:49:20] Add pending download: https://client-update.akamai.steamstatic.com/steam_steamrt_ubuntu12.zip.vz.f15e60b65045df987089c2e99368e2653809c11b_3590498
2026-07-21T08:49:20.132788+02:00 HOST-REDACTED-B steam[3370]: [2026-07-21 08:49:20] Manifest download: send request
2026-07-21T08:49:20.137773+02:00 HOST-REDACTED-B steam[3370]: [2026-07-21 08:49:20] Downloading update (1,291 of 173,897 KB)...
2026-07-21T08:49:20.387877+02:00 HOST-REDACTED-B steam[3370]: [2026-07-21 08:49:20] Downloading update (3,473 of 173,897 KB)...
2026-07-21T08:49:20.638013+02:00 HOST-REDACTED-B steam[3370]: [2026-07-21 08:49:20] Downloading update (6,137 of 173,897 KB)...
2026-07-21T08:49:20.888142+02:00 HOST-REDACTED-B steam[3370]: [2026-07-21 08:49:20] Downloading update (8,658 of 173,897 KB)...
2026-07-21T08:49:21.138265+02:00 HOST-REDACTED-B steam[3370]: [2026-07-21 08:49:21] Downloading update (10,972 of 173,897 KB)...
2026-07-21T08:49:21.246389+02:00 HOST-REDACTED-B kernel: HDR SB:eb 02 00 60 88 08 39 c8 31 91 88 fe 1c df 0a 09
2026-07-21T08:49:21.246458+02:00 HOST-REDACTED-B kernel: HDR SB:3d 47 40 1f 03 00 00 1f 03 1f 03 00 00 00 00 00
2026-07-21T08:49:21.248394+02:00 HOST-REDACTED-B kernel: HDR SB:eb 02 00 60 88 08 39 c8 31 91 88 fe 1c df 0a 09
2026-07-21T08:49:21.248430+02:00 HOST-REDACTED-B kernel: HDR SB:3d 47 40 1f 03 00 00 1f 03 1f 03 00 00 00 00 00
2026-07-21T08:49:21.248448+02:00 HOST-REDACTED-B kernel: HDR SB:eb 02 00 60 88 08 39 c8 31 91 88 fe 1c df 0a 09
2026-07-21T08:49:21.248465+02:00 HOST-REDACTED-B kernel: HDR SB:3d 47 40 1f 03 00 00 1f 03 1f 03 00 00 00 00 00
2026-07-21T08:49:21.251416+02:00 HOST-REDACTED-B kernel: HDR SB:eb 02 00 60 88 08 39 c8 31 91 88 fe 1c df 0a 09
2026-07-21T08:49:21.251471+02:00 HOST-REDACTED-B kernel: HDR SB:3d 47 40 1f 03 00 00 1f 03 1f 03 00 00 00 00 00
2026-07-21T08:49:21.251485+02:00 HOST-REDACTED-B kernel: HDR SB:eb 02 00 60 88 08 39 c8 31 91 88 fe 1c df 0a 09
2026-07-21T08:49:21.251505+02:00 HOST-REDACTED-B kernel: HDR SB:3d 47 40 1f 03 00 00 1f 03 1f 03 00 00 00 00 00
2026-07-21T08:49:21.253391+02:00 HOST-REDACTED-B kernel: HDR SB:eb 02 00 60 88 08 39 c8 31 91 88 fe 1c df 0a 09
2026-07-21T08:49:21.253422+02:00 HOST-REDACTED-B kernel: HDR SB:3d 47 40 1f 03 00 00 1f 03 1f 03 00 00 00 00 00
2026-07-21T08:49:21.254405+02:00 HOST-REDACTED-B kernel: HDR SB:eb 02 00 60 88 08 39 c8 31 91 88 fe 1c df 0a 09
2026-07-21T08:49:21.254476+02:00 HOST-REDACTED-B kernel: HDR SB:3d 47 40 1f 03 00 00 1f 03 1f 03 00 00 00 00 00
2026-07-21T08:49:21.256386+02:00 HOST-REDACTED-B kernel: HDR SB:eb 02 00 60 88 08 39 c8 31 91 88 fe 1c df 0a 09
2026-07-21T08:49:21.256412+02:00 HOST-REDACTED-B kernel: HDR SB:3d 47 40 1f 03 00 00 1f 03 1f 03 00 00 00 00 00
2026-07-21T08:49:21.389437+02:00 HOST-REDACTED-B steam[3370]: [2026-07-21 08:49:21] Downloading update (13,450 of 173,897 KB)...
2026-07-21T08:49:21.392408+02:00 HOST-REDACTED-B mangoapp[3260]: [2026-07-21 08:49:21.392] [MANGOHUD] [error] [cpu.cpp:794] Failed to initialize CPU power data
2026-07-21T08:49:21.392805+02:00 HOST-REDACTED-B mangoapp[3260]: [2026-07-21 08:49:21.392] [MANGOHUD] [error] [battery.cpp:29] No battery found
2026-07-21T08:49:21.618804+02:00 HOST-REDACTED-B steam[3370]: Desktop state changed: desktop: { pos:    0,   0 size: 3840,2160 } primary: { pos:    0,   0 size: 3840,2160 }
2026-07-21T08:49:21.620034+02:00 HOST-REDACTED-B steam[3370]: Caching cursor image for default, size 32x32, serial 46, cache size = 0
2026-07-21T08:49:21.621411+02:00 HOST-REDACTED-B steam[3370]: Caching cursor image for left_ptr, size 256x256, serial 2, cache size = 0
2026-07-21T08:49:21.623352+02:00 HOST-REDACTED-B steam[3370]: CDesktopCapturePipeWire: Opening DRM render node /dev/dri/renderD128
2026-07-21T08:49:21.635353+02:00 HOST-REDACTED-B steam[3370]: CDesktopCapturePipeWire: setting stream node path: gamescope
2026-07-21T08:49:21.638536+02:00 HOST-REDACTED-B steam[3370]: [2026-07-21 08:49:21] Downloading update (15,621 of 173,897 KB)...
2026-07-21T08:49:21.888714+02:00 HOST-REDACTED-B steam[3370]: [2026-07-21 08:49:21] Downloading update (17,971 of 173,897 KB)...
2026-07-21T08:49:21.900619+02:00 HOST-REDACTED-B mangoapp[3260]: [2026-07-21 08:49:21.900] [MANGOHUD] [error] [cpu.cpp:794] Failed to initialize CPU power data
2026-07-21T08:49:22.139332+02:00 HOST-REDACTED-B steam[3370]: [2026-07-21 08:49:22] Downloading update (20,397 of 173,897 KB)...
2026-07-21T08:49:22.389149+02:00 HOST-REDACTED-B steam[3370]: [2026-07-21 08:49:22] Downloading update (23,280 of 173,897 KB)...
2026-07-21T08:49:22.408594+02:00 HOST-REDACTED-B mangoapp[3260]: [2026-07-21 08:49:22.408] [MANGOHUD] [error] [cpu.cpp:794] Failed to initialize CPU power data
2026-07-21T08:49:22.639249+02:00 HOST-REDACTED-B steam[3370]: [2026-07-21 08:49:22] Downloading update (25,416 of 173,897 KB)...
2026-07-21T08:49:22.889356+02:00 HOST-REDACTED-B steam[3370]: [2026-07-21 08:49:22] Downloading update (27,841 of 173,897 KB)...
2026-07-21T08:49:22.908623+02:00 HOST-REDACTED-B mangoapp[3260]: [2026-07-21 08:49:22.908] [MANGOHUD] [error] [cpu.cpp:794] Failed to initialize CPU power data
2026-07-21T08:49:23.139492+02:00 HOST-REDACTED-B steam[3370]: [2026-07-21 08:49:23] Downloading update (30,549 of 173,897 KB)...
2026-07-21T08:49:23.347064+02:00 HOST-REDACTED-B systemd[1]: NetworkManager-dispatcher.service: Deactivated successfully.
2026-07-21T08:49:23.389623+02:00 HOST-REDACTED-B steam[3370]: [2026-07-21 08:49:23] Downloading update (33,217 of 173,897 KB)...
2026-07-21T08:49:23.408555+02:00 HOST-REDACTED-B mangoapp[3260]: [2026-07-21 08:49:23.408] [MANGOHUD] [error] [cpu.cpp:794] Failed to initialize CPU power data
2026-07-21T08:49:23.640450+02:00 HOST-REDACTED-B steam[3370]: [2026-07-21 08:49:23] Downloading update (35,516 of 173,897 KB)...
2026-07-21T08:49:23.890942+02:00 HOST-REDACTED-B steam[3370]: [2026-07-21 08:49:23] Downloading update (37,627 of 173,897 KB)...
2026-07-21T08:49:24.141141+02:00 HOST-REDACTED-B steam[3370]: [2026-07-21 08:49:24] Downloading update (40,272 of 173,897 KB)...
2026-07-21T08:49:24.288358+02:00 HOST-REDACTED-B steam[3370]: Timeout calling process LD_LIBRARY_PATH="${SYSTEM_LD_LIBRARY_PATH-${LD_LIBRARY_PATH}}" PATH="${SYSTEM_PATH-${PATH}}" steamos-select-branch -c
2026-07-21T08:49:24.288442+02:00 HOST-REDACTED-B steam[3370]: Timeout calling process LD_LIBRARY_PATH="${SYSTEM_LD_LIBRARY_PATH-${LD_LIBRARY_PATH}}" PATH="${SYSTEM_PATH-${PATH}}" steamos-select-branch -c
2026-07-21T08:49:24.391625+02:00 HOST-REDACTED-B steam[3370]: [2026-07-21 08:49:24] Downloading update (42,952 of 173,897 KB)...
2026-07-21T08:49:24.641320+02:00 HOST-REDACTED-B steam[3370]: [2026-07-21 08:49:24] Downloading update (45,620 of 173,897 KB)...
2026-07-21T08:49:24.891817+02:00 HOST-REDACTED-B steam[3370]: [2026-07-21 08:49:24] Downloading update (48,280 of 173,897 KB)...
2026-07-21T08:49:25.141947+02:00 HOST-REDACTED-B steam[3370]: [2026-07-21 08:49:25] Downloading update (51,128 of 173,897 KB)...
2026-07-21T08:49:25.392053+02:00 HOST-REDACTED-B steam[3370]: [2026-07-21 08:49:25] Downloading update (53,625 of 173,897 KB)...
2026-07-21T08:49:25.642156+02:00 HOST-REDACTED-B steam[3370]: [2026-07-21 08:49:25] Downloading update (56,273 of 173,897 KB)...
2026-07-21T08:49:25.892264+02:00 HOST-REDACTED-B steam[3370]: [2026-07-21 08:49:25] Downloading update (58,926 of 173,897 KB)...
2026-07-21T08:49:26.142355+02:00 HOST-REDACTED-B steam[3370]: [2026-07-21 08:49:26] Downloading update (61,602 of 173,897 KB)...
2026-07-21T08:49:26.392488+02:00 HOST-REDACTED-B steam[3370]: [2026-07-21 08:49:26] Downloading update (64,437 of 173,897 KB)...
2026-07-21T08:49:26.642578+02:00 HOST-REDACTED-B steam[3370]: [2026-07-21 08:49:26] Downloading update (66,919 of 173,897 KB)...
2026-07-21T08:49:26.893465+02:00 HOST-REDACTED-B steam[3370]: [2026-07-21 08:49:26] Downloading update (69,595 of 173,897 KB)...
2026-07-21T08:49:27.043903+02:00 HOST-REDACTED-B pkexec[5206]: pam_unix(polkit-1:session): session opened for user root(uid=0) by USER-REDACTED(uid=1000)
2026-07-21T08:49:27.048450+02:00 HOST-REDACTED-B pkexec[5206]: USER-REDACTED: Executing command [USER=root] [TTY=unknown] [CWD=/<USER-REDACTED>/.local/share/Steam] [COMMAND=/usr/bin/steamos-polkit-helpers/jupiter-dock-updater --check]
2026-07-21T08:49:27.196340+02:00 HOST-REDACTED-B steam[3370]: [2026-07-21 08:49:27] Downloading update (71,812 of 173,897 KB)...
2026-07-21T08:49:27.446423+02:00 HOST-REDACTED-B steam[3370]: [2026-07-21 08:49:27] Downloading update (74,471 of 173,897 KB)...
2026-07-21T08:49:27.742452+02:00 HOST-REDACTED-B steam[3370]: [2026-07-21 08:49:27] Downloading update (76,354 of 173,897 KB)...
2026-07-21T08:49:27.992532+02:00 HOST-REDACTED-B steam[3370]: [2026-07-21 08:49:27] Downloading update (79,535 of 173,897 KB)...
2026-07-21T08:49:28.242644+02:00 HOST-REDACTED-B steam[3370]: [2026-07-21 08:49:28] Downloading update (82,219 of 173,897 KB)...
2026-07-21T08:49:28.502656+02:00 HOST-REDACTED-B steam[3370]: [2026-07-21 08:49:28] Downloading update (85,351 of 173,897 KB)...
2026-07-21T08:49:28.515878+02:00 HOST-REDACTED-B steam[3370]: reaping pid: 4071 -- steam
2026-07-21T08:49:28.752732+02:00 HOST-REDACTED-B steam[3370]: [2026-07-21 08:49:28] Downloading update (87,479 of 173,897 KB)...
2026-07-21T08:49:29.002850+02:00 HOST-REDACTED-B steam[3370]: [2026-07-21 08:49:29] Downloading update (90,355 of 173,897 KB)...
2026-07-21T08:49:29.252935+02:00 HOST-REDACTED-B steam[3370]: [2026-07-21 08:49:29] Downloading update (92,931 of 173,897 KB)...
2026-07-21T08:49:29.503037+02:00 HOST-REDACTED-B steam[3370]: [2026-07-21 08:49:29] Downloading update (95,699 of 173,897 KB)...
2026-07-21T08:49:29.753487+02:00 HOST-REDACTED-B steam[3370]: [2026-07-21 08:49:29] Downloading update (98,455 of 173,897 KB)...
2026-07-21T08:49:30.003612+02:00 HOST-REDACTED-B steam[3370]: [2026-07-21 08:49:30] Downloading update (101,211 of 173,897 KB)...
2026-07-21T08:49:30.253719+02:00 HOST-REDACTED-B steam[3370]: [2026-07-21 08:49:30] Downloading update (104,006 of 173,897 KB)...
2026-07-21T08:49:30.503829+02:00 HOST-REDACTED-B steam[3370]: [2026-07-21 08:49:30] Downloading update (106,746 of 173,897 KB)...
2026-07-21T08:49:30.753916+02:00 HOST-REDACTED-B steam[3370]: [2026-07-21 08:49:30] Downloading update (109,696 of 173,897 KB)...
2026-07-21T08:49:31.004013+02:00 HOST-REDACTED-B steam[3370]: [2026-07-21 08:49:31] Downloading update (112,456 of 173,897 KB)...
2026-07-21T08:49:31.109598+02:00 HOST-REDACTED-B iwd[2209]: invalid HE capabilities for MAC-REDACTED
2026-07-21T08:49:31.109598+02:00 HOST-REDACTED-B iwd[2209]: invalid HE capabilities for MAC-REDACTED
2026-07-21T08:49:31.254109+02:00 HOST-REDACTED-B steam[3370]: [2026-07-21 08:49:31] Downloading update (114,497 of 173,897 KB)...
2026-07-21T08:49:31.369189+02:00 HOST-REDACTED-B steam[3370]: Timeout calling process LD_LIBRARY_PATH="${SYSTEM_LD_LIBRARY_PATH-${LD_LIBRARY_PATH}}" PATH="${SYSTEM_PATH-${PATH}}" steamos-select-branch -c
2026-07-21T08:49:31.369189+02:00 HOST-REDACTED-B steam[3370]: Timeout calling process LD_LIBRARY_PATH="${SYSTEM_LD_LIBRARY_PATH-${LD_LIBRARY_PATH}}" PATH="${SYSTEM_PATH-${PATH}}" steamos-select-branch -c
2026-07-21T08:49:31.504212+02:00 HOST-REDACTED-B steam[3370]: [2026-07-21 08:49:31] Downloading update (117,431 of 173,897 KB)...
2026-07-21T08:49:31.818606+02:00 HOST-REDACTED-B steam[3370]: [2026-07-21 08:49:31] Downloading update (120,038 of 173,897 KB)...
2026-07-21T08:49:32.068733+02:00 HOST-REDACTED-B steam[3370]: [2026-07-21 08:49:32] Downloading update (123,154 of 173,897 KB)...
2026-07-21T08:49:32.318849+02:00 HOST-REDACTED-B steam[3370]: [2026-07-21 08:49:32] Downloading update (125,389 of 173,897 KB)...
2026-07-21T08:49:32.568968+02:00 HOST-REDACTED-B steam[3370]: [2026-07-21 08:49:32] Downloading update (127,835 of 173,897 KB)...
2026-07-21T08:49:32.825653+02:00 HOST-REDACTED-B steam[3370]: [2026-07-21 08:49:32] Downloading update (130,209 of 173,897 KB)...
2026-07-21T08:49:33.166634+02:00 HOST-REDACTED-B steam[3370]: [2026-07-21 08:49:33] Downloading update (131,338 of 173,897 KB)...
2026-07-21T08:49:33.419568+02:00 HOST-REDACTED-B steam[3370]: [2026-07-21 08:49:33] Downloading update (132,272 of 173,897 KB)...
2026-07-21T08:49:33.669660+02:00 HOST-REDACTED-B steam[3370]: [2026-07-21 08:49:33] Downloading update (133,191 of 173,897 KB)...
2026-07-21T08:49:33.919755+02:00 HOST-REDACTED-B steam[3370]: [2026-07-21 08:49:33] Downloading update (134,110 of 173,897 KB)...
2026-07-21T08:49:34.169943+02:00 HOST-REDACTED-B steam[3370]: [2026-07-21 08:49:34] Downloading update (135,044 of 173,897 KB)...
2026-07-21T08:49:34.420034+02:00 HOST-REDACTED-B steam[3370]: [2026-07-21 08:49:34] Downloading update (135,982 of 173,897 KB)...
2026-07-21T08:49:34.670124+02:00 HOST-REDACTED-B steam[3370]: [2026-07-21 08:49:34] Downloading update (136,901 of 173,897 KB)...
2026-07-21T08:49:34.920205+02:00 HOST-REDACTED-B steam[3370]: [2026-07-21 08:49:34] Downloading update (137,820 of 173,897 KB)...
2026-07-21T08:49:35.170297+02:00 HOST-REDACTED-B steam[3370]: [2026-07-21 08:49:35] Downloading update (138,754 of 173,897 KB)...
2026-07-21T08:49:35.420426+02:00 HOST-REDACTED-B steam[3370]: [2026-07-21 08:49:35] Downloading update (139,565 of 173,897 KB)...
2026-07-21T08:49:35.670526+02:00 HOST-REDACTED-B steam[3370]: [2026-07-21 08:49:35] Downloading update (140,484 of 173,897 KB)...
2026-07-21T08:49:35.920630+02:00 HOST-REDACTED-B steam[3370]: [2026-07-21 08:49:35] Downloading update (141,403 of 173,897 KB)...
2026-07-21T08:49:36.170732+02:00 HOST-REDACTED-B steam[3370]: [2026-07-21 08:49:36] Downloading update (142,321 of 173,897 KB)...
2026-07-21T08:49:36.420828+02:00 HOST-REDACTED-B steam[3370]: [2026-07-21 08:49:36] Downloading update (143,240 of 173,897 KB)...
2026-07-21T08:49:36.670927+02:00 HOST-REDACTED-B steam[3370]: [2026-07-21 08:49:36] Downloading update (144,158 of 173,897 KB)...
2026-07-21T08:49:36.921026+02:00 HOST-REDACTED-B steam[3370]: [2026-07-21 08:49:36] Downloading update (145,069 of 173,897 KB)...
2026-07-21T08:49:37.171133+02:00 HOST-REDACTED-B steam[3370]: [2026-07-21 08:49:37] Downloading update (145,988 of 173,897 KB)...
2026-07-21T08:49:37.421225+02:00 HOST-REDACTED-B steam[3370]: [2026-07-21 08:49:37] Downloading update (146,890 of 173,897 KB)...
2026-07-21T08:49:37.671298+02:00 HOST-REDACTED-B steam[3370]: [2026-07-21 08:49:37] Downloading update (147,825 of 173,897 KB)...
2026-07-21T08:49:37.921417+02:00 HOST-REDACTED-B steam[3370]: [2026-07-21 08:49:37] Downloading update (148,727 of 173,897 KB)...
2026-07-21T08:49:38.171505+02:00 HOST-REDACTED-B steam[3370]: [2026-07-21 08:49:38] Downloading update (149,646 of 173,897 KB)...
2026-07-21T08:49:38.421602+02:00 HOST-REDACTED-B steam[3370]: [2026-07-21 08:49:38] Downloading update (150,565 of 173,897 KB)...
2026-07-21T08:49:38.517442+02:00 HOST-REDACTED-B steam[3370]: reaping pid: 4713 -- steamos-select-
2026-07-21T08:49:38.671698+02:00 HOST-REDACTED-B steam[3370]: [2026-07-21 08:49:38] Downloading update (151,678 of 173,897 KB)...
2026-07-21T08:49:38.857698+02:00 HOST-REDACTED-B sh[4675]: Exit without adjtimex synchronized.
2026-07-21T08:49:38.902991+02:00 HOST-REDACTED-B systemd[1]: Started Atomic Update Daemon.
2026-07-21T08:49:38.903199+02:00 HOST-REDACTED-B systemd[1]: Startup finished in 7.262s (firmware) + 599ms (loader) + 3.084s (kernel) + 28.776s (userspace) = 39.723s.
2026-07-21T08:49:38.921784+02:00 HOST-REDACTED-B steam[3370]: [2026-07-21 08:49:38] Downloading update (152,048 of 173,897 KB)...
2026-07-21T08:49:39.171900+02:00 HOST-REDACTED-B steam[3370]: [2026-07-21 08:49:39] Downloading update (152,310 of 173,897 KB)...
2026-07-21T08:49:39.421987+02:00 HOST-REDACTED-B steam[3370]: [2026-07-21 08:49:39] Downloading update (153,229 of 173,897 KB)...
2026-07-21T08:49:39.672087+02:00 HOST-REDACTED-B steam[3370]: [2026-07-21 08:49:39] Downloading update (154,164 of 173,897 KB)...
2026-07-21T08:49:39.922177+02:00 HOST-REDACTED-B steam[3370]: [2026-07-21 08:49:39] Downloading update (155,082 of 173,897 KB)...
2026-07-21T08:49:40.172280+02:00 HOST-REDACTED-B steam[3370]: [2026-07-21 08:49:40] Downloading update (155,985 of 173,897 KB)...
2026-07-21T08:49:40.422387+02:00 HOST-REDACTED-B steam[3370]: [2026-07-21 08:49:40] Downloading update (156,919 of 173,897 KB)...
2026-07-21T08:49:40.672468+02:00 HOST-REDACTED-B steam[3370]: [2026-07-21 08:49:40] Downloading update (157,822 of 173,897 KB)...
2026-07-21T08:49:40.922579+02:00 HOST-REDACTED-B steam[3370]: [2026-07-21 08:49:40] Downloading update (158,740 of 173,897 KB)...
2026-07-21T08:49:41.172670+02:00 HOST-REDACTED-B steam[3370]: [2026-07-21 08:49:41] Downloading update (159,675 of 173,897 KB)...
2026-07-21T08:49:41.422774+02:00 HOST-REDACTED-B steam[3370]: [2026-07-21 08:49:41] Downloading update (160,594 of 173,897 KB)...
2026-07-21T08:49:41.672871+02:00 HOST-REDACTED-B steam[3370]: [2026-07-21 08:49:41] Downloading update (161,520 of 173,897 KB)...
2026-07-21T08:49:41.922966+02:00 HOST-REDACTED-B steam[3370]: [2026-07-21 08:49:41] Downloading update (162,439 of 173,897 KB)...
2026-07-21T08:49:42.173070+02:00 HOST-REDACTED-B steam[3370]: [2026-07-21 08:49:42] Downloading update (163,357 of 173,897 KB)...
2026-07-21T08:49:42.423171+02:00 HOST-REDACTED-B steam[3370]: [2026-07-21 08:49:42] Downloading update (164,292 of 173,897 KB)...
2026-07-21T08:49:42.673243+02:00 HOST-REDACTED-B steam[3370]: [2026-07-21 08:49:42] Downloading update (165,194 of 173,897 KB)...
2026-07-21T08:49:42.923337+02:00 HOST-REDACTED-B steam[3370]: [2026-07-21 08:49:42] Downloading update (166,129 of 173,897 KB)...
2026-07-21T08:49:43.817961+02:00 HOST-REDACTED-B systemd-resolved[579]: Clock change detected. Flushing caches.
2026-07-21T08:49:43.818010+02:00 HOST-REDACTED-B systemd-timesyncd[580]: Contacted time server 116.203.244.102:123 (2.arch.pool.ntp.org).
2026-07-21T08:49:43.818065+02:00 HOST-REDACTED-B systemd-timesyncd[580]: Initial clock synchronization to Tue 2026-07-21 08:49:43.817932 CEST.
2026-07-21T08:49:44.066412+02:00 HOST-REDACTED-B steam[3370]: [2026-07-21 08:49:44] Downloading update (167,047 of 173,897 KB)...
2026-07-21T08:49:44.214629+02:00 HOST-REDACTED-B systemd[1]: systemd-hostnamed.service: Deactivated successfully.
2026-07-21T08:49:44.316513+02:00 HOST-REDACTED-B steam[3370]: [2026-07-21 08:49:44] Downloading update (167,982 of 173,897 KB)...
2026-07-21T08:49:44.566652+02:00 HOST-REDACTED-B steam[3370]: [2026-07-21 08:49:44] Downloading update (168,901 of 173,897 KB)...
2026-07-21T08:49:44.816640+02:00 HOST-REDACTED-B steam[3370]: [2026-07-21 08:49:44] Downloading update (169,827 of 173,897 KB)...
2026-07-21T08:49:45.066735+02:00 HOST-REDACTED-B steam[3370]: [2026-07-21 08:49:45] Downloading update (170,746 of 173,897 KB)...
2026-07-21T08:49:45.316872+02:00 HOST-REDACTED-B steam[3370]: [2026-07-21 08:49:45] Downloading update (171,664 of 173,897 KB)...
2026-07-21T08:49:45.566976+02:00 HOST-REDACTED-B steam[3370]: [2026-07-21 08:49:45] Downloading update (172,595 of 173,897 KB)...
2026-07-21T08:49:45.817104+02:00 HOST-REDACTED-B steam[3370]: [2026-07-21 08:49:45] Downloading update (173,513 of 173,897 KB)...
2026-07-21T08:49:46.127955+02:00 HOST-REDACTED-B rigsignal-agent[2691]: 2026-07-21T06:49:46.127900Z  INFO rigsignal_agent::session: No game detected — idle polling
2026-07-21T08:49:46.161188+02:00 HOST-REDACTED-B steam[3370]: [2026-07-21 08:49:46] Downloading update (173,897 of 173,897 KB)...
2026-07-21T08:49:46.161669+02:00 HOST-REDACTED-B steam[3370]: [2026-07-21 08:49:46] Download complete.
2026-07-21T08:49:46.161705+02:00 HOST-REDACTED-B steam[3370]: [2026-07-21 08:49:46] Saving metrics to disk (/<USER-REDACTED>/.local/share/Steam/package/steam_client_metrics.bin)
2026-07-21T08:49:47.602287+02:00 HOST-REDACTED-B gamescope-session[2999]: [gamescope] [Info]  wlserver: Got change event for KMS device
2026-07-21T08:49:47.603208+02:00 HOST-REDACTED-B gamescope-session[2999]: [gamescope] [Info]  drm: current connector 'HDMI-A-2' disconnected
2026-07-21T08:49:47.603208+02:00 HOST-REDACTED-B gamescope-session[2999]: [gamescope] [Info]  drm: cannot find any connected connector!
2026-07-21T08:49:47.603244+02:00 HOST-REDACTED-B gamescope-session[2999]: [gamescope] [Info]  wlserver: Updating mode for xwayland server #0: 1280x720@60
2026-07-21T08:49:47.604384+02:00 HOST-REDACTED-B gamescope-session[2999]: [gamescope] [Info]  wlserver: Updating mode for xwayland server #0: 1280x720@60
2026-07-21T08:49:49.433435+02:00 HOST-REDACTED-B steam[3370]: reaping pid: 5196 -- steamos-select-
2026-07-21T08:49:50.773748+02:00 HOST-REDACTED-B systemd[1]: systemd-timedated.service: Deactivated successfully.
2026-07-21T08:49:55.563548+02:00 HOST-REDACTED-B iwd[2209]: invalid HE capabilities for MAC-REDACTED
2026-07-21T08:49:55.563548+02:00 HOST-REDACTED-B iwd[2209]: invalid HE capabilities for MAC-REDACTED
2026-07-21T08:49:55.563818+02:00 HOST-REDACTED-B iwd[2209]: invalid HE capabilities for MAC-REDACTED
2026-07-21T08:50:20.127190+02:00 HOST-REDACTED-B rigsignal-agent[2691]: 2026-07-21T06:50:20.127155Z  INFO rigsignal_agent::session: No game detected — idle polling
2026-07-21T08:50:54.127435+02:00 HOST-REDACTED-B rigsignal-agent[2691]: 2026-07-21T06:50:54.127378Z  INFO rigsignal_agent::session: No game detected — idle polling
2026-07-21T08:51:18.100048+02:00 HOST-REDACTED-B steam[3370]: [2026-07-21 08:51:18] uninstalled manifest found in /<USER-REDACTED>/.local/share/Steam/package/steam_client_steamdeck_publicbeta_ubuntu12 (1).
2026-07-21T08:51:18.100720+02:00 HOST-REDACTED-B steam[3370]: [2026-07-21 08:51:18] Background update loop checking for update. . .
2026-07-21T08:51:18.100856+02:00 HOST-REDACTED-B steam[3370]: [2026-07-21 08:51:18] Checking for available updates...
2026-07-21T08:51:18.100903+02:00 HOST-REDACTED-B steam[3370]: [2026-07-21 08:51:18] Downloading manifest: https://client-update.akamai.steamstatic.com/steam_client_steamdeck_publicbeta_ubuntu12
2026-07-21T08:51:18.120046+02:00 HOST-REDACTED-B steam[3370]: [2026-07-21 08:51:18] Manifest download: send request
2026-07-21T08:51:18.123016+02:00 HOST-REDACTED-B pkexec[5360]: pam_unix(polkit-1:session): session opened for user root(uid=0) by USER-REDACTED(uid=1000)
2026-07-21T08:51:18.126257+02:00 HOST-REDACTED-B pkexec[5360]: USER-REDACTED: Executing command [USER=root] [TTY=unknown] [CWD=/<USER-REDACTED>/.local/share/Steam] [COMMAND=/usr/bin/steamos-polkit-helpers/steamos-update --supports-duplicate-detection]
2026-07-21T08:51:18.161416+02:00 HOST-REDACTED-B pkexec[5371]: pam_unix(polkit-1:session): session opened for user root(uid=0) by USER-REDACTED(uid=1000)
2026-07-21T08:51:18.164610+02:00 HOST-REDACTED-B pkexec[5371]: USER-REDACTED: Executing command [USER=root] [TTY=unknown] [CWD=/<USER-REDACTED>/.local/share/Steam] [COMMAND=/usr/bin/steamos-polkit-helpers/steamos-update --enable-duplicate-detection check]
2026-07-21T08:51:18.351012+02:00 HOST-REDACTED-B steam[3370]: [2026-07-21 08:51:18] Manifest download: waiting for download to finish
2026-07-21T08:51:18.601112+02:00 HOST-REDACTED-B steam[3370]: [2026-07-21 08:51:18] Manifest download: finished
2026-07-21T08:51:18.601224+02:00 HOST-REDACTED-B steam[3370]: [2026-07-21 08:51:18] Download skipped: /steam_client_steamdeck_publicbeta_ubuntu12 version 1784588115, installed version 1784145295, existing pending version 1784588115
2026-07-21T08:51:18.601256+02:00 HOST-REDACTED-B steam[3370]: [2026-07-21 08:51:18] Nothing to do
2026-07-21T08:51:29.127466+02:00 HOST-REDACTED-B rigsignal-agent[2691]: 2026-07-21T06:51:29.127443Z  INFO rigsignal_agent::session: No game detected — idle polling
2026-07-21T08:52:02.128592+02:00 HOST-REDACTED-B rigsignal-agent[2691]: 2026-07-21T06:52:02.128566Z  INFO rigsignal_agent::session: No game detected — idle polling
2026-07-21T08:52:36.127999+02:00 HOST-REDACTED-B rigsignal-agent[2691]: 2026-07-21T06:52:36.127964Z  INFO rigsignal_agent::session: No game detected — idle polling
2026-07-21T08:53:10.127155+02:00 HOST-REDACTED-B rigsignal-agent[2691]: 2026-07-21T06:53:10.127120Z  INFO rigsignal_agent::session: No game detected — idle polling
2026-07-21T08:53:43.127726+02:00 HOST-REDACTED-B rigsignal-agent[2691]: 2026-07-21T06:53:43.127664Z  INFO rigsignal_agent::session: No game detected — idle polling
2026-07-21T08:54:17.127214+02:00 HOST-REDACTED-B rigsignal-agent[2691]: 2026-07-21T06:54:17.127193Z  INFO rigsignal_agent::session: No game detected — idle polling
2026-07-21T08:54:50.127861+02:00 HOST-REDACTED-B rigsignal-agent[2691]: 2026-07-21T06:54:50.127827Z  INFO rigsignal_agent::session: No game detected — idle polling
2026-07-21T08:55:24.126785+02:00 HOST-REDACTED-B rigsignal-agent[2691]: 2026-07-21T06:55:24.126761Z  INFO rigsignal_agent::session: No game detected — idle polling
2026-07-21T08:55:58.127007+02:00 HOST-REDACTED-B rigsignal-agent[2691]: 2026-07-21T06:55:58.126987Z  INFO rigsignal_agent::session: No game detected — idle polling
2026-07-21T08:56:31.126738+02:00 HOST-REDACTED-B rigsignal-agent[2691]: 2026-07-21T06:56:31.126714Z  INFO rigsignal_agent::session: No game detected — idle polling
2026-07-21T08:57:02.127353+02:00 HOST-REDACTED-B rigsignal-agent[2691]: 2026-07-21T06:57:02.127291Z  INFO rigsignal_agent::session: No game detected — idle polling
2026-07-21T08:57:36.127432+02:00 HOST-REDACTED-B rigsignal-agent[2691]: 2026-07-21T06:57:36.127397Z  INFO rigsignal_agent::session: No game detected — idle polling
2026-07-21T08:58:10.128367+02:00 HOST-REDACTED-B rigsignal-agent[2691]: 2026-07-21T06:58:10.128347Z  INFO rigsignal_agent::session: No game detected — idle polling
2026-07-21T08:58:43.126979+02:00 HOST-REDACTED-B rigsignal-agent[2691]: 2026-07-21T06:58:43.126958Z  INFO rigsignal_agent::session: No game detected — idle polling
2026-07-21T08:59:15.126829+02:00 HOST-REDACTED-B rigsignal-agent[2691]: 2026-07-21T06:59:15.126810Z  INFO rigsignal_agent::session: No game detected — idle polling
2026-07-21T08:59:47.127434+02:00 HOST-REDACTED-B rigsignal-agent[2691]: 2026-07-21T06:59:47.127372Z  INFO rigsignal_agent::session: No game detected — idle polling
2026-07-21T08:59:49.768547+02:00 HOST-REDACTED-B iwd[2209]: invalid HE capabilities for MAC-REDACTED
2026-07-21T09:00:08.237499+02:00 HOST-REDACTED-B systemd[2401]: Starting Prune harvested RigSignal spool files older than 48h...
2026-07-21T09:00:08.640614+02:00 HOST-REDACTED-B rigsignal-spool-retention[5806]: deleted=0 bytes=0 skipped=74552 registry=/<USER-REDACTED>/elastic/elastic-agent-9.4.3-linux-x86_64/data/elastic-agent-1bfb56/run/filestream-default/registry/filebeat/log.json
2026-07-21T09:00:08.644933+02:00 HOST-REDACTED-B systemd[2401]: Finished Prune harvested RigSignal spool files older than 48h.
2026-07-21T09:00:20.127280+02:00 HOST-REDACTED-B rigsignal-agent[2691]: 2026-07-21T07:00:20.127256Z  INFO rigsignal_agent::session: No game detected — idle polling
2026-07-21T09:00:54.126921+02:00 HOST-REDACTED-B rigsignal-agent[2691]: 2026-07-21T07:00:54.126900Z  INFO rigsignal_agent::session: No game detected — idle polling
2026-07-21T09:01:27.126588+02:00 HOST-REDACTED-B rigsignal-agent[2691]: 2026-07-21T07:01:27.126554Z  INFO rigsignal_agent::session: No game detected — idle polling
2026-07-21T09:02:01.127456+02:00 HOST-REDACTED-B rigsignal-agent[2691]: 2026-07-21T07:02:01.127421Z  INFO rigsignal_agent::session: No game detected — idle polling
2026-07-21T09:02:36.126896+02:00 HOST-REDACTED-B rigsignal-agent[2691]: 2026-07-21T07:02:36.126876Z  INFO rigsignal_agent::session: No game detected — idle polling
2026-07-21T09:03:09.127190+02:00 HOST-REDACTED-B rigsignal-agent[2691]: 2026-07-21T07:03:09.127128Z  INFO rigsignal_agent::session: No game detected — idle polling
2026-07-21T09:03:42.126947+02:00 HOST-REDACTED-B rigsignal-agent[2691]: 2026-07-21T07:03:42.126928Z  INFO rigsignal_agent::session: No game detected — idle polling
2026-07-21T09:04:10.172682+02:00 HOST-REDACTED-B systemd[1]: Starting Cleanup of Temporary Directories...
2026-07-21T09:04:10.244779+02:00 HOST-REDACTED-B systemd[1]: systemd-tmpfiles-clean.service: Deactivated successfully.
2026-07-21T09:04:10.244976+02:00 HOST-REDACTED-B systemd[1]: Finished Cleanup of Temporary Directories.
2026-07-21T09:04:16.127424+02:00 HOST-REDACTED-B rigsignal-agent[2691]: 2026-07-21T07:04:16.127371Z  INFO rigsignal_agent::session: No game detected — idle polling
2026-07-21T09:04:49.127318+02:00 HOST-REDACTED-B rigsignal-agent[2691]: 2026-07-21T07:04:49.127293Z  INFO rigsignal_agent::session: No game detected — idle polling
2026-07-21T09:05:24.127325+02:00 HOST-REDACTED-B rigsignal-agent[2691]: 2026-07-21T07:05:24.127289Z  INFO rigsignal_agent::session: No game detected — idle polling
2026-07-21T09:05:57.127395+02:00 HOST-REDACTED-B rigsignal-agent[2691]: 2026-07-21T07:05:57.127324Z  INFO rigsignal_agent::session: No game detected — idle polling
2026-07-21T09:06:29.127144+02:00 HOST-REDACTED-B rigsignal-agent[2691]: 2026-07-21T07:06:29.127122Z  INFO rigsignal_agent::session: No game detected — idle polling
2026-07-21T09:07:03.127136+02:00 HOST-REDACTED-B rigsignal-agent[2691]: 2026-07-21T07:07:03.127111Z  INFO rigsignal_agent::session: No game detected — idle polling
2026-07-21T09:07:36.127001+02:00 HOST-REDACTED-B rigsignal-agent[2691]: 2026-07-21T07:07:36.126980Z  INFO rigsignal_agent::session: No game detected — idle polling
2026-07-21T09:08:10.127449+02:00 HOST-REDACTED-B rigsignal-agent[2691]: 2026-07-21T07:08:10.127428Z  INFO rigsignal_agent::session: No game detected — idle polling
2026-07-21T09:08:45.127488+02:00 HOST-REDACTED-B rigsignal-agent[2691]: 2026-07-21T07:08:45.127419Z  INFO rigsignal_agent::session: No game detected — idle polling
2026-07-21T09:09:18.126715+02:00 HOST-REDACTED-B rigsignal-agent[2691]: 2026-07-21T07:09:18.126694Z  INFO rigsignal_agent::session: No game detected — idle polling
2026-07-21T09:09:51.127504+02:00 HOST-REDACTED-B rigsignal-agent[2691]: 2026-07-21T07:09:51.127483Z  INFO rigsignal_agent::session: No game detected — idle polling
2026-07-21T09:09:56.752559+02:00 HOST-REDACTED-B iwd[2209]: invalid HE capabilities for MAC-REDACTED
2026-07-21T09:09:56.752559+02:00 HOST-REDACTED-B iwd[2209]: invalid HE capabilities for MAC-REDACTED
2026-07-21T09:09:56.752559+02:00 HOST-REDACTED-B iwd[2209]: invalid HE capabilities for MAC-REDACTED
2026-07-21T09:10:25.127074+02:00 HOST-REDACTED-B rigsignal-agent[2691]: 2026-07-21T07:10:25.127035Z  INFO rigsignal_agent::session: No game detected — idle polling
2026-07-21T09:10:59.127417+02:00 HOST-REDACTED-B rigsignal-agent[2691]: 2026-07-21T07:10:59.127382Z  INFO rigsignal_agent::session: No game detected — idle polling
2026-07-21T09:11:33.127342+02:00 HOST-REDACTED-B rigsignal-agent[2691]: 2026-07-21T07:11:33.127321Z  INFO rigsignal_agent::session: No game detected — idle polling
2026-07-21T09:12:06.127474+02:00 HOST-REDACTED-B rigsignal-agent[2691]: 2026-07-21T07:12:06.127406Z  INFO rigsignal_agent::session: No game detected — idle polling
2026-07-21T09:12:40.127052+02:00 HOST-REDACTED-B rigsignal-agent[2691]: 2026-07-21T07:12:40.127019Z  INFO rigsignal_agent::session: No game detected — idle polling
2026-07-21T09:13:13.127164+02:00 HOST-REDACTED-B rigsignal-agent[2691]: 2026-07-21T07:13:13.127095Z  INFO rigsignal_agent::session: No game detected — idle polling
2026-07-21T09:13:46.127759+02:00 HOST-REDACTED-B rigsignal-agent[2691]: 2026-07-21T07:13:46.127723Z  INFO rigsignal_agent::session: No game detected — idle polling
2026-07-21T09:14:19.127394+02:00 HOST-REDACTED-B rigsignal-agent[2691]: 2026-07-21T07:14:19.127358Z  INFO rigsignal_agent::session: No game detected — idle polling
2026-07-21T09:14:53.127793+02:00 HOST-REDACTED-B rigsignal-agent[2691]: 2026-07-21T07:14:53.127582Z  INFO rigsignal_agent::session: No game detected — idle polling
2026-07-21T09:15:25.127102+02:00 HOST-REDACTED-B rigsignal-agent[2691]: 2026-07-21T07:15:25.127066Z  INFO rigsignal_agent::session: No game detected — idle polling
2026-07-21T09:16:00.127020+02:00 HOST-REDACTED-B rigsignal-agent[2691]: 2026-07-21T07:16:00.127000Z  INFO rigsignal_agent::session: No game detected — idle polling
2026-07-21T09:16:33.133350+02:00 HOST-REDACTED-B rigsignal-agent[2691]: 2026-07-21T07:16:33.132569Z  INFO rigsignal_agent::session: No game detected — idle polling
2026-07-21T09:17:08.127413+02:00 HOST-REDACTED-B rigsignal-agent[2691]: 2026-07-21T07:17:08.127379Z  INFO rigsignal_agent::session: No game detected — idle polling
2026-07-21T09:17:43.127120+02:00 HOST-REDACTED-B rigsignal-agent[2691]: 2026-07-21T07:17:43.127065Z  INFO rigsignal_agent::session: No game detected — idle polling
2026-07-21T09:18:16.126625+02:00 HOST-REDACTED-B rigsignal-agent[2691]: 2026-07-21T07:18:16.126590Z  INFO rigsignal_agent::session: No game detected — idle polling
2026-07-21T09:18:48.127111+02:00 HOST-REDACTED-B rigsignal-agent[2691]: 2026-07-21T07:18:48.127077Z  INFO rigsignal_agent::session: No game detected — idle polling
2026-07-21T09:19:21.127232+02:00 HOST-REDACTED-B rigsignal-agent[2691]: 2026-07-21T07:19:21.127197Z  INFO rigsignal_agent::session: No game detected — idle polling
2026-07-21T09:19:54.127116+02:00 HOST-REDACTED-B rigsignal-agent[2691]: 2026-07-21T07:19:54.127095Z  INFO rigsignal_agent::session: No game detected — idle polling
2026-07-21T09:20:29.127028+02:00 HOST-REDACTED-B rigsignal-agent[2691]: 2026-07-21T07:20:29.126992Z  INFO rigsignal_agent::session: No game detected — idle polling
2026-07-21T09:21:03.127387+02:00 HOST-REDACTED-B rigsignal-agent[2691]: 2026-07-21T07:21:03.127321Z  INFO rigsignal_agent::session: No game detected — idle polling
2026-07-21T09:21:36.127170+02:00 HOST-REDACTED-B rigsignal-agent[2691]: 2026-07-21T07:21:36.127134Z  INFO rigsignal_agent::session: No game detected — idle polling
2026-07-21T09:22:09.126579+02:00 HOST-REDACTED-B rigsignal-agent[2691]: 2026-07-21T07:22:09.126544Z  INFO rigsignal_agent::session: No game detected — idle polling
2026-07-21T09:22:41.127031+02:00 HOST-REDACTED-B rigsignal-agent[2691]: 2026-07-21T07:22:41.126998Z  INFO rigsignal_agent::session: No game detected — idle polling
2026-07-21T09:23:14.128392+02:00 HOST-REDACTED-B rigsignal-agent[2691]: 2026-07-21T07:23:14.128370Z  INFO rigsignal_agent::session: No game detected — idle polling
2026-07-21T09:23:46.127546+02:00 HOST-REDACTED-B rigsignal-agent[2691]: 2026-07-21T07:23:46.127479Z  INFO rigsignal_agent::session: No game detected — idle polling
2026-07-21T09:24:19.127371+02:00 HOST-REDACTED-B rigsignal-agent[2691]: 2026-07-21T07:24:19.127331Z  INFO rigsignal_agent::session: No game detected — idle polling
2026-07-21T09:24:19.563482+02:00 HOST-REDACTED-B steam[3370]: [2026-07-21 09:24:19] uninstalled manifest found in /<USER-REDACTED>/.local/share/Steam/package/steam_client_steamdeck_publicbeta_ubuntu12 (1).
2026-07-21T09:24:52.126993+02:00 HOST-REDACTED-B rigsignal-agent[2691]: 2026-07-21T07:24:52.126970Z  INFO rigsignal_agent::session: No game detected — idle polling
2026-07-21T09:25:26.127317+02:00 HOST-REDACTED-B rigsignal-agent[2691]: 2026-07-21T07:25:26.127283Z  INFO rigsignal_agent::session: No game detected — idle polling
2026-07-21T09:26:00.126987+02:00 HOST-REDACTED-B rigsignal-agent[2691]: 2026-07-21T07:26:00.126966Z  INFO rigsignal_agent::session: No game detected — idle polling
2026-07-21T09:26:33.127275+02:00 HOST-REDACTED-B rigsignal-agent[2691]: 2026-07-21T07:26:33.127256Z  INFO rigsignal_agent::session: No game detected — idle polling
2026-07-21T09:27:06.127562+02:00 HOST-REDACTED-B rigsignal-agent[2691]: 2026-07-21T07:27:06.127493Z  INFO rigsignal_agent::session: No game detected — idle polling
2026-07-21T09:27:40.126443+02:00 HOST-REDACTED-B rigsignal-agent[2691]: 2026-07-21T07:27:40.126422Z  INFO rigsignal_agent::session: No game detected — idle polling
2026-07-21T09:28:12.127015+02:00 HOST-REDACTED-B rigsignal-agent[2691]: 2026-07-21T07:28:12.126951Z  INFO rigsignal_agent::session: No game detected — idle polling
2026-07-21T09:28:45.127237+02:00 HOST-REDACTED-B rigsignal-agent[2691]: 2026-07-21T07:28:45.127204Z  INFO rigsignal_agent::session: No game detected — idle polling
2026-07-21T09:29:05.503280+02:00 HOST-REDACTED-B sshd-session[7201]: Accepted publickey for USER-REDACTED from IP-REDACTED port 65141 ssh2: ED25519 SSH-FINGERPRINT-REDACTED
2026-07-21T09:29:05.506293+02:00 HOST-REDACTED-B sshd-session[7201]: pam_unix(sshd:session): session opened for user USER-REDACTED(uid=1000) by USER-REDACTED(uid=0)
2026-07-21T09:29:05.511935+02:00 HOST-REDACTED-B systemd-logind[1427]: New session 3 of user USER-REDACTED.
2026-07-21T09:29:05.524434+02:00 HOST-REDACTED-B systemd[1]: Started Session 3 of User USER-REDACTED.
2026-07-21T09:29:18.127088+02:00 HOST-REDACTED-B rigsignal-agent[2691]: 2026-07-21T07:29:18.127069Z  INFO rigsignal_agent::session: No game detected — idle polling
2026-07-21T09:29:50.127138+02:00 HOST-REDACTED-B rigsignal-agent[2691]: 2026-07-21T07:29:50.127092Z  INFO rigsignal_agent::session: No game detected — idle polling
2026-07-21T09:30:20.127248+02:00 HOST-REDACTED-B rigsignal-agent[2691]: 2026-07-21T07:30:20.127213Z  INFO rigsignal_agent::session: No game detected — idle polling
2026-07-21T09:30:53.127356+02:00 HOST-REDACTED-B rigsignal-agent[2691]: 2026-07-21T07:30:53.127336Z  INFO rigsignal_agent::session: No game detected — idle polling
2026-07-21T09:31:26.127002+02:00 HOST-REDACTED-B rigsignal-agent[2691]: 2026-07-21T07:31:26.126981Z  INFO rigsignal_agent::session: No game detected — idle polling
2026-07-21T09:32:01.127274+02:00 HOST-REDACTED-B rigsignal-agent[2691]: 2026-07-21T07:32:01.127251Z  INFO rigsignal_agent::session: No game detected — idle polling
2026-07-21T09:32:34.128040+02:00 HOST-REDACTED-B rigsignal-agent[2691]: 2026-07-21T07:32:34.128016Z  INFO rigsignal_agent::session: No game detected — idle polling
2026-07-21T09:33:08.126594+02:00 HOST-REDACTED-B rigsignal-agent[2691]: 2026-07-21T07:33:08.126530Z  INFO rigsignal_agent::session: No game detected — idle polling
2026-07-21T09:33:42.126865+02:00 HOST-REDACTED-B rigsignal-agent[2691]: 2026-07-21T07:33:42.126831Z  INFO rigsignal_agent::session: No game detected — idle polling
2026-07-21T09:34:15.127482+02:00 HOST-REDACTED-B rigsignal-agent[2691]: 2026-07-21T07:34:15.127412Z  INFO rigsignal_agent::session: No game detected — idle polling
2026-07-21T09:34:49.127010+02:00 HOST-REDACTED-B rigsignal-agent[2691]: 2026-07-21T07:34:49.126990Z  INFO rigsignal_agent::session: No game detected — idle polling
2026-07-21T09:35:22.127293+02:00 HOST-REDACTED-B rigsignal-agent[2691]: 2026-07-21T07:35:22.127259Z  INFO rigsignal_agent::session: No game detected — idle polling
2026-07-21T09:35:54.128615+02:00 HOST-REDACTED-B rigsignal-agent[2691]: 2026-07-21T07:35:54.128580Z  INFO rigsignal_agent::session: No game detected — idle polling
2026-07-21T09:36:26.128132+02:00 HOST-REDACTED-B rigsignal-agent[2691]: 2026-07-21T07:36:26.128097Z  INFO rigsignal_agent::session: No game detected — idle polling
2026-07-21T09:36:59.126959+02:00 HOST-REDACTED-B rigsignal-agent[2691]: 2026-07-21T07:36:59.126923Z  INFO rigsignal_agent::session: No game detected — idle polling
2026-07-21T09:37:30.127761+02:00 HOST-REDACTED-B rigsignal-agent[2691]: 2026-07-21T07:37:30.127740Z  INFO rigsignal_agent::session: No game detected — idle polling
2026-07-21T09:38:03.127893+02:00 HOST-REDACTED-B rigsignal-agent[2691]: 2026-07-21T07:38:03.127873Z  INFO rigsignal_agent::session: No game detected — idle polling
2026-07-21T09:38:38.126861+02:00 HOST-REDACTED-B rigsignal-agent[2691]: 2026-07-21T07:38:38.126826Z  INFO rigsignal_agent::session: No game detected — idle polling
2026-07-21T09:39:09.127422+02:00 HOST-REDACTED-B rigsignal-agent[2691]: 2026-07-21T07:39:09.127352Z  INFO rigsignal_agent::session: No game detected — idle polling
2026-07-21T09:39:44.127325+02:00 HOST-REDACTED-B rigsignal-agent[2691]: 2026-07-21T07:39:44.127289Z  INFO rigsignal_agent::session: No game detected — idle polling
2026-07-21T09:40:17.531563+02:00 HOST-REDACTED-B iwd[2209]: invalid HE capabilities for MAC-REDACTED
2026-07-21T09:40:17.531563+02:00 HOST-REDACTED-B iwd[2209]: invalid HE capabilities for MAC-REDACTED
2026-07-21T09:40:17.531563+02:00 HOST-REDACTED-B iwd[2209]: invalid HE capabilities for MAC-REDACTED
2026-07-21T09:40:18.127668+02:00 HOST-REDACTED-B rigsignal-agent[2691]: 2026-07-21T07:40:18.127638Z  INFO rigsignal_agent::session: No game detected — idle polling
2026-07-21T09:40:50.127823+02:00 HOST-REDACTED-B rigsignal-agent[2691]: 2026-07-21T07:40:50.127790Z  INFO rigsignal_agent::session: No game detected — idle polling
2026-07-21T09:41:22.127730+02:00 HOST-REDACTED-B rigsignal-agent[2691]: 2026-07-21T07:41:22.127708Z  INFO rigsignal_agent::session: No game detected — idle polling
2026-07-21T09:41:55.127260+02:00 HOST-REDACTED-B rigsignal-agent[2691]: 2026-07-21T07:41:55.127196Z  INFO rigsignal_agent::session: No game detected — idle polling
2026-07-21T09:42:27.126562+02:00 HOST-REDACTED-B rigsignal-agent[2691]: 2026-07-21T07:42:27.126528Z  INFO rigsignal_agent::session: No game detected — idle polling
2026-07-21T09:42:58.127683+02:00 HOST-REDACTED-B rigsignal-agent[2691]: 2026-07-21T07:42:58.127648Z  INFO rigsignal_agent::session: No game detected — idle polling
2026-07-21T09:43:32.127569+02:00 HOST-REDACTED-B rigsignal-agent[2691]: 2026-07-21T07:43:32.127548Z  INFO rigsignal_agent::session: No game detected — idle polling
2026-07-21T09:44:05.127230+02:00 HOST-REDACTED-B rigsignal-agent[2691]: 2026-07-21T07:44:05.127209Z  INFO rigsignal_agent::session: No game detected — idle polling
2026-07-21T09:44:40.126895+02:00 HOST-REDACTED-B rigsignal-agent[2691]: 2026-07-21T07:44:40.126861Z  INFO rigsignal_agent::session: No game detected — idle polling
2026-07-21T09:45:12.126456+02:00 HOST-REDACTED-B rigsignal-agent[2691]: 2026-07-21T07:45:12.126393Z  INFO rigsignal_agent::session: No game detected — idle polling
2026-07-21T09:45:45.126700+02:00 HOST-REDACTED-B rigsignal-agent[2691]: 2026-07-21T07:45:45.126664Z  INFO rigsignal_agent::session: No game detected — idle polling
2026-07-21T09:46:18.127618+02:00 HOST-REDACTED-B rigsignal-agent[2691]: 2026-07-21T07:46:18.127588Z  INFO rigsignal_agent::session: No game detected — idle polling
2026-07-21T09:46:50.128055+02:00 HOST-REDACTED-B rigsignal-agent[2691]: 2026-07-21T07:46:50.128020Z  INFO rigsignal_agent::session: No game detected — idle polling
2026-07-21T09:47:25.127582+02:00 HOST-REDACTED-B rigsignal-agent[2691]: 2026-07-21T07:47:25.127542Z  INFO rigsignal_agent::session: No game detected — idle polling
2026-07-21T09:47:58.127327+02:00 HOST-REDACTED-B rigsignal-agent[2691]: 2026-07-21T07:47:58.127275Z  INFO rigsignal_agent::session: No game detected — idle polling
2026-07-21T09:48:32.126914+02:00 HOST-REDACTED-B rigsignal-agent[2691]: 2026-07-21T07:48:32.126891Z  INFO rigsignal_agent::session: No game detected — idle polling
2026-07-21T09:49:06.127777+02:00 HOST-REDACTED-B rigsignal-agent[2691]: 2026-07-21T07:49:06.127742Z  INFO rigsignal_agent::session: No game detected — idle polling
2026-07-21T09:49:14.032272+02:00 HOST-REDACTED-B earlyoom[1387]: mem avail: 23289 of 28914 MiB (80.55%), swap free: 16887 of 16887 MiB (100.00%)
2026-07-21T09:49:41.126461+02:00 HOST-REDACTED-B rigsignal-agent[2691]: 2026-07-21T07:49:41.126428Z  INFO rigsignal_agent::session: No game detected — idle polling
2026-07-21T09:50:16.127127+02:00 HOST-REDACTED-B rigsignal-agent[2691]: 2026-07-21T07:50:16.127091Z  INFO rigsignal_agent::session: No game detected — idle polling
2026-07-21T09:50:49.127597+02:00 HOST-REDACTED-B rigsignal-agent[2691]: 2026-07-21T07:50:49.127529Z  INFO rigsignal_agent::session: No game detected — idle polling
2026-07-21T09:51:22.127833+02:00 HOST-REDACTED-B rigsignal-agent[2691]: 2026-07-21T07:51:22.127799Z  INFO rigsignal_agent::session: No game detected — idle polling
2026-07-21T09:51:58.126818+02:00 HOST-REDACTED-B rigsignal-agent[2691]: 2026-07-21T07:51:58.126784Z  INFO rigsignal_agent::session: No game detected — idle polling
2026-07-21T09:52:31.127105+02:00 HOST-REDACTED-B rigsignal-agent[2691]: 2026-07-21T07:52:31.127070Z  INFO rigsignal_agent::session: No game detected — idle polling
2026-07-21T09:53:04.126654+02:00 HOST-REDACTED-B rigsignal-agent[2691]: 2026-07-21T07:53:04.126619Z  INFO rigsignal_agent::session: No game detected — idle polling
2026-07-21T09:53:06.492573+02:00 HOST-REDACTED-B sshd-session[8365]: Accepted publickey for USER-REDACTED from IP-REDACTED port 54572 ssh2: ED25519 SSH-FINGERPRINT-REDACTED
2026-07-21T09:53:06.495714+02:00 HOST-REDACTED-B sshd-session[8365]: pam_unix(sshd:session): session opened for user USER-REDACTED(uid=1000) by USER-REDACTED(uid=0)
2026-07-21T09:53:06.500855+02:00 HOST-REDACTED-B systemd-logind[1427]: New session 4 of user USER-REDACTED.
2026-07-21T09:53:06.512409+02:00 HOST-REDACTED-B systemd[1]: Started Session 4 of User USER-REDACTED.
2026-07-21T09:53:06.565222+02:00 HOST-REDACTED-B sshd-session[8371]: Received disconnect from IP-REDACTED port 54572:11: disconnected by user
2026-07-21T09:53:06.565323+02:00 HOST-REDACTED-B sshd-session[8371]: Disconnected from user USER-REDACTED IP-REDACTED port 54572
2026-07-21T09:53:06.565723+02:00 HOST-REDACTED-B sshd-session[8365]: pam_unix(sshd:session): session closed for user USER-REDACTED
2026-07-21T09:53:06.570748+02:00 HOST-REDACTED-B systemd[1]: session-4.scope: Deactivated successfully.
2026-07-21T09:53:06.572015+02:00 HOST-REDACTED-B systemd-logind[1427]: Removed session 4.
2026-07-21T09:53:25.899827+02:00 HOST-REDACTED-B sshd-session[8396]: Accepted publickey for USER-REDACTED from IP-REDACTED port 52028 ssh2: ED25519 SSH-FINGERPRINT-REDACTED
2026-07-21T09:53:25.902743+02:00 HOST-REDACTED-B sshd-session[8396]: pam_unix(sshd:session): session opened for user USER-REDACTED(uid=1000) by USER-REDACTED(uid=0)
2026-07-21T09:53:25.908241+02:00 HOST-REDACTED-B systemd-logind[1427]: New session 5 of user USER-REDACTED.
2026-07-21T09:53:25.916425+02:00 HOST-REDACTED-B systemd[1]: Started Session 5 of User USER-REDACTED.
2026-07-21T09:53:25.969203+02:00 HOST-REDACTED-B sshd-session[8402]: Received disconnect from IP-REDACTED port 52028:11: disconnected by user
2026-07-21T09:53:25.969296+02:00 HOST-REDACTED-B sshd-session[8402]: Disconnected from user USER-REDACTED IP-REDACTED port 52028
2026-07-21T09:53:25.969676+02:00 HOST-REDACTED-B sshd-session[8396]: pam_unix(sshd:session): session closed for user USER-REDACTED
2026-07-21T09:53:25.974794+02:00 HOST-REDACTED-B systemd[1]: session-5.scope: Deactivated successfully.
2026-07-21T09:53:25.976213+02:00 HOST-REDACTED-B systemd-logind[1427]: Removed session 5.
2026-07-21T09:53:36.127494+02:00 HOST-REDACTED-B rigsignal-agent[2691]: 2026-07-21T07:53:36.127459Z  INFO rigsignal_agent::session: No game detected — idle polling
2026-07-21T09:54:09.127590+02:00 HOST-REDACTED-B rigsignal-agent[2691]: 2026-07-21T07:54:09.127522Z  INFO rigsignal_agent::session: No game detected — idle polling
2026-07-21T09:54:19.771956+02:00 HOST-REDACTED-B steam[3370]: [2026-07-21 09:54:19] uninstalled manifest found in /<USER-REDACTED>/.local/share/Steam/package/steam_client_steamdeck_publicbeta_ubuntu12 (1).
2026-07-21T09:54:42.128084+02:00 HOST-REDACTED-B rigsignal-agent[2691]: 2026-07-21T07:54:42.128050Z  INFO rigsignal_agent::session: No game detected — idle polling
2026-07-21T09:55:16.127441+02:00 HOST-REDACTED-B rigsignal-agent[2691]: 2026-07-21T07:55:16.127388Z  INFO rigsignal_agent::session: No game detected — idle polling
2026-07-21T09:55:46.127582+02:00 HOST-REDACTED-B rigsignal-agent[2691]: 2026-07-21T07:55:46.127560Z  INFO rigsignal_agent::session: No game detected — idle polling
2026-07-21T09:56:09.128645+02:00 HOST-REDACTED-B sshd-session[8541]: Accepted publickey for USER-REDACTED from IP-REDACTED port 33874 ssh2: ED25519 SSH-FINGERPRINT-REDACTED
2026-07-21T09:56:09.131771+02:00 HOST-REDACTED-B sshd-session[8541]: pam_unix(sshd:session): session opened for user USER-REDACTED(uid=1000) by USER-REDACTED(uid=0)
2026-07-21T09:56:09.137170+02:00 HOST-REDACTED-B systemd-logind[1427]: New session 6 of user USER-REDACTED.
2026-07-21T09:56:09.155406+02:00 HOST-REDACTED-B systemd[1]: Started Session 6 of User USER-REDACTED.
2026-07-21T09:56:09.212175+02:00 HOST-REDACTED-B sshd-session[8549]: Received disconnect from IP-REDACTED port 33874:11: disconnected by user
2026-07-21T09:56:09.212204+02:00 HOST-REDACTED-B sshd-session[8549]: Disconnected from user USER-REDACTED IP-REDACTED port 33874
2026-07-21T09:56:09.212643+02:00 HOST-REDACTED-B sshd-session[8541]: pam_unix(sshd:session): session closed for user USER-REDACTED
2026-07-21T09:56:09.217732+02:00 HOST-REDACTED-B systemd[1]: session-6.scope: Deactivated successfully.
2026-07-21T09:56:09.218852+02:00 HOST-REDACTED-B systemd-logind[1427]: Removed session 6.
2026-07-21T09:56:20.126607+02:00 HOST-REDACTED-B rigsignal-agent[2691]: 2026-07-21T07:56:20.126586Z  INFO rigsignal_agent::session: No game detected — idle polling
2026-07-21T09:56:53.132405+02:00 HOST-REDACTED-B rigsignal-agent[2691]: 2026-07-21T07:56:53.131908Z  INFO rigsignal_agent::session: No game detected — idle polling
2026-07-21T09:57:28.126619+02:00 HOST-REDACTED-B rigsignal-agent[2691]: 2026-07-21T07:57:28.126599Z  INFO rigsignal_agent::session: No game detected — idle polling
2026-07-21T09:57:34.302358+02:00 HOST-REDACTED-B sudo[8619]:     USER-REDACTED : TTY=pts/0 ; PWD=/<USER-REDACTED> ; USER=root ; COMMAND=/usr/bin/rauc status --detailed
2026-07-21T09:57:34.305108+02:00 HOST-REDACTED-B sudo[8619]: pam_unix(sudo:session): session opened for user root(uid=0) by USER-REDACTED(uid=1000)
2026-07-21T09:57:34.318021+02:00 HOST-REDACTED-B systemd[1]: Starting RAUC Update Service...
2026-07-21T09:57:34.339515+02:00 HOST-REDACTED-B rauc[8637]: No data directory or status file set, falling back to per-slot status.
                                                          Consider setting 'data-directory=<path>' or 'statusfile=<path>/per-slot' explicitly.
2026-07-21T09:57:34.339519+02:00 HOST-REDACTED-B rauc[8637]: Using per-slot statusfile. System status information not supported!
2026-07-21T09:57:34.339564+02:00 HOST-REDACTED-B rauc[8637]: Using system config file /etc/rauc/system.conf
2026-07-21T09:57:34.339597+02:00 HOST-REDACTED-B rauc[8637]: Failed to resolve realpath for '/dev/disk/by-partsets/dev/rootfs'
2026-07-21T09:57:34.339605+02:00 HOST-REDACTED-B rauc[8637]: Failed to resolve realpath for '/dev/disk/by-partsets/A/verity'
2026-07-21T09:57:34.339619+02:00 HOST-REDACTED-B rauc[8637]: Failed to resolve realpath for '/dev/disk/by-partsets/B/verity'
2026-07-21T09:57:34.339682+02:00 HOST-REDACTED-B rauc[8637]: Service started
2026-07-21T09:57:34.340576+02:00 HOST-REDACTED-B systemd[1]: Started RAUC Update Service.
2026-07-21T09:57:34.356398+02:00 HOST-REDACTED-B sudo[8619]: pam_unix(sudo:session): session closed for user root
2026-07-21T09:58:00.126814+02:00 HOST-REDACTED-B rigsignal-agent[2691]: 2026-07-21T07:58:00.126780Z  INFO rigsignal_agent::session: No game detected — idle polling
2026-07-21T09:58:33.127127+02:00 HOST-REDACTED-B rigsignal-agent[2691]: 2026-07-21T07:58:33.127107Z  INFO rigsignal_agent::session: No game detected — idle polling
2026-07-21T09:59:06.128358+02:00 HOST-REDACTED-B rigsignal-agent[2691]: 2026-07-21T07:59:06.128323Z  INFO rigsignal_agent::session: No game detected — idle polling
2026-07-21T09:59:41.127352+02:00 HOST-REDACTED-B rigsignal-agent[2691]: 2026-07-21T07:59:41.127316Z  INFO rigsignal_agent::session: No game detected — idle polling
2026-07-21T10:00:08.237527+02:00 HOST-REDACTED-B systemd[2401]: Starting Prune harvested RigSignal spool files older than 48h...
2026-07-21T10:00:08.661459+02:00 HOST-REDACTED-B rigsignal-spool-retention[8776]: deleted=0 bytes=0 skipped=74715 registry=/<USER-REDACTED>/elastic/elastic-agent-9.4.3-linux-x86_64/data/elastic-agent-1bfb56/run/filestream-default/registry/filebeat/log.json
2026-07-21T10:00:08.665216+02:00 HOST-REDACTED-B systemd[2401]: Finished Prune harvested RigSignal spool files older than 48h.
2026-07-21T10:00:15.127184+02:00 HOST-REDACTED-B rigsignal-agent[2691]: 2026-07-21T08:00:15.127163Z  INFO rigsignal_agent::session: No game detected — idle polling
2026-07-21T10:00:31.283553+02:00 HOST-REDACTED-B iwd[2209]: invalid HE capabilities for MAC-REDACTED
2026-07-21T10:00:31.283553+02:00 HOST-REDACTED-B iwd[2209]: invalid HE capabilities for MAC-REDACTED
2026-07-21T10:00:48.127293+02:00 HOST-REDACTED-B rigsignal-agent[2691]: 2026-07-21T08:00:48.127269Z  INFO rigsignal_agent::session: No game detected — idle polling
2026-07-21T10:01:20.127467+02:00 HOST-REDACTED-B rigsignal-agent[2691]: 2026-07-21T08:01:20.126932Z  INFO rigsignal_agent::session: No game detected — idle polling
2026-07-21T10:01:52.126759+02:00 HOST-REDACTED-B rigsignal-agent[2691]: 2026-07-21T08:01:52.126726Z  INFO rigsignal_agent::session: No game detected — idle polling
2026-07-21T10:02:26.127727+02:00 HOST-REDACTED-B rigsignal-agent[2691]: 2026-07-21T08:02:26.127703Z  INFO rigsignal_agent::session: No game detected — idle polling
2026-07-21T10:02:51.835904+02:00 HOST-REDACTED-B sudo[8916]:     USER-REDACTED : TTY=pts/0 ; PWD=/<USER-REDACTED> ; USER=root ; COMMAND=/usr/bin/mount -o ro /dev/disk/by-partsets/A/rootfs /mnt
2026-07-21T10:02:51.838928+02:00 HOST-REDACTED-B sudo[8916]: pam_unix(sudo:session): session opened for user root(uid=0) by USER-REDACTED(uid=1000)
2026-07-21T10:02:51.846346+02:00 HOST-REDACTED-B kernel: BTRFS: device label rootfs devid 1 transid 71 /dev/nvme0n1p4 (259:4) scanned by mount (8928)
2026-07-21T10:02:51.846797+02:00 HOST-REDACTED-B kernel: BTRFS info (device nvme0n1p4): first mount of filesystem UUID-REDACTED
2026-07-21T10:02:51.846817+02:00 HOST-REDACTED-B kernel: BTRFS info (device nvme0n1p4): using crc32c (crc32c-x86) checksum algorithm
2026-07-21T10:02:51.849342+02:00 HOST-REDACTED-B kernel: BTRFS info (device nvme0n1p4): enabling ssd optimizations
2026-07-21T10:02:51.849375+02:00 HOST-REDACTED-B kernel: BTRFS info (device nvme0n1p4): turning on async discard
2026-07-21T10:02:51.849399+02:00 HOST-REDACTED-B kernel: BTRFS info (device nvme0n1p4): enabling free space tree
2026-07-21T10:02:51.849809+02:00 HOST-REDACTED-B sudo[8916]: pam_unix(sudo:session): session closed for user root
2026-07-21T10:02:51.871843+02:00 HOST-REDACTED-B sudo[8951]:     USER-REDACTED : TTY=pts/0 ; PWD=/<USER-REDACTED> ; USER=root ; COMMAND=/usr/bin/umount /mnt
2026-07-21T10:02:51.874717+02:00 HOST-REDACTED-B sudo[8951]: pam_unix(sudo:session): session opened for user root(uid=0) by USER-REDACTED(uid=1000)
2026-07-21T10:02:51.879346+02:00 HOST-REDACTED-B kernel: BTRFS info (device nvme0n1p4): last unmount of filesystem UUID-REDACTED
2026-07-21T10:02:51.879614+02:00 HOST-REDACTED-B systemd[1]: var-mnt.mount: Deactivated successfully.
2026-07-21T10:02:51.879819+02:00 HOST-REDACTED-B sudo[8951]: pam_unix(sudo:session): session closed for user root
2026-07-21T10:03:00.127049+02:00 HOST-REDACTED-B rigsignal-agent[2691]: 2026-07-21T08:03:00.127016Z  INFO rigsignal_agent::session: No game detected — idle polling
2026-07-21T10:03:34.127517+02:00 HOST-REDACTED-B rigsignal-agent[2691]: 2026-07-21T08:03:34.127493Z  INFO rigsignal_agent::session: No game detected — idle polling
2026-07-21T10:04:06.127491+02:00 HOST-REDACTED-B rigsignal-agent[2691]: 2026-07-21T08:04:06.127456Z  INFO rigsignal_agent::session: No game detected — idle polling
2026-07-21T10:04:38.127255+02:00 HOST-REDACTED-B rigsignal-agent[2691]: 2026-07-21T08:04:38.127221Z  INFO rigsignal_agent::session: No game detected — idle polling
2026-07-21T10:05:12.126709+02:00 HOST-REDACTED-B rigsignal-agent[2691]: 2026-07-21T08:05:12.126676Z  INFO rigsignal_agent::session: No game detected — idle polling
2026-07-21T10:05:34.721677+02:00 HOST-REDACTED-B iwd[2209]: invalid HE capabilities for MAC-REDACTED
2026-07-21T10:05:34.721677+02:00 HOST-REDACTED-B iwd[2209]: invalid HE capabilities for MAC-REDACTED
2026-07-21T10:05:34.721677+02:00 HOST-REDACTED-B iwd[2209]: invalid HE capabilities for MAC-REDACTED
2026-07-21T10:05:44.127449+02:00 HOST-REDACTED-B rigsignal-agent[2691]: 2026-07-21T08:05:44.127378Z  INFO rigsignal_agent::session: No game detected — idle polling
2026-07-21T10:06:18.127962+02:00 HOST-REDACTED-B rigsignal-agent[2691]: 2026-07-21T08:06:18.127928Z  INFO rigsignal_agent::session: No game detected — idle polling
2026-07-21T10:06:51.127389+02:00 HOST-REDACTED-B rigsignal-agent[2691]: 2026-07-21T08:06:51.127355Z  INFO rigsignal_agent::session: No game detected — idle polling
2026-07-21T10:07:26.126846+02:00 HOST-REDACTED-B rigsignal-agent[2691]: 2026-07-21T08:07:26.126811Z  INFO rigsignal_agent::session: No game detected — idle polling
2026-07-21T10:07:52.244209+02:00 HOST-REDACTED-B systemd[2401]: Reached target Bluetooth.
2026-07-21T10:07:52.367350+02:00 HOST-REDACTED-B kernel: hid-generic 0005:045E:02FD.0006: unknown main item tag 0x0
2026-07-21T10:07:52.368056+02:00 HOST-REDACTED-B kernel: input: Xbox Wireless Controller as /devices/virtual/misc/uhid/0005:045E:02FD.0006/input/input27
2026-07-21T10:07:52.368088+02:00 HOST-REDACTED-B kernel: input: Xbox Wireless Controller Consumer Control as /devices/virtual/misc/uhid/0005:045E:02FD.0006/input/input28
2026-07-21T10:07:52.368108+02:00 HOST-REDACTED-B kernel: hid-generic 0005:045E:02FD.0006: input,hidraw3: BLUETOOTH HID v9.03 Gamepad [Xbox Wireless Controller] on MAC-REDACTED
2026-07-21T10:07:52.427345+02:00 HOST-REDACTED-B kernel: microsoft 0005:045E:02FD.0006: unknown main item tag 0x0
2026-07-21T10:07:52.427568+02:00 HOST-REDACTED-B kernel: input: Xbox Wireless Controller as /devices/virtual/misc/uhid/0005:045E:02FD.0006/input/input29
2026-07-21T10:07:52.427592+02:00 HOST-REDACTED-B kernel: microsoft 0005:045E:02FD.0006: input,hidraw3: BLUETOOTH HID v9.03 Gamepad [Xbox Wireless Controller] on MAC-REDACTED
2026-07-21T10:07:52.429376+02:00 HOST-REDACTED-B gamescope-session[2999]: [gamescope] [Error] wlserver: [libseat] [libseat/backend/logind.c:116] Could not stat path '/dev/input/event18'
2026-07-21T10:07:52.429376+02:00 HOST-REDACTED-B gamescope-session[2999]: [gamescope] [Error] wlserver: [backend/session/session.c:318] Failed to open device: '/dev/input/event18': No such file or directory
2026-07-21T10:07:52.454116+02:00 HOST-REDACTED-B gamescope-session[2999]: [gamescope] [Error] wlserver: [libseat] [libseat/backend/logind.c:124] Could not take device: No such device
2026-07-21T10:07:52.454116+02:00 HOST-REDACTED-B gamescope-session[2999]: [gamescope] [Error] wlserver: [backend/session/session.c:318] Failed to open device: '/dev/input/event17': Resource temporarily unavailable
2026-07-21T10:07:53.559358+02:00 HOST-REDACTED-B kernel: input: Microsoft X-Box 360 pad 0 as /devices/virtual/input/input30
2026-07-21T10:07:53.568928+02:00 HOST-REDACTED-B rtkit-daemon[2733]: Successfully made thread 9210 of process 4070 owned by '1000' high priority at nice level -10.
2026-07-21T10:07:55.934794+02:00 HOST-REDACTED-B bluetoothd[1390]: profiles/input/device.c:hidp_report_req_timeout() Device MAC-REDACTED HIDP GET_REPORT request timed out
2026-07-21T10:07:58.934807+02:00 HOST-REDACTED-B bluetoothd[1390]: profiles/input/device.c:hidp_report_req_timeout() Device MAC-REDACTED HIDP GET_REPORT request timed out
2026-07-21T10:08:00.127074+02:00 HOST-REDACTED-B rigsignal-agent[2691]: 2026-07-21T08:08:00.127044Z  INFO rigsignal_agent::session: No game detected — idle polling
2026-07-21T10:08:01.934769+02:00 HOST-REDACTED-B bluetoothd[1390]: profiles/input/device.c:hidp_report_req_timeout() Device MAC-REDACTED HIDP GET_REPORT request timed out
2026-07-21T10:08:24.705349+02:00 HOST-REDACTED-B kernel: amdgpu 0000:09:00.0: amdgpu: [drm] *ERROR* Restoring old state failed with -12
2026-07-21T10:08:24.706327+02:00 HOST-REDACTED-B gamescope-session[2999]: [gamescope] [Info]  wlserver: Got change event for KMS device
2026-07-21T10:08:24.774688+02:00 HOST-REDACTED-B gamescope-session[2999]: [gamescope] [Info]  drm: Connector HDMI-A-2 -> SAM - QCQ95S
2026-07-21T10:08:24.774726+02:00 HOST-REDACTED-B gamescope-session[2999]: [gamescope] [Info]  drm: [colorimetry]: EDID with colorimetry detected. Using it
2026-07-21T10:08:24.774726+02:00 HOST-REDACTED-B gamescope-session[2999]: [gamescope] [Info]  drm: [colorimetry]: r 0.698242 0.291992
2026-07-21T10:08:24.774726+02:00 HOST-REDACTED-B gamescope-session[2999]: [gamescope] [Info]  drm: [colorimetry]: g 0.254883 0.699219
2026-07-21T10:08:24.774726+02:00 HOST-REDACTED-B gamescope-session[2999]: [gamescope] [Info]  drm: [colorimetry]: b 0.148438 0.055664
2026-07-21T10:08:24.774726+02:00 HOST-REDACTED-B gamescope-session[2999]: [gamescope] [Info]  drm: [colorimetry]: w 0.312500 0.329102
2026-07-21T10:08:24.775446+02:00 HOST-REDACTED-B gamescope-session[2999]: [gamescope] [Info]  drm: selecting connector HDMI-A-2
2026-07-21T10:08:24.775468+02:00 HOST-REDACTED-B gamescope-session[2999]: [gamescope] [Info]  drm: selecting mode 3840x2160@60Hz
2026-07-21T10:08:24.775561+02:00 HOST-REDACTED-B gamescope-session[2999]: [gamescope] [Info]  edid: Wrote new edid to: /<USER-REDACTED>/.config/gamescope/edid.bin
2026-07-21T10:08:24.775581+02:00 HOST-REDACTED-B gamescope-session[2999]: [gamescope] [Info]  wlserver: Updating mode for xwayland server #0: 3840x2160@60
2026-07-21T10:08:24.777966+02:00 HOST-REDACTED-B gamescope-session[2999]: [gamescope] [Info]  wlserver: Updating mode for xwayland server #0: 3840x2160@60
2026-07-21T10:08:24.781340+02:00 HOST-REDACTED-B kernel: HDR SB:eb 02 00 60 88 08 39 c8 31 91 88 fe 1c df 0a 09
2026-07-21T10:08:24.781386+02:00 HOST-REDACTED-B kernel: HDR SB:3d 47 40 1f 03 00 00 1f 03 1f 03 00 00 00 00 00
2026-07-21T10:08:24.783344+02:00 HOST-REDACTED-B kernel: HDR SB:eb 02 00 60 88 08 39 c8 31 91 88 fe 1c df 0a 09
2026-07-21T10:08:24.783380+02:00 HOST-REDACTED-B kernel: HDR SB:3d 47 40 1f 03 00 00 1f 03 1f 03 00 00 00 00 00
2026-07-21T10:08:24.785339+02:00 HOST-REDACTED-B kernel: HDR SB:eb 02 00 60 88 08 39 c8 31 91 88 fe 1c df 0a 09
2026-07-21T10:08:24.785356+02:00 HOST-REDACTED-B kernel: HDR SB:3d 47 40 1f 03 00 00 1f 03 1f 03 00 00 00 00 00
2026-07-21T10:08:24.788345+02:00 HOST-REDACTED-B kernel: HDR SB:eb 02 00 60 88 08 39 c8 31 91 88 fe 1c df 0a 09
2026-07-21T10:08:24.788379+02:00 HOST-REDACTED-B kernel: HDR SB:3d 47 40 1f 03 00 00 1f 03 1f 03 00 00 00 00 00
2026-07-21T10:08:24.790341+02:00 HOST-REDACTED-B kernel: HDR SB:eb 02 00 60 88 08 39 c8 31 91 88 fe 1c df 0a 09
2026-07-21T10:08:24.790359+02:00 HOST-REDACTED-B kernel: HDR SB:3d 47 40 1f 03 00 00 1f 03 1f 03 00 00 00 00 00
2026-07-21T10:08:24.792342+02:00 HOST-REDACTED-B kernel: HDR SB:eb 02 00 60 88 08 39 c8 31 91 88 fe 1c df 0a 09
2026-07-21T10:08:24.792369+02:00 HOST-REDACTED-B kernel: HDR SB:3d 47 40 1f 03 00 00 1f 03 1f 03 00 00 00 00 00
2026-07-21T10:08:24.794341+02:00 HOST-REDACTED-B kernel: HDR SB:eb 02 00 60 88 08 39 c8 31 91 88 fe 1c df 0a 09
2026-07-21T10:08:24.794376+02:00 HOST-REDACTED-B kernel: HDR SB:3d 47 40 1f 03 00 00 1f 03 1f 03 00 00 00 00 00
2026-07-21T10:08:24.798343+02:00 HOST-REDACTED-B kernel: HDR SB:eb 02 00 60 88 08 39 c8 31 91 88 fe 1c df 0a 09
2026-07-21T10:08:24.798369+02:00 HOST-REDACTED-B kernel: HDR SB:3d 47 40 1f 03 00 00 1f 03 1f 03 00 00 00 00 00
2026-07-21T10:08:34.128383+02:00 HOST-REDACTED-B rigsignal-agent[2691]: 2026-07-21T08:08:34.128357Z  INFO rigsignal_agent::session: No game detected — idle polling
2026-07-21T10:08:48.571606+02:00 HOST-REDACTED-B gamescope-session[2999]: [gamescope] [Info]  wlserver: Got change event for KMS device
2026-07-21T10:08:48.572708+02:00 HOST-REDACTED-B gamescope-session[2999]: [gamescope] [Info]  drm: current connector 'HDMI-A-2' disconnected
2026-07-21T10:08:48.572708+02:00 HOST-REDACTED-B gamescope-session[2999]: [gamescope] [Info]  drm: cannot find any connected connector!
2026-07-21T10:08:48.572708+02:00 HOST-REDACTED-B gamescope-session[2999]: [gamescope] [Info]  wlserver: Updating mode for xwayland server #0: 1280x720@60
2026-07-21T10:08:48.584141+02:00 HOST-REDACTED-B gamescope-session[2999]: [gamescope] [Info]  wlserver: Updating mode for xwayland server #0: 1280x720@60
2026-07-21T10:08:49.940357+02:00 HOST-REDACTED-B kernel: HDR SB:eb 02 00 60 88 08 39 c8 31 91 88 fe 1c df 0a 09
2026-07-21T10:08:49.940418+02:00 HOST-REDACTED-B kernel: HDR SB:3d 47 40 1f 03 00 00 1f 03 1f 03 00 00 00 00 00
2026-07-21T10:08:50.099940+02:00 HOST-REDACTED-B gamescope-session[2999]: [gamescope] [Info]  wlserver: Got change event for KMS device
2026-07-21T10:08:50.175229+02:00 HOST-REDACTED-B gamescope-session[2999]: [gamescope] [Info]  drm: Connector HDMI-A-2 -> SAM - QCQ95S
2026-07-21T10:08:50.175277+02:00 HOST-REDACTED-B gamescope-session[2999]: [gamescope] [Info]  drm: [colorimetry]: EDID with colorimetry detected. Using it
2026-07-21T10:08:50.175277+02:00 HOST-REDACTED-B gamescope-session[2999]: [gamescope] [Info]  drm: [colorimetry]: r 0.698242 0.291992
2026-07-21T10:08:50.175277+02:00 HOST-REDACTED-B gamescope-session[2999]: [gamescope] [Info]  drm: [colorimetry]: g 0.254883 0.699219
2026-07-21T10:08:50.175277+02:00 HOST-REDACTED-B gamescope-session[2999]: [gamescope] [Info]  drm: [colorimetry]: b 0.148438 0.055664
2026-07-21T10:08:50.175277+02:00 HOST-REDACTED-B gamescope-session[2999]: [gamescope] [Info]  drm: [colorimetry]: w 0.312500 0.329102
2026-07-21T10:08:50.175979+02:00 HOST-REDACTED-B gamescope-session[2999]: [gamescope] [Info]  drm: selecting connector HDMI-A-2
2026-07-21T10:08:50.176001+02:00 HOST-REDACTED-B gamescope-session[2999]: [gamescope] [Info]  drm: selecting mode 3840x2160@120Hz
2026-07-21T10:08:50.176104+02:00 HOST-REDACTED-B gamescope-session[2999]: [gamescope] [Info]  edid: Wrote new edid to: /<USER-REDACTED>/.config/gamescope/edid.bin
2026-07-21T10:08:50.176123+02:00 HOST-REDACTED-B gamescope-session[2999]: [gamescope] [Info]  wlserver: Updating mode for xwayland server #0: 3840x2160@120
2026-07-21T10:08:50.177505+02:00 HOST-REDACTED-B gamescope-session[2999]: [gamescope] [Info]  wlserver: Updating mode for xwayland server #0: 3840x2160@120
2026-07-21T10:08:50.184341+02:00 HOST-REDACTED-B kernel: HDR SB:eb 02 00 60 88 08 39 c8 31 91 88 fe 1c df 0a 09
2026-07-21T10:08:50.184377+02:00 HOST-REDACTED-B kernel: HDR SB:3d 47 40 1f 03 00 00 1f 03 1f 03 00 00 00 00 00
2026-07-21T10:08:50.186341+02:00 HOST-REDACTED-B kernel: HDR SB:eb 02 00 60 88 08 39 c8 31 91 88 fe 1c df 0a 09
2026-07-21T10:08:50.186370+02:00 HOST-REDACTED-B kernel: HDR SB:3d 47 40 1f 03 00 00 1f 03 1f 03 00 00 00 00 00
2026-07-21T10:08:50.188345+02:00 HOST-REDACTED-B kernel: HDR SB:eb 02 00 60 88 08 39 c8 31 91 88 fe 1c df 0a 09
2026-07-21T10:08:50.188390+02:00 HOST-REDACTED-B kernel: HDR SB:3d 47 40 1f 03 00 00 1f 03 1f 03 00 00 00 00 00
2026-07-21T10:08:50.190340+02:00 HOST-REDACTED-B kernel: HDR SB:eb 02 00 60 88 08 39 c8 31 91 88 fe 1c df 0a 09
2026-07-21T10:08:50.190372+02:00 HOST-REDACTED-B kernel: HDR SB:3d 47 40 1f 03 00 00 1f 03 1f 03 00 00 00 00 00
2026-07-21T10:08:50.193362+02:00 HOST-REDACTED-B kernel: HDR SB:eb 02 00 60 88 08 39 c8 31 91 88 fe 1c df 0a 09
2026-07-21T10:08:50.193399+02:00 HOST-REDACTED-B kernel: HDR SB:3d 47 40 1f 03 00 00 1f 03 1f 03 00 00 00 00 00
2026-07-21T10:08:50.195343+02:00 HOST-REDACTED-B kernel: HDR SB:eb 02 00 60 88 08 39 c8 31 91 88 fe 1c df 0a 09
2026-07-21T10:08:50.195364+02:00 HOST-REDACTED-B kernel: HDR SB:3d 47 40 1f 03 00 00 1f 03 1f 03 00 00 00 00 00
2026-07-21T10:08:50.197340+02:00 HOST-REDACTED-B kernel: HDR SB:eb 02 00 60 88 08 39 c8 31 91 88 fe 1c df 0a 09
2026-07-21T10:08:50.197363+02:00 HOST-REDACTED-B kernel: HDR SB:3d 47 40 1f 03 00 00 1f 03 1f 03 00 00 00 00 00
2026-07-21T10:08:50.200339+02:00 HOST-REDACTED-B kernel: HDR SB:eb 02 00 60 88 08 39 c8 31 91 88 fe 1c df 0a 09
2026-07-21T10:08:50.200355+02:00 HOST-REDACTED-B kernel: HDR SB:3d 47 40 1f 03 00 00 1f 03 1f 03 00 00 00 00 00
2026-07-21T10:09:08.127389+02:00 HOST-REDACTED-B rigsignal-agent[2691]: 2026-07-21T08:09:08.127355Z  INFO rigsignal_agent::session: No game detected — idle polling
2026-07-21T10:09:41.127093+02:00 HOST-REDACTED-B rigsignal-agent[2691]: 2026-07-21T08:09:41.127059Z  INFO rigsignal_agent::session: No game detected — idle polling
2026-07-21T10:10:14.127182+02:00 HOST-REDACTED-B rigsignal-agent[2691]: 2026-07-21T08:10:14.127125Z  INFO rigsignal_agent::session: No game detected — idle polling
2026-07-21T10:10:38.143497+02:00 HOST-REDACTED-B iwd[2209]: invalid HE capabilities for MAC-REDACTED
2026-07-21T10:10:46.127711+02:00 HOST-REDACTED-B rigsignal-agent[2691]: 2026-07-21T08:10:46.127690Z  INFO rigsignal_agent::session: No game detected — idle polling
2026-07-21T10:11:20.127501+02:00 HOST-REDACTED-B rigsignal-agent[2691]: 2026-07-21T08:11:20.127482Z  INFO rigsignal_agent::session: No game detected — idle polling
2026-07-21T10:11:56.127209+02:00 HOST-REDACTED-B rigsignal-agent[2691]: 2026-07-21T08:11:56.127141Z  INFO rigsignal_agent::session: No game detected — idle polling
2026-07-21T10:12:29.127349+02:00 HOST-REDACTED-B rigsignal-agent[2691]: 2026-07-21T08:12:29.127311Z  INFO rigsignal_agent::session: No game detected — idle polling
2026-07-21T10:13:02.127095+02:00 HOST-REDACTED-B rigsignal-agent[2691]: 2026-07-21T08:13:02.127072Z  INFO rigsignal_agent::session: No game detected — idle polling
2026-07-21T10:13:36.127485+02:00 HOST-REDACTED-B rigsignal-agent[2691]: 2026-07-21T08:13:36.127461Z  INFO rigsignal_agent::session: No game detected — idle polling
2026-07-21T10:14:08.127145+02:00 HOST-REDACTED-B rigsignal-agent[2691]: 2026-07-21T08:14:08.127104Z  INFO rigsignal_agent::session: No game detected — idle polling
2026-07-21T10:14:41.127110+02:00 HOST-REDACTED-B rigsignal-agent[2691]: 2026-07-21T08:14:41.127075Z  INFO rigsignal_agent::session: No game detected — idle polling
2026-07-21T10:15:16.127170+02:00 HOST-REDACTED-B rigsignal-agent[2691]: 2026-07-21T08:15:16.127134Z  INFO rigsignal_agent::session: No game detected — idle polling
2026-07-21T10:15:19.113307+02:00 HOST-REDACTED-B sshd-session[9726]: Accepted publickey for USER-REDACTED from IP-REDACTED port 45392 ssh2: ED25519 SSH-FINGERPRINT-REDACTED
2026-07-21T10:15:19.116286+02:00 HOST-REDACTED-B sshd-session[9726]: pam_unix(sshd:session): session opened for user USER-REDACTED(uid=1000) by USER-REDACTED(uid=0)
2026-07-21T10:15:19.121815+02:00 HOST-REDACTED-B systemd-logind[1427]: New session 7 of user USER-REDACTED.
2026-07-21T10:15:19.138410+02:00 HOST-REDACTED-B systemd[1]: Started Session 7 of User USER-REDACTED.
2026-07-21T10:15:19.204081+02:00 HOST-REDACTED-B sshd-session[9732]: Received disconnect from IP-REDACTED port 45392:11: disconnected by user
2026-07-21T10:15:19.204180+02:00 HOST-REDACTED-B sshd-session[9732]: Disconnected from user USER-REDACTED IP-REDACTED port 45392
2026-07-21T10:15:19.204564+02:00 HOST-REDACTED-B sshd-session[9726]: pam_unix(sshd:session): session closed for user USER-REDACTED
2026-07-21T10:15:19.210156+02:00 HOST-REDACTED-B systemd[1]: session-7.scope: Deactivated successfully.
2026-07-21T10:15:19.211475+02:00 HOST-REDACTED-B systemd-logind[1427]: Removed session 7.
2026-07-21T10:15:28.113600+02:00 HOST-REDACTED-B sshd-session[9750]: Accepted publickey for USER-REDACTED from IP-REDACTED port 51930 ssh2: ED25519 SSH-FINGERPRINT-REDACTED
2026-07-21T10:15:28.116834+02:00 HOST-REDACTED-B sshd-session[9750]: pam_unix(sshd:session): session opened for user USER-REDACTED(uid=1000) by USER-REDACTED(uid=0)
2026-07-21T10:15:28.122723+02:00 HOST-REDACTED-B systemd-logind[1427]: New session 8 of user USER-REDACTED.
2026-07-21T10:15:28.140410+02:00 HOST-REDACTED-B systemd[1]: Started Session 8 of User USER-REDACTED.
2026-07-21T10:15:28.191969+02:00 HOST-REDACTED-B sshd-session[9759]: Received disconnect from IP-REDACTED port 51930:11: disconnected by user
2026-07-21T10:15:28.192070+02:00 HOST-REDACTED-B sshd-session[9759]: Disconnected from user USER-REDACTED IP-REDACTED port 51930
2026-07-21T10:15:28.192494+02:00 HOST-REDACTED-B sshd-session[9750]: pam_unix(sshd:session): session closed for user USER-REDACTED
2026-07-21T10:15:28.197665+02:00 HOST-REDACTED-B systemd[1]: session-8.scope: Deactivated successfully.
2026-07-21T10:15:28.198862+02:00 HOST-REDACTED-B systemd-logind[1427]: Removed session 8.
2026-07-21T10:15:50.126531+02:00 HOST-REDACTED-B rigsignal-agent[2691]: 2026-07-21T08:15:50.126509Z  INFO rigsignal_agent::session: No game detected — idle polling
2026-07-21T10:16:01.332406+02:00 HOST-REDACTED-B sshd-session[9789]: Accepted publickey for USER-REDACTED from IP-REDACTED port 60792 ssh2: ED25519 SSH-FINGERPRINT-REDACTED
2026-07-21T10:16:01.335381+02:00 HOST-REDACTED-B sshd-session[9789]: pam_unix(sshd:session): session opened for user USER-REDACTED(uid=1000) by USER-REDACTED(uid=0)
2026-07-21T10:16:01.341056+02:00 HOST-REDACTED-B systemd-logind[1427]: New session 9 of user USER-REDACTED.
2026-07-21T10:16:01.350405+02:00 HOST-REDACTED-B systemd[1]: Started Session 9 of User USER-REDACTED.
2026-07-21T10:16:01.404404+02:00 HOST-REDACTED-B systemd[2401]: Started [systemd-run] /<USER-REDACTED>/streammon.sh enp6s0 /<USER-REDACTED>/streammon-ab-slotA.log.
2026-07-21T10:16:01.431891+02:00 HOST-REDACTED-B streammon.sh[9815]: /<USER-REDACTED>/streammon.sh: line 31: hostname: command not found
2026-07-21T10:16:04.407247+02:00 HOST-REDACTED-B sshd-session[9795]: Received disconnect from IP-REDACTED port 60792:11: disconnected by user
2026-07-21T10:16:04.407342+02:00 HOST-REDACTED-B sshd-session[9795]: Disconnected from user USER-REDACTED IP-REDACTED port 60792
2026-07-21T10:16:04.407834+02:00 HOST-REDACTED-B sshd-session[9789]: pam_unix(sshd:session): session closed for user USER-REDACTED
2026-07-21T10:16:04.413598+02:00 HOST-REDACTED-B systemd[1]: session-9.scope: Deactivated successfully.
2026-07-21T10:16:04.415087+02:00 HOST-REDACTED-B systemd-logind[1427]: Removed session 9.
2026-07-21T10:16:23.127309+02:00 HOST-REDACTED-B rigsignal-agent[2691]: 2026-07-21T08:16:23.127288Z  INFO rigsignal_agent::session: No game detected — idle polling
2026-07-21T10:16:57.127635+02:00 HOST-REDACTED-B rigsignal-agent[2691]: 2026-07-21T08:16:57.127601Z  INFO rigsignal_agent::session: No game detected — idle polling
2026-07-21T10:17:23.740445+02:00 HOST-REDACTED-B systemd[1]: Starting Time & Date Service...
2026-07-21T10:17:23.787235+02:00 HOST-REDACTED-B systemd[1]: Started Time & Date Service.
2026-07-21T10:17:23.789976+02:00 HOST-REDACTED-B systemd[2401]: steam-launcher.service: Got notification message from PID 11284, but reception is disabled
2026-07-21T10:17:23.799108+02:00 HOST-REDACTED-B systemd[2401]: steam-launcher.service: Got notification message from PID 11292, but reception is disabled
2026-07-21T10:17:24.305305+02:00 HOST-REDACTED-B rtkit-daemon[2733]: Successfully made thread 11322 of process 11260 owned by '1000' high priority at nice level -10.
2026-07-21T10:17:26.398726+02:00 HOST-REDACTED-B rtkit-daemon[2733]: Successfully made thread 11360 of process 11260 owned by '1000' high priority at nice level -15.
2026-07-21T10:17:26.493793+02:00 HOST-REDACTED-B gamescope-session[2999]: [gamescope] [Warn]  xwm: got the same buffer committed twice, ignoring.
2026-07-21T10:17:28.001894+02:00 HOST-REDACTED-B gamescope-session[2999]: [gamescope] [Warn]  xwm: got the same buffer committed twice, ignoring.
2026-07-21T10:17:28.001894+02:00 HOST-REDACTED-B gamescope-session[2999]: [gamescope] [Warn]  xwm: got the same buffer committed twice, ignoring.
2026-07-21T10:17:30.128200+02:00 HOST-REDACTED-B rigsignal-agent[2691]: 2026-07-21T08:17:30.128181Z  INFO rigsignal_agent::session: No game detected — idle polling
2026-07-21T10:17:53.829693+02:00 HOST-REDACTED-B systemd[1]: systemd-timedated.service: Deactivated successfully.
2026-07-21T10:18:03.127973+02:00 HOST-REDACTED-B rigsignal-agent[2691]: 2026-07-21T08:18:03.127950Z  INFO rigsignal_agent::session: No game detected — idle polling
2026-07-21T10:18:11.945293+02:00 HOST-REDACTED-B sshd-session[12176]: Accepted publickey for USER-REDACTED from IP-REDACTED port 35516 ssh2: ED25519 SSH-FINGERPRINT-REDACTED
2026-07-21T10:18:11.948282+02:00 HOST-REDACTED-B sshd-session[12176]: pam_unix(sshd:session): session opened for user USER-REDACTED(uid=1000) by USER-REDACTED(uid=0)
2026-07-21T10:18:11.953688+02:00 HOST-REDACTED-B systemd-logind[1427]: New session 10 of user USER-REDACTED.
2026-07-21T10:18:11.971449+02:00 HOST-REDACTED-B systemd[1]: Started Session 10 of User USER-REDACTED.
2026-07-21T10:18:12.021410+02:00 HOST-REDACTED-B sshd-session[12199]: Received disconnect from IP-REDACTED port 35516:11: disconnected by user
2026-07-21T10:18:12.021495+02:00 HOST-REDACTED-B sshd-session[12199]: Disconnected from user USER-REDACTED IP-REDACTED port 35516
2026-07-21T10:18:12.021876+02:00 HOST-REDACTED-B sshd-session[12176]: pam_unix(sshd:session): session closed for user USER-REDACTED
2026-07-21T10:18:12.026807+02:00 HOST-REDACTED-B systemd[1]: session-10.scope: Deactivated successfully.
2026-07-21T10:18:12.028031+02:00 HOST-REDACTED-B systemd-logind[1427]: Removed session 10.
2026-07-21T10:18:37.127700+02:00 HOST-REDACTED-B rigsignal-agent[2691]: 2026-07-21T08:18:37.127678Z  INFO rigsignal_agent::session: No game detected — idle polling
2026-07-21T10:19:10.127241+02:00 HOST-REDACTED-B rigsignal-agent[2691]: 2026-07-21T08:19:10.127221Z  INFO rigsignal_agent::session: No game detected — idle polling
2026-07-21T10:19:33.037360+02:00 HOST-REDACTED-B rtkit-daemon[2733]: Successfully made thread 13596 of process 11260 owned by '1000' high priority at nice level -10.
2026-07-21T10:19:44.127501+02:00 HOST-REDACTED-B rigsignal-agent[2691]: 2026-07-21T08:19:44.127479Z  INFO rigsignal_agent::session: No game detected — idle polling
2026-07-21T10:20:18.128249+02:00 HOST-REDACTED-B rigsignal-agent[2691]: 2026-07-21T08:20:18.128228Z  INFO rigsignal_agent::session: No game detected — idle polling
2026-07-21T10:20:52.126655+02:00 HOST-REDACTED-B rigsignal-agent[2691]: 2026-07-21T08:20:52.126602Z  INFO rigsignal_agent::session: No game detected — idle polling
2026-07-21T10:21:24.127322+02:00 HOST-REDACTED-B rigsignal-agent[2691]: 2026-07-21T08:21:24.127300Z  INFO rigsignal_agent::session: No game detected — idle polling
2026-07-21T10:21:57.127396+02:00 HOST-REDACTED-B rigsignal-agent[2691]: 2026-07-21T08:21:57.127377Z  INFO rigsignal_agent::session: No game detected — idle polling
2026-07-21T10:22:29.127527+02:00 HOST-REDACTED-B rigsignal-agent[2691]: 2026-07-21T08:22:29.127505Z  INFO rigsignal_agent::session: No game detected — idle polling
2026-07-21T10:23:02.127136+02:00 HOST-REDACTED-B rigsignal-agent[2691]: 2026-07-21T08:23:02.127114Z  INFO rigsignal_agent::session: No game detected — idle polling
2026-07-21T10:23:36.127579+02:00 HOST-REDACTED-B rigsignal-agent[2691]: 2026-07-21T08:23:36.127559Z  INFO rigsignal_agent::session: No game detected — idle polling
2026-07-21T10:24:10.127195+02:00 HOST-REDACTED-B rigsignal-agent[2691]: 2026-07-21T08:24:10.127140Z  INFO rigsignal_agent::session: No game detected — idle polling
2026-07-21T10:24:19.933756+02:00 HOST-REDACTED-B steam[3370]: [2026-07-21 10:24:19] uninstalled manifest found in /<USER-REDACTED>/.local/share/Steam/package/steam_client_steamdeck_publicbeta_ubuntu12 (1).
2026-07-21T10:24:46.127249+02:00 HOST-REDACTED-B rigsignal-agent[2691]: 2026-07-21T08:24:46.127227Z  INFO rigsignal_agent::session: No game detected — idle polling
2026-07-21T10:25:20.127153+02:00 HOST-REDACTED-B rigsignal-agent[2691]: 2026-07-21T08:25:20.127130Z  INFO rigsignal_agent::session: No game detected — idle polling
2026-07-21T10:25:52.127131+02:00 HOST-REDACTED-B rigsignal-agent[2691]: 2026-07-21T08:25:52.127110Z  INFO rigsignal_agent::session: No game detected — idle polling
2026-07-21T10:26:25.127344+02:00 HOST-REDACTED-B rigsignal-agent[2691]: 2026-07-21T08:26:25.127269Z  INFO rigsignal_agent::session: No game detected — idle polling
2026-07-21T10:26:58.128115+02:00 HOST-REDACTED-B rigsignal-agent[2691]: 2026-07-21T08:26:58.128064Z  INFO rigsignal_agent::session: No game detected — idle polling
2026-07-21T10:27:33.127488+02:00 HOST-REDACTED-B rigsignal-agent[2691]: 2026-07-21T08:27:33.127469Z  INFO rigsignal_agent::session: No game detected — idle polling
2026-07-21T10:28:06.127570+02:00 HOST-REDACTED-B rigsignal-agent[2691]: 2026-07-21T08:28:06.127550Z  INFO rigsignal_agent::session: No game detected — idle polling
2026-07-21T10:28:40.127198+02:00 HOST-REDACTED-B rigsignal-agent[2691]: 2026-07-21T08:28:40.127176Z  INFO rigsignal_agent::session: No game detected — idle polling
2026-07-21T10:29:13.127416+02:00 HOST-REDACTED-B rigsignal-agent[2691]: 2026-07-21T08:29:13.127395Z  INFO rigsignal_agent::session: No game detected — idle polling
2026-07-21T10:29:48.127309+02:00 HOST-REDACTED-B rigsignal-agent[2691]: 2026-07-21T08:29:48.127254Z  INFO rigsignal_agent::session: No game detected — idle polling
2026-07-21T10:30:21.127401+02:00 HOST-REDACTED-B rigsignal-agent[2691]: 2026-07-21T08:30:21.127379Z  INFO rigsignal_agent::session: No game detected — idle polling
2026-07-21T10:30:54.127328+02:00 HOST-REDACTED-B rigsignal-agent[2691]: 2026-07-21T08:30:54.127305Z  INFO rigsignal_agent::session: No game detected — idle polling
2026-07-21T10:31:26.127158+02:00 HOST-REDACTED-B rigsignal-agent[2691]: 2026-07-21T08:31:26.127136Z  INFO rigsignal_agent::session: No game detected — idle polling
2026-07-21T10:32:00.127397+02:00 HOST-REDACTED-B rigsignal-agent[2691]: 2026-07-21T08:32:00.127375Z  INFO rigsignal_agent::session: No game detected — idle polling
2026-07-21T10:32:34.128195+02:00 HOST-REDACTED-B rigsignal-agent[2691]: 2026-07-21T08:32:34.128176Z  INFO rigsignal_agent::session: No game detected — idle polling
2026-07-21T10:33:07.127253+02:00 HOST-REDACTED-B rigsignal-agent[2691]: 2026-07-21T08:33:07.127198Z  INFO rigsignal_agent::session: No game detected — idle polling
2026-07-21T10:33:40.127163+02:00 HOST-REDACTED-B rigsignal-agent[2691]: 2026-07-21T08:33:40.127143Z  INFO rigsignal_agent::session: No game detected — idle polling
2026-07-21T10:34:13.127440+02:00 HOST-REDACTED-B rigsignal-agent[2691]: 2026-07-21T08:34:13.127392Z  INFO rigsignal_agent::session: No game detected — idle polling
2026-07-21T10:34:45.127917+02:00 HOST-REDACTED-B rigsignal-agent[2691]: 2026-07-21T08:34:45.127897Z  INFO rigsignal_agent::session: No game detected — idle polling
2026-07-21T10:35:19.127170+02:00 HOST-REDACTED-B rigsignal-agent[2691]: 2026-07-21T08:35:19.127150Z  INFO rigsignal_agent::session: No game detected — idle polling
2026-07-21T10:35:53.127847+02:00 HOST-REDACTED-B rigsignal-agent[2691]: 2026-07-21T08:35:53.127797Z  INFO rigsignal_agent::session: No game detected — idle polling
2026-07-21T10:35:55.202491+02:00 HOST-REDACTED-B iwd[2209]: invalid HE capabilities for MAC-REDACTED
2026-07-21T10:36:28.127562+02:00 HOST-REDACTED-B rigsignal-agent[2691]: 2026-07-21T08:36:28.127542Z  INFO rigsignal_agent::session: No game detected — idle polling
2026-07-21T10:37:02.127175+02:00 HOST-REDACTED-B rigsignal-agent[2691]: 2026-07-21T08:37:02.127155Z  INFO rigsignal_agent::session: No game detected — idle polling
2026-07-21T10:37:36.127177+02:00 HOST-REDACTED-B rigsignal-agent[2691]: 2026-07-21T08:37:36.127157Z  INFO rigsignal_agent::session: No game detected — idle polling
2026-07-21T10:38:08.127427+02:00 HOST-REDACTED-B rigsignal-agent[2691]: 2026-07-21T08:38:08.127408Z  INFO rigsignal_agent::session: No game detected — idle polling
2026-07-21T10:38:42.128321+02:00 HOST-REDACTED-B rigsignal-agent[2691]: 2026-07-21T08:38:42.128267Z  INFO rigsignal_agent::session: No game detected — idle polling
2026-07-21T10:39:16.127541+02:00 HOST-REDACTED-B rigsignal-agent[2691]: 2026-07-21T08:39:16.127520Z  INFO rigsignal_agent::session: No game detected — idle polling
2026-07-21T10:39:50.127227+02:00 HOST-REDACTED-B rigsignal-agent[2691]: 2026-07-21T08:39:50.127206Z  INFO rigsignal_agent::session: No game detected — idle polling
2026-07-21T10:40:23.127464+02:00 HOST-REDACTED-B rigsignal-agent[2691]: 2026-07-21T08:40:23.127442Z  INFO rigsignal_agent::session: No game detected — idle polling
2026-07-21T10:40:56.127507+02:00 HOST-REDACTED-B rigsignal-agent[2691]: 2026-07-21T08:40:56.127486Z  INFO rigsignal_agent::session: No game detected — idle polling
2026-07-21T10:41:30.128221+02:00 HOST-REDACTED-B rigsignal-agent[2691]: 2026-07-21T08:41:30.128202Z  INFO rigsignal_agent::session: No game detected — idle polling
2026-07-21T10:42:03.127396+02:00 HOST-REDACTED-B rigsignal-agent[2691]: 2026-07-21T08:42:03.127339Z  INFO rigsignal_agent::session: No game detected — idle polling
2026-07-21T10:42:37.127323+02:00 HOST-REDACTED-B rigsignal-agent[2691]: 2026-07-21T08:42:37.127300Z  INFO rigsignal_agent::session: No game detected — idle polling
2026-07-21T10:43:11.127356+02:00 HOST-REDACTED-B rigsignal-agent[2691]: 2026-07-21T08:43:11.127330Z  INFO rigsignal_agent::session: No game detected — idle polling
2026-07-21T10:43:44.127278+02:00 HOST-REDACTED-B rigsignal-agent[2691]: 2026-07-21T08:43:44.127258Z  INFO rigsignal_agent::session: No game detected — idle polling
2026-07-21T10:44:17.127021+02:00 HOST-REDACTED-B rigsignal-agent[2691]: 2026-07-21T08:44:17.127001Z  INFO rigsignal_agent::session: No game detected — idle polling
2026-07-21T10:44:49.127263+02:00 HOST-REDACTED-B rigsignal-agent[2691]: 2026-07-21T08:44:49.127210Z  INFO rigsignal_agent::session: No game detected — idle polling
2026-07-21T10:45:23.127672+02:00 HOST-REDACTED-B rigsignal-agent[2691]: 2026-07-21T08:45:23.127653Z  INFO rigsignal_agent::session: No game detected — idle polling
2026-07-21T10:45:54.128176+02:00 HOST-REDACTED-B rigsignal-agent[2691]: 2026-07-21T08:45:54.128156Z  INFO rigsignal_agent::session: No game detected — idle polling
2026-07-21T10:46:01.936495+02:00 HOST-REDACTED-B iwd[2209]: invalid HE capabilities for MAC-REDACTED
2026-07-21T10:46:01.936495+02:00 HOST-REDACTED-B iwd[2209]: invalid HE capabilities for MAC-REDACTED
2026-07-21T10:46:28.127166+02:00 HOST-REDACTED-B rigsignal-agent[2691]: 2026-07-21T08:46:28.127147Z  INFO rigsignal_agent::session: No game detected — idle polling
2026-07-21T10:47:02.127165+02:00 HOST-REDACTED-B rigsignal-agent[2691]: 2026-07-21T08:47:02.127145Z  INFO rigsignal_agent::session: No game detected — idle polling
2026-07-21T10:47:36.127267+02:00 HOST-REDACTED-B rigsignal-agent[2691]: 2026-07-21T08:47:36.127245Z  INFO rigsignal_agent::session: No game detected — idle polling
2026-07-21T10:48:08.127239+02:00 HOST-REDACTED-B rigsignal-agent[2691]: 2026-07-21T08:48:08.127189Z  INFO rigsignal_agent::session: No game detected — idle polling
2026-07-21T10:48:41.126670+02:00 HOST-REDACTED-B rigsignal-agent[2691]: 2026-07-21T08:48:41.126649Z  INFO rigsignal_agent::session: No game detected — idle polling
2026-07-21T10:49:13.127485+02:00 HOST-REDACTED-B rigsignal-agent[2691]: 2026-07-21T08:49:13.127433Z  INFO rigsignal_agent::session: No game detected — idle polling
2026-07-21T10:49:14.337548+02:00 HOST-REDACTED-B earlyoom[1387]: mem avail: 23046 of 30066 MiB (76.65%), swap free: 16887 of 16887 MiB (100.00%)
2026-07-21T10:49:46.127342+02:00 HOST-REDACTED-B rigsignal-agent[2691]: 2026-07-21T08:49:46.127319Z  INFO rigsignal_agent::session: No game detected — idle polling
2026-07-21T10:50:16.127406+02:00 HOST-REDACTED-B rigsignal-agent[2691]: 2026-07-21T08:50:16.127387Z  INFO rigsignal_agent::session: No game detected — idle polling
2026-07-21T10:50:50.127737+02:00 HOST-REDACTED-B rigsignal-agent[2691]: 2026-07-21T08:50:50.127684Z  INFO rigsignal_agent::session: No game detected — idle polling
2026-07-21T10:51:05.314458+02:00 HOST-REDACTED-B iwd[2209]: invalid HE capabilities for MAC-REDACTED
2026-07-21T10:51:24.127249+02:00 HOST-REDACTED-B rigsignal-agent[2691]: 2026-07-21T08:51:24.127228Z  INFO rigsignal_agent::session: No game detected — idle polling
2026-07-21T10:51:57.127543+02:00 HOST-REDACTED-B rigsignal-agent[2691]: 2026-07-21T08:51:57.127522Z  INFO rigsignal_agent::session: No game detected — idle polling
2026-07-21T10:52:30.127820+02:00 HOST-REDACTED-B rigsignal-agent[2691]: 2026-07-21T08:52:30.127799Z  INFO rigsignal_agent::session: No game detected — idle polling
2026-07-21T10:53:03.127275+02:00 HOST-REDACTED-B rigsignal-agent[2691]: 2026-07-21T08:53:03.127250Z  INFO rigsignal_agent::session: No game detected — idle polling
2026-07-21T10:53:35.127262+02:00 HOST-REDACTED-B rigsignal-agent[2691]: 2026-07-21T08:53:35.127240Z  INFO rigsignal_agent::session: No game detected — idle polling
2026-07-21T10:54:07.127303+02:00 HOST-REDACTED-B rigsignal-agent[2691]: 2026-07-21T08:54:07.127249Z  INFO rigsignal_agent::session: No game detected — idle polling
2026-07-21T10:54:20.158765+02:00 HOST-REDACTED-B steam[3370]: [2026-07-21 10:54:20] uninstalled manifest found in /<USER-REDACTED>/.local/share/Steam/package/steam_client_steamdeck_publicbeta_ubuntu12 (1).
2026-07-21T10:54:42.127107+02:00 HOST-REDACTED-B rigsignal-agent[2691]: 2026-07-21T08:54:42.127086Z  INFO rigsignal_agent::session: No game detected — idle polling
2026-07-21T10:55:14.127302+02:00 HOST-REDACTED-B rigsignal-agent[2691]: 2026-07-21T08:55:14.127242Z  INFO rigsignal_agent::session: No game detected — idle polling
2026-07-21T10:55:47.127711+02:00 HOST-REDACTED-B rigsignal-agent[2691]: 2026-07-21T08:55:47.127691Z  INFO rigsignal_agent::session: No game detected — idle polling
2026-07-21T10:56:20.127227+02:00 HOST-REDACTED-B rigsignal-agent[2691]: 2026-07-21T08:56:20.127205Z  INFO rigsignal_agent::session: No game detected — idle polling
2026-07-21T10:56:44.605347+02:00 HOST-REDACTED-B kernel: amdgpu 0000:09:00.0: [drm] CRB Config Warning: DET size (11,2,8,0) + Compbuf size (1) >  CRB segments (21)
2026-07-21T10:56:44.659178+02:00 HOST-REDACTED-B gamescope-session[2999]: [gamescope] [Warn]  xwm: got the same buffer committed twice, ignoring.
2026-07-21T10:56:44.659178+02:00 HOST-REDACTED-B gamescope-session[2999]: [gamescope] [Warn]  xwm: got the same buffer committed twice, ignoring.
2026-07-21T10:56:45.445347+02:00 HOST-REDACTED-B systemd[1]: Starting Time & Date Service...
2026-07-21T10:56:45.488416+02:00 HOST-REDACTED-B systemd[1]: Started Time & Date Service.
2026-07-21T10:56:45.491178+02:00 HOST-REDACTED-B systemd[2401]: steam-launcher.service: Got notification message from PID 52370, but reception is disabled
2026-07-21T10:56:45.500382+02:00 HOST-REDACTED-B systemd[2401]: steam-launcher.service: Got notification message from PID 52375, but reception is disabled
2026-07-21T10:56:52.668737+02:00 HOST-REDACTED-B systemd-logind[1427]: The system will reboot now!
2026-07-21T10:56:52.668970+02:00 HOST-REDACTED-B systemd-logind[1427]: System is rebooting.
2026-07-21T10:56:52.671404+02:00 HOST-REDACTED-B steam[3370]: method return time=1784624212.671364 sender=:1.8 -> destination=:1.110 serial=302 reply_serial=2
2026-07-21T10:56:52.676552+02:00 HOST-REDACTED-B sddm-helper[2737]: Signal received: SIGTERM
2026-07-21T10:56:52.676842+02:00 HOST-REDACTED-B systemd[1]: Stopping Session 2 of User USER-REDACTED...
2026-07-21T10:56:52.677300+02:00 HOST-REDACTED-B systemd[1]: Stopping Session 3 of User USER-REDACTED...
2026-07-21T10:56:52.677496+02:00 HOST-REDACTED-B sshd-session[7201]: error: mm_reap: preauth child terminated by signal 15
2026-07-21T10:56:52.677590+02:00 HOST-REDACTED-B sshd-session[7201]: pam_unix(sshd:session): session closed for user USER-REDACTED
2026-07-21T10:56:52.677526+02:00 HOST-REDACTED-B systemd[1]: Removed slice Slice /system/getty.
2026-07-21T10:56:52.677743+02:00 HOST-REDACTED-B sddm[2667]: Authentication error: SDDM::Auth::ERROR_INTERNAL "Process crashed"
2026-07-21T10:56:52.677760+02:00 HOST-REDACTED-B sddm[2667]: Auth: sddm-helper (--socket /tmp/sddm-auth-UUID-REDACTED --id 1 --start start-gamescope-session --user USER-REDACTED --autologin) crashed (exit code 1)
2026-07-21T10:56:52.677768+02:00 HOST-REDACTED-B sddm[2667]: Authentication error: SDDM::Auth::ERROR_INTERNAL "Process crashed"
2026-07-21T10:56:52.677775+02:00 HOST-REDACTED-B sddm[2667]: Auth: sddm-helper exited with 1
2026-07-21T10:56:52.677797+02:00 HOST-REDACTED-B systemd[1]: Removed slice Slice /system/modprobe.
2026-07-21T10:56:52.677885+02:00 HOST-REDACTED-B systemd[1]: proc-sys-fs-binfmt_misc.automount: Deactivated successfully.
2026-07-21T10:56:52.678105+02:00 HOST-REDACTED-B systemd[1]: Unset automount Arbitrary Executable File Formats File System Automount Point.
2026-07-21T10:56:52.678160+02:00 HOST-REDACTED-B systemd[1]: Stopped target Bluetooth Support.
2026-07-21T10:56:52.678204+02:00 HOST-REDACTED-B systemd[1]: Stopped target Local Encrypted Volumes.
2026-07-21T10:56:52.678252+02:00 HOST-REDACTED-B systemd[1]: Stopped target Local Integrity Protected Volumes.
2026-07-21T10:56:52.678307+02:00 HOST-REDACTED-B systemd[1]: Stopped target Host and Network Name Lookups.
2026-07-21T10:56:52.678367+02:00 HOST-REDACTED-B systemd[1]: Stopped target Sound Card.
2026-07-21T10:56:52.678406+02:00 HOST-REDACTED-B systemd[1]: Stopped target SSH Access Available.
2026-07-21T10:56:52.678448+02:00 HOST-REDACTED-B systemd[1]: Stopped target SteamOS Offload.
2026-07-21T10:56:52.678494+02:00 HOST-REDACTED-B systemd[1]: Stopped target Timer Units.
2026-07-21T10:56:52.678521+02:00 HOST-REDACTED-B systemd[1]: mandoc.timer: Deactivated successfully.
2026-07-21T10:56:52.678544+02:00 HOST-REDACTED-B systemd[1]: Stopped Daily manpage database update.
2026-07-21T10:56:52.678569+02:00 HOST-REDACTED-B systemd[1]: shadow.timer: Deactivated successfully.
2026-07-21T10:56:52.678588+02:00 HOST-REDACTED-B systemd[1]: Stopped Daily verification of password and group files.
2026-07-21T10:56:52.678613+02:00 HOST-REDACTED-B systemd[1]: systemd-tmpfiles-clean.timer: Deactivated successfully.
2026-07-21T10:56:52.678635+02:00 HOST-REDACTED-B systemd[1]: Stopped Daily Cleanup of Temporary Directories.
2026-07-21T10:56:52.678676+02:00 HOST-REDACTED-B systemd[1]: Stopped target System Time Set.
2026-07-21T10:56:52.678719+02:00 HOST-REDACTED-B systemd[1]: Stopped target Trusted Platform Module.
2026-07-21T10:56:52.678765+02:00 HOST-REDACTED-B systemd[1]: Stopped target Local Verity Protected Volumes.
2026-07-21T10:56:52.678830+02:00 HOST-REDACTED-B systemd[1]: lvm2-lvmpolld.socket: Deactivated successfully.
2026-07-21T10:56:52.678890+02:00 HOST-REDACTED-B systemd[1]: Closed LVM2 poll daemon socket.
2026-07-21T10:56:52.678964+02:00 HOST-REDACTED-B systemd[1]: systemd-rfkill.socket: Deactivated successfully.
2026-07-21T10:56:52.679014+02:00 HOST-REDACTED-B systemd[1]: Closed Load/Save RF Kill Switch Status /dev/rfkill Watch.
2026-07-21T10:56:52.679551+02:00 HOST-REDACTED-B systemd[1]: Unmounting /esp...
2026-07-21T10:56:52.679732+02:00 HOST-REDACTED-B systemd[1]: Stopping Atomic Update Daemon...
2026-07-21T10:56:52.679777+02:00 HOST-REDACTED-B bluetoothd[1390]: Terminating
2026-07-21T10:56:52.679857+02:00 HOST-REDACTED-B systemd[1]: Stopping Bluetooth service...
2026-07-21T10:56:52.679886+02:00 HOST-REDACTED-B systemd[1]: kdumpst-init.service: Deactivated successfully.
2026-07-21T10:56:52.679989+02:00 HOST-REDACTED-B systemd[1]: Stopped kdumpst loader boot-time service.
2026-07-21T10:56:52.680853+02:00 HOST-REDACTED-B systemd[1]: Starting Generate shutdown-ramfs...
2026-07-21T10:56:52.680944+02:00 HOST-REDACTED-B rauc[8637]: stopping service
2026-07-21T10:56:52.681022+02:00 HOST-REDACTED-B systemd[1]: Stopping RAUC Update Service...
2026-07-21T10:56:52.681172+02:00 HOST-REDACTED-B systemd[1]: Stopping RealtimeKit Scheduling Policy Service...
2026-07-21T10:56:52.681193+02:00 HOST-REDACTED-B systemd[1]: steamos-boot.service: Deactivated successfully.
2026-07-21T10:56:52.681342+02:00 HOST-REDACTED-B systemd[1]: Stopped SteamOS Boot Registration.
2026-07-21T10:56:52.681481+02:00 HOST-REDACTED-B systemd[1]: Stopped target Graphical Interface.
2026-07-21T10:56:52.681574+02:00 HOST-REDACTED-B systemd[1]: Stopped target Multi-User System.
2026-07-21T10:56:52.681676+02:00 HOST-REDACTED-B systemd[1]: Stopped target Login Prompts.
2026-07-21T10:56:52.682129+02:00 HOST-REDACTED-B systemd[1]: Unmounting /efi...
2026-07-21T10:56:52.682262+02:00 HOST-REDACTED-B systemd[1]: Stopping Early OOM Daemon...
2026-07-21T10:56:52.682373+02:00 HOST-REDACTED-B avahi-daemon[1389]: Got SIGTERM, quitting.
2026-07-21T10:56:52.682415+02:00 HOST-REDACTED-B avahi-daemon[1389]: Leaving mDNS multicast group on interface enp6s0.IPv6 with address 2001:db8::1.
2026-07-21T10:56:52.682488+02:00 HOST-REDACTED-B systemd[1]: Stopping Avahi mDNS/DNS-SD Stack...
2026-07-21T10:56:52.682498+02:00 HOST-REDACTED-B systemd[1]: cec-sysconf.service: Deactivated successfully.
2026-07-21T10:56:52.682611+02:00 HOST-REDACTED-B systemd[1]: Stopped Hardware Specific CEC Configuration.
2026-07-21T10:56:52.682653+02:00 HOST-REDACTED-B avahi-daemon[1389]: Leaving mDNS multicast group on interface enp6s0.IPv4 with address IP-REDACTED.
2026-07-21T10:56:52.682817+02:00 HOST-REDACTED-B systemd[1]: Stopping Service for enabling and controlling dmem cgroup limits for boosting foreground games, system-level...
2026-07-21T10:56:52.682821+02:00 HOST-REDACTED-B avahi-daemon[1389]: Leaving mDNS multicast group on interface lo.IPv6 with address ::1.
2026-07-21T10:56:52.682834+02:00 HOST-REDACTED-B avahi-daemon[1389]: Leaving mDNS multicast group on interface lo.IPv4 with address 127.0.0.1.
2026-07-21T10:56:52.683148+02:00 HOST-REDACTED-B avahi-daemon[1389]: avahi-daemon 0.8 exiting.
2026-07-21T10:56:52.684087+02:00 HOST-REDACTED-B systemd[2401]: Stopped target Gamescope Session.
2026-07-21T10:56:52.684288+02:00 HOST-REDACTED-B dbus-broker[4381]: Dispatched 18 messages @ 5(±6)μs / message.
2026-07-21T10:56:52.684408+02:00 HOST-REDACTED-B systemd[2401]: Stopping Accessibility services bus...
2026-07-21T10:56:52.684628+02:00 HOST-REDACTED-B systemd[2401]: Stopping mangoapp...
2026-07-21T10:56:52.684811+02:00 HOST-REDACTED-B systemd[2401]: Stopping Xbindkeys for Gamescope session...
2026-07-21T10:56:52.685036+02:00 HOST-REDACTED-B systemd[2401]: Stopping Wrapper for Ibus...
2026-07-21T10:56:52.689135+02:00 HOST-REDACTED-B bluetoothd[1390]: src/device.c:device_disconnected() Unknown disconnection value: 21
2026-07-21T10:56:52.694864+02:00 HOST-REDACTED-B systemd[2401]: Stopping Steam Launcher...
2026-07-21T10:56:52.694880+02:00 HOST-REDACTED-B systemd[1]: Stopping GPU performance capture daemon...
2026-07-21T10:56:52.694900+02:00 HOST-REDACTED-B systemd[1]: pipewire-sysconf.service: Deactivated successfully.
2026-07-21T10:56:52.695023+02:00 HOST-REDACTED-B systemd[1]: Stopped Hardware Specific Pipewire Configuration.
2026-07-21T10:56:52.695145+02:00 HOST-REDACTED-B systemd[1]: plymouth-quit-wait.service: Deactivated successfully.
2026-07-21T10:56:52.695315+02:00 HOST-REDACTED-B systemd[1]: Stopped Hold until boot process finishes up.
2026-07-21T10:56:52.695611+02:00 HOST-REDACTED-B rigsignal-ebpf[4681]: 2026-07-21T08:56:52.695542Z  INFO rigsignal_ebpf: received SIGTERM — shutting down
2026-07-21T10:56:52.695474+02:00 HOST-REDACTED-B systemd[2401]: Stopping Steam Notification Daemon...
2026-07-21T10:56:52.695896+02:00 HOST-REDACTED-B rigsignal-ebpf[4681]: 2026-07-21T08:56:52.695751Z  INFO rigsignal_ebpf: rigsignal-ebpf stopped
2026-07-21T10:56:52.695539+02:00 HOST-REDACTED-B systemd[1]: Stopping RigSignal eBPF kernel daemon...
2026-07-21T10:56:52.696027+02:00 HOST-REDACTED-B systemd[2401]: Stopping Power Button daemon for SteamOS...
2026-07-21T10:56:52.696068+02:00 HOST-REDACTED-B systemd[1]: Stopping Simple Desktop Display Manager...
2026-07-21T10:56:52.696191+02:00 HOST-REDACTED-B systemd[1]: Stopping OpenSSH Daemon...
2026-07-21T10:56:52.696212+02:00 HOST-REDACTED-B systemd[1]: steamos-cfs-debugfs-tunings.service: Deactivated successfully.
2026-07-21T10:56:52.696229+02:00 HOST-REDACTED-B sshd[2368]: Received signal 15; terminating.
2026-07-21T10:56:52.696292+02:00 HOST-REDACTED-B sddm[2667]: Signal received: SIGTERM
2026-07-21T10:56:52.696532+02:00 HOST-REDACTED-B systemd[1]: Stopped set multiple CFS tunings in sched debugfs.
2026-07-21T10:56:52.696735+02:00 HOST-REDACTED-B systemd[1]: Stopping "SteamOS Devkit Service"...
2026-07-21T10:56:52.697964+02:00 HOST-REDACTED-B steamos-manager[1411]: 2026-07-21T08:56:52.697294Z  INFO steamos_manager::daemon: Got SIGTERM, shutting down
2026-07-21T10:56:52.697964+02:00 HOST-REDACTED-B steamos-manager[1411]: 2026-07-21T08:56:52.697312Z  INFO steamos_manager::daemon: Shutting down
2026-07-21T10:56:52.697964+02:00 HOST-REDACTED-B steamos-manager[1411]: 2026-07-21T08:56:52.697328Z  INFO steamos_manager: Shutting down sysfs-writer
2026-07-21T10:56:52.697964+02:00 HOST-REDACTED-B steamos-manager[1411]: 2026-07-21T08:56:52.697326Z  INFO steamos_manager: Shutting down ds-inhibitor
2026-07-21T10:56:52.697964+02:00 HOST-REDACTED-B steamos-manager[1411]: 2026-07-21T08:56:52.697371Z  INFO steamos_manager: Shutting down inputplumber
2026-07-21T10:56:52.697964+02:00 HOST-REDACTED-B steamos-manager[1411]: 2026-07-21T08:56:52.697421Z  INFO steamos_manager: Shutting down ftrace
2026-07-21T10:56:52.697964+02:00 HOST-REDACTED-B steamos-manager[1411]: 2026-07-21T08:56:52.697460Z  INFO steamos_manager: Shutting down SLS log receiver
2026-07-21T10:56:52.698256+02:00 HOST-REDACTED-B python[1405]: Received SIGUSR1, exiting.
2026-07-21T10:56:52.698256+02:00 HOST-REDACTED-B python[1405]: Shutting down the httpd server
2026-07-21T10:56:52.696749+02:00 HOST-REDACTED-B systemd[1]: steamos-dump-info.service: Deactivated successfully.
2026-07-21T10:56:52.696760+02:00 HOST-REDACTED-B systemd[2401]: Stopping Portal service (gamescope implementation)...
2026-07-21T10:56:52.696844+02:00 HOST-REDACTED-B systemd[1]: Stopped Append SteamOS info to kernel log.
2026-07-21T10:56:52.697040+02:00 HOST-REDACTED-B systemd[1]: Stopping SteamOS Manager Daemon...
2026-07-21T10:56:52.697386+02:00 HOST-REDACTED-B systemd[2401]: Stopping Portal service (Holo implementation)...
2026-07-21T10:56:52.697648+02:00 HOST-REDACTED-B systemd[2401]: Stopping flatpak document portal service...
2026-07-21T10:56:52.697813+02:00 HOST-REDACTED-B systemd[2401]: Stopping sandboxed app permission store...
2026-07-21T10:56:52.699469+02:00 HOST-REDACTED-B systemd[1]: Stopping Load/Save OS Random Seed...
2026-07-21T10:56:52.699621+02:00 HOST-REDACTED-B systemd[1]: Stopping Time & Date Service...
2026-07-21T10:56:52.699740+02:00 HOST-REDACTED-B systemd[1]: Stopping Network Time Synchronization...
2026-07-21T10:56:52.699761+02:00 HOST-REDACTED-B systemd[1]: systemd-udev-load-credentials.service: Deactivated successfully.
2026-07-21T10:56:52.699866+02:00 HOST-REDACTED-B systemd[1]: Stopped Load udev Rules from Credentials.
2026-07-21T10:56:52.700796+02:00 HOST-REDACTED-B systemd[1]: Stopping Record System Boot/Shutdown in UTMP...
2026-07-21T10:56:52.700968+02:00 HOST-REDACTED-B systemd[1]: Stopping Disk Manager...
2026-07-21T10:56:52.701099+02:00 HOST-REDACTED-B systemd[1]: Stopping Daemon for power management...
2026-07-21T10:56:52.701118+02:00 HOST-REDACTED-B systemd[1]: wireplumber-sysconf.service: Deactivated successfully.
2026-07-21T10:56:52.701216+02:00 HOST-REDACTED-B systemd[1]: Stopped Hardware Specific Wireplumber Configuration.
2026-07-21T10:56:52.703738+02:00 HOST-REDACTED-B systemd[2401]: Stopped mangoapp.
2026-07-21T10:56:52.703940+02:00 HOST-REDACTED-B systemd[2401]: gamescope-mangoapp.service: Consumed 6min 47.360s CPU time, 44.3M memory peak.
2026-07-21T10:56:52.704409+02:00 HOST-REDACTED-B systemd[1]: run-user-1000-doc.mount: Deactivated successfully.
2026-07-21T10:56:52.704455+02:00 HOST-REDACTED-B systemd[1]: Unmounted /run/user/1000/doc.
2026-07-21T10:56:52.704609+02:00 HOST-REDACTED-B systemd[1]: proc-sys-fs-binfmt_misc.mount: Deactivated successfully.
2026-07-21T10:56:52.705015+02:00 HOST-REDACTED-B systemd[2401]: Stopped Xbindkeys for Gamescope session.
2026-07-21T10:56:52.706659+02:00 HOST-REDACTED-B systemd[2401]: Stopped Wrapper for Ibus.
2026-07-21T10:56:52.707068+02:00 HOST-REDACTED-B systemd[2401]: steam-notif-daemon.service: Main process exited, code=exited, status=1/FAILURE
2026-07-21T10:56:52.707206+02:00 HOST-REDACTED-B udisksd[4867]: udisks daemon version 2.10.1 exiting
2026-07-21T10:56:52.707216+02:00 HOST-REDACTED-B systemd[2401]: steam-notif-daemon.service: Failed with result 'exit-code'.
2026-07-21T10:56:52.707534+02:00 HOST-REDACTED-B systemd[2401]: Stopped Steam Notification Daemon.
2026-07-21T10:56:52.708346+02:00 HOST-REDACTED-B kernel: Bluetooth: hci0: ACL packet for unknown connection handle 1
2026-07-21T10:56:52.708380+02:00 HOST-REDACTED-B kernel: Bluetooth: hci0: ACL packet for unknown connection handle 1
2026-07-21T10:56:52.708400+02:00 HOST-REDACTED-B kernel: Bluetooth: hci0: ACL packet for unknown connection handle 1
2026-07-21T10:56:52.708744+02:00 HOST-REDACTED-B systemd[2401]: Stopped sandboxed app permission store.
2026-07-21T10:56:52.708923+02:00 HOST-REDACTED-B systemd[1]: earlyoom.service: Deactivated successfully.
2026-07-21T10:56:52.709197+02:00 HOST-REDACTED-B systemd[1]: Stopped Early OOM Daemon.
2026-07-21T10:56:52.709450+02:00 HOST-REDACTED-B systemd[2401]: Stopped flatpak document portal service.
2026-07-21T10:56:52.709860+02:00 HOST-REDACTED-B systemd[1]: avahi-daemon.service: Deactivated successfully.
2026-07-21T10:56:52.710005+02:00 HOST-REDACTED-B systemd[2401]: Stopped Portal service (Holo implementation).
2026-07-21T10:56:52.710079+02:00 HOST-REDACTED-B systemd[1]: Stopped Avahi mDNS/DNS-SD Stack.
2026-07-21T10:56:52.710535+02:00 HOST-REDACTED-B systemd[1]: dmemcg-booster-system.service: Deactivated successfully.
2026-07-21T10:56:52.710739+02:00 HOST-REDACTED-B systemd[1]: Stopped Service for enabling and controlling dmem cgroup limits for boosting foreground games, system-level.
2026-07-21T10:56:52.710929+02:00 HOST-REDACTED-B systemd[2401]: Stopped Portal service (gamescope implementation).
2026-07-21T10:56:52.711019+02:00 HOST-REDACTED-B systemd[1]: sshd.service: Deactivated successfully.
2026-07-21T10:56:52.711206+02:00 HOST-REDACTED-B systemd[1]: Stopped OpenSSH Daemon.
2026-07-21T10:56:52.711483+02:00 HOST-REDACTED-B systemd[2401]: Stopped Accessibility services bus.
2026-07-21T10:56:52.711583+02:00 HOST-REDACTED-B systemd[1]: systemd-timesyncd.service: Deactivated successfully.
2026-07-21T10:56:52.711778+02:00 HOST-REDACTED-B systemd[1]: Stopped Network Time Synchronization.
2026-07-21T10:56:52.712132+02:00 HOST-REDACTED-B systemd[1]: sddm.service: Deactivated successfully.
2026-07-21T10:56:52.712319+02:00 HOST-REDACTED-B systemd[1]: Stopped Simple Desktop Display Manager.
2026-07-21T10:56:52.712614+02:00 HOST-REDACTED-B systemd[1]: rtkit-daemon.service: Deactivated successfully.
2026-07-21T10:56:52.712758+02:00 HOST-REDACTED-B systemd[1]: Stopped RealtimeKit Scheduling Policy Service.
2026-07-21T10:56:52.713092+02:00 HOST-REDACTED-B systemd[1]: upower.service: Deactivated successfully.
2026-07-21T10:56:52.713229+02:00 HOST-REDACTED-B systemd[1]: Stopped Daemon for power management.
2026-07-21T10:56:52.713276+02:00 HOST-REDACTED-B systemd[1]: upower.service: Consumed 1.177s CPU time, 4.3M memory peak.
2026-07-21T10:56:52.714135+02:00 HOST-REDACTED-B systemd[1]: udisks2.service: Deactivated successfully.
2026-07-21T10:56:52.714298+02:00 HOST-REDACTED-B systemd[1]: Stopped Disk Manager.
2026-07-21T10:56:52.714581+02:00 HOST-REDACTED-B systemd[1]: atomupd.service: Deactivated successfully.
2026-07-21T10:56:52.714727+02:00 HOST-REDACTED-B systemd[1]: Stopped Atomic Update Daemon.
2026-07-21T10:56:52.714987+02:00 HOST-REDACTED-B systemd[1]: rauc.service: Deactivated successfully.
2026-07-21T10:56:52.715132+02:00 HOST-REDACTED-B systemd[1]: Stopped RAUC Update Service.
2026-07-21T10:56:52.715418+02:00 HOST-REDACTED-B systemd[1]: systemd-timedated.service: Deactivated successfully.
2026-07-21T10:56:52.715566+02:00 HOST-REDACTED-B systemd[1]: Stopped Time & Date Service.
2026-07-21T10:56:52.716427+02:00 HOST-REDACTED-B systemd[1]: esp.mount: Deactivated successfully.
2026-07-21T10:56:52.716598+02:00 HOST-REDACTED-B systemd[1]: Unmounted /esp.
2026-07-21T10:56:52.716928+02:00 HOST-REDACTED-B systemd[1]: efi.mount: Deactivated successfully.
2026-07-21T10:56:52.717074+02:00 HOST-REDACTED-B systemd[1]: Unmounted /efi.
2026-07-21T10:56:52.717344+02:00 HOST-REDACTED-B kernel: Bluetooth: hci0: ACL packet for unknown connection handle 1
2026-07-21T10:56:52.717553+02:00 HOST-REDACTED-B systemd[1]: systemd-random-seed.service: Deactivated successfully.
2026-07-21T10:56:52.717693+02:00 HOST-REDACTED-B systemd[1]: Stopped Load/Save OS Random Seed.
2026-07-21T10:56:52.717988+02:00 HOST-REDACTED-B systemd[1]: systemd-update-utmp.service: Deactivated successfully.
2026-07-21T10:56:52.718128+02:00 HOST-REDACTED-B systemd[1]: Stopped Record System Boot/Shutdown in UTMP.
2026-07-21T10:56:52.730615+02:00 HOST-REDACTED-B systemd[2401]: Stopped Power Button daemon for SteamOS.
2026-07-21T10:56:52.731797+02:00 HOST-REDACTED-B systemd[1]: plymouth-deactivate.service: Deactivated successfully.
2026-07-21T10:56:52.731893+02:00 HOST-REDACTED-B systemd[1]: Stopped Deactivate Plymouth Boot Screen.
2026-07-21T10:56:52.731995+02:00 HOST-REDACTED-B systemd[1]: plymouth-quit.service: Deactivated successfully.
2026-07-21T10:56:52.732106+02:00 HOST-REDACTED-B systemd[1]: Stopped Terminate Plymouth Boot Screen.
2026-07-21T10:56:52.733098+02:00 HOST-REDACTED-B systemd[1]: Starting Show Plymouth Reboot Screen...
2026-07-21T10:56:52.733111+02:00 HOST-REDACTED-B systemd[1]: systemd-fsck@dev-disk-by\x2dpartsets-self-efi.service: Deactivated successfully.
2026-07-21T10:56:52.733226+02:00 HOST-REDACTED-B systemd[1]: Stopped File System Check on /dev/disk/by-partsets/self/efi.
2026-07-21T10:56:52.733337+02:00 HOST-REDACTED-B systemd[1]: systemd-fsck@dev-disk-by\x2dpartsets-shared-esp.service: Deactivated successfully.
2026-07-21T10:56:52.733455+02:00 HOST-REDACTED-B systemd[1]: Stopped File System Check on /dev/disk/by-partsets/shared/esp.
2026-07-21T10:56:52.734293+02:00 HOST-REDACTED-B USER-REDACTED[52586]: Gamescope Session Ended - Performing Final Cleanup
2026-07-21T10:56:52.737342+02:00 HOST-REDACTED-B kernel: Bluetooth: hci0: ACL packet for unknown connection handle 1
2026-07-21T10:56:52.737370+02:00 HOST-REDACTED-B kernel: Bluetooth: hci0: ACL packet for unknown connection handle 1
2026-07-21T10:56:52.739343+02:00 HOST-REDACTED-B kernel: Bluetooth: hci0: ACL packet for unknown connection handle 1
2026-07-21T10:56:52.739835+02:00 HOST-REDACTED-B systemd[1]: session-3.scope: Deactivated successfully.
2026-07-21T10:56:52.745492+02:00 HOST-REDACTED-B systemd[1]: Stopped Session 3 of User USER-REDACTED.
2026-07-21T10:56:52.746443+02:00 HOST-REDACTED-B systemd[2401]: Starting sandboxed app permission store...
2026-07-21T10:56:52.746959+02:00 HOST-REDACTED-B systemd-logind[1427]: Removed session 3.
2026-07-21T10:56:52.748580+02:00 HOST-REDACTED-B systemd[1]: Received SIGRTMIN+20 from PID 52604 (plymouthd).
2026-07-21T10:56:52.753243+02:00 HOST-REDACTED-B systemd[2401]: Started sandboxed app permission store.
2026-07-21T10:56:52.758347+02:00 HOST-REDACTED-B kernel: Bluetooth: hci0: ACL packet for unknown connection handle 1
2026-07-21T10:56:52.758388+02:00 HOST-REDACTED-B kernel: Bluetooth: hci0: ACL packet for unknown connection handle 1
2026-07-21T10:56:52.760448+02:00 HOST-REDACTED-B systemd[1]: Requested transaction contradicts existing jobs: Transaction for rtkit-daemon.service/start is destructive (dev-zram0.swap has 'stop' job queued, but 'start' is included in transaction).
2026-07-21T10:56:52.761046+02:00 HOST-REDACTED-B systemd[1]: steamos-manager.service: Deactivated successfully.
2026-07-21T10:56:52.761225+02:00 HOST-REDACTED-B systemd[1]: Stopped SteamOS Manager Daemon.
2026-07-21T10:56:52.762099+02:00 HOST-REDACTED-B systemd[1]: Stopping SteamOS log submitter service - sends error logs to Valve...
2026-07-21T10:56:52.762342+02:00 HOST-REDACTED-B kernel: Bluetooth: hci0: ACL packet for unknown connection handle 1
2026-07-21T10:56:52.764572+02:00 HOST-REDACTED-B systemd[1]: steamos-log-submitter.service: Deactivated successfully.
2026-07-21T10:56:52.764760+02:00 HOST-REDACTED-B systemd[1]: Stopped SteamOS log submitter service - sends error logs to Valve.
2026-07-21T10:56:52.773727+02:00 HOST-REDACTED-B gpu-trace[52531]: CRITICAL - Failed to setup logging
2026-07-21T10:56:52.782346+02:00 HOST-REDACTED-B kernel: Bluetooth: hci0: ACL packet for unknown connection handle 1
2026-07-21T10:56:52.782385+02:00 HOST-REDACTED-B kernel: Bluetooth: hci0: ACL packet for unknown connection handle 1
2026-07-21T10:56:52.783504+02:00 HOST-REDACTED-B systemd[1]: gpu-trace.service: Control process exited, code=exited, status=255/EXCEPTION
2026-07-21T10:56:52.784808+02:00 HOST-REDACTED-B systemd[1]: gpu-trace.service: Failed with result 'exit-code'.
2026-07-21T10:56:52.785032+02:00 HOST-REDACTED-B systemd[1]: Stopped GPU performance capture daemon.
2026-07-21T10:56:52.785138+02:00 HOST-REDACTED-B systemd[1]: gpu-trace.service: Consumed 947ms CPU time, 69.4M memory peak.
2026-07-21T10:56:52.786361+02:00 HOST-REDACTED-B kernel: Bluetooth: hci0: ACL packet for unknown connection handle 1
2026-07-21T10:56:52.792042+02:00 HOST-REDACTED-B mkinitcpio[52529]: ==> Starting build: 'none'
2026-07-21T10:56:52.795074+02:00 HOST-REDACTED-B mkinitcpio[52529]:   -> Running build hook: [sd-shutdown]
2026-07-21T10:56:52.817905+02:00 HOST-REDACTED-B systemd[1]: Started Show Plymouth Reboot Screen.
2026-07-21T10:56:52.819344+02:00 HOST-REDACTED-B kernel: Bluetooth: hci0: ACL packet for unknown connection handle 1
2026-07-21T10:56:52.819369+02:00 HOST-REDACTED-B kernel: Bluetooth: hci0: ACL packet for unknown connection handle 1
2026-07-21T10:56:52.821350+02:00 HOST-REDACTED-B kernel: Bluetooth: hci0: ACL packet for unknown connection handle 1
2026-07-21T10:56:52.821373+02:00 HOST-REDACTED-B kernel: Bluetooth: hci0: ACL packet for unknown connection handle 1
2026-07-21T10:56:52.823339+02:00 HOST-REDACTED-B kernel: Bluetooth: hci0: ACL packet for unknown connection handle 1
2026-07-21T10:56:52.828348+02:00 HOST-REDACTED-B kernel: HDR SB:eb 02 00 60 88 08 39 c8 31 91 88 fe 1c df 0a 09
2026-07-21T10:56:52.828389+02:00 HOST-REDACTED-B kernel: HDR SB:3d 47 40 1f 03 00 00 1f 03 1f 03 00 00 00 00 00
2026-07-21T10:56:52.844352+02:00 HOST-REDACTED-B kernel: Bluetooth: hci0: ACL packet for unknown connection handle 1
2026-07-21T10:56:52.844398+02:00 HOST-REDACTED-B kernel: Bluetooth: hci0: ACL packet for unknown connection handle 1
2026-07-21T10:56:52.846345+02:00 HOST-REDACTED-B kernel: Bluetooth: hci0: ACL packet for unknown connection handle 1
2026-07-21T10:56:52.874472+02:00 HOST-REDACTED-B bluetoothd[1390]: Endpoint unregistered: sender=:1.35 path=/MediaEndpoint/A2DPSource/ldac
2026-07-21T10:56:52.874494+02:00 HOST-REDACTED-B bluetoothd[1390]: Endpoint unregistered: sender=:1.35 path=/MediaEndpoint/A2DPSink/aptx_hd
2026-07-21T10:56:52.874508+02:00 HOST-REDACTED-B bluetoothd[1390]: Endpoint unregistered: sender=:1.35 path=/MediaEndpoint/A2DPSource/aptx_hd
2026-07-21T10:56:52.874523+02:00 HOST-REDACTED-B bluetoothd[1390]: Endpoint unregistered: sender=:1.35 path=/MediaEndpoint/A2DPSink/aptx
2026-07-21T10:56:52.874536+02:00 HOST-REDACTED-B bluetoothd[1390]: Endpoint unregistered: sender=:1.35 path=/MediaEndpoint/A2DPSource/aptx
2026-07-21T10:56:52.874550+02:00 HOST-REDACTED-B bluetoothd[1390]: Endpoint unregistered: sender=:1.35 path=/MediaEndpoint/A2DPSink/aac
2026-07-21T10:56:52.874564+02:00 HOST-REDACTED-B bluetoothd[1390]: Endpoint unregistered: sender=:1.35 path=/MediaEndpoint/A2DPSource/aac
2026-07-21T10:56:52.874578+02:00 HOST-REDACTED-B bluetoothd[1390]: Endpoint unregistered: sender=:1.35 path=/MediaEndpoint/A2DPSink/opus_g
2026-07-21T10:56:52.874592+02:00 HOST-REDACTED-B bluetoothd[1390]: Endpoint unregistered: sender=:1.35 path=/MediaEndpoint/A2DPSource/opus_g
2026-07-21T10:56:52.874606+02:00 HOST-REDACTED-B bluetoothd[1390]: Endpoint unregistered: sender=:1.35 path=/MediaEndpoint/A2DPSink/sbc
2026-07-21T10:56:52.874620+02:00 HOST-REDACTED-B bluetoothd[1390]: Endpoint unregistered: sender=:1.35 path=/MediaEndpoint/A2DPSource/sbc
2026-07-21T10:56:52.874634+02:00 HOST-REDACTED-B bluetoothd[1390]: Endpoint unregistered: sender=:1.35 path=/MediaEndpoint/A2DPSource/aptx_ll_1
2026-07-21T10:56:52.874649+02:00 HOST-REDACTED-B bluetoothd[1390]: Endpoint unregistered: sender=:1.35 path=/MediaEndpoint/A2DPSource/aptx_ll_0
2026-07-21T10:56:52.874658+02:00 HOST-REDACTED-B bluetoothd[1390]: Endpoint unregistered: sender=:1.35 path=/MediaEndpoint/A2DPSource/aptx_ll_duplex_1
2026-07-21T10:56:52.874680+02:00 HOST-REDACTED-B bluetoothd[1390]: Endpoint unregistered: sender=:1.35 path=/MediaEndpoint/A2DPSource/aptx_ll_duplex_0
2026-07-21T10:56:52.874707+02:00 HOST-REDACTED-B bluetoothd[1390]: Endpoint unregistered: sender=:1.35 path=/MediaEndpoint/A2DPSource/faststream
2026-07-21T10:56:52.874719+02:00 HOST-REDACTED-B bluetoothd[1390]: Endpoint unregistered: sender=:1.35 path=/MediaEndpoint/A2DPSource/faststream_duplex
2026-07-21T10:56:52.874728+02:00 HOST-REDACTED-B bluetoothd[1390]: Endpoint unregistered: sender=:1.35 path=/MediaEndpoint/A2DPSink/opus_05
2026-07-21T10:56:52.874738+02:00 HOST-REDACTED-B bluetoothd[1390]: Endpoint unregistered: sender=:1.35 path=/MediaEndpoint/A2DPSource/opus_05
2026-07-21T10:56:52.874759+02:00 HOST-REDACTED-B bluetoothd[1390]: Endpoint unregistered: sender=:1.35 path=/MediaEndpoint/A2DPSink/opus_05_duplex
2026-07-21T10:56:52.874775+02:00 HOST-REDACTED-B bluetoothd[1390]: Endpoint unregistered: sender=:1.35 path=/MediaEndpoint/A2DPSource/opus_05_duplex
2026-07-21T10:56:52.876163+02:00 HOST-REDACTED-B dbus-broker[1381]: A security policy denied :1.7 to send method call /midi/profile:org.bluez.GattProfile1.Release to :1.36.
2026-07-21T10:56:52.876673+02:00 HOST-REDACTED-B bluetoothd[1390]: Battery Provider Manager destroyed
2026-07-21T10:56:52.876720+02:00 HOST-REDACTED-B bluetoothd[1390]: Stopping SDP server
2026-07-21T10:56:52.876744+02:00 HOST-REDACTED-B bluetoothd[1390]: Exit
2026-07-21T10:56:52.877797+02:00 HOST-REDACTED-B systemd[1]: bluetooth.service: Deactivated successfully.
2026-07-21T10:56:52.878033+02:00 HOST-REDACTED-B systemd[1]: Stopped Bluetooth service.
2026-07-21T10:56:52.878208+02:00 HOST-REDACTED-B systemd[1]: bluetooth.service: Consumed 9.080s CPU time, 3.5M memory peak.
2026-07-21T10:56:52.880397+02:00 HOST-REDACTED-B systemd[1]: Requested transaction contradicts existing jobs: Transaction for bluetooth.service/start is destructive (home.mount has 'stop' job queued, but 'start' is included in transaction).
2026-07-21T10:56:52.905522+02:00 HOST-REDACTED-B gamescope-session[2999]: [gamescope] [Info]  wlserver: [libseat] [libseat/backend/logind.c:351] Disabling seat
2026-07-21T10:56:52.905522+02:00 HOST-REDACTED-B gamescope-session[2999]: [gamescope] [Info]  wlserver: Session paused
2026-07-21T10:56:52.936667+02:00 HOST-REDACTED-B mkinitcpio[52529]: ==> Build complete.
2026-07-21T10:56:52.939377+02:00 HOST-REDACTED-B systemd[1]: mkinitcpio-generate-shutdown-ramfs.service: Deactivated successfully.
2026-07-21T10:56:52.939566+02:00 HOST-REDACTED-B systemd[1]: Finished Generate shutdown-ramfs.
2026-07-21T10:56:52.940855+02:00 HOST-REDACTED-B systemd[1]: Starting Tell Plymouth To Jump To initramfs...
2026-07-21T10:56:52.943635+02:00 HOST-REDACTED-B gamescope-session[2999]: [gamescope] [Info]  drm: Connector HDMI-A-2 -> SAM - QCQ95S
2026-07-21T10:56:52.943678+02:00 HOST-REDACTED-B gamescope-session[2999]: [gamescope] [Info]  drm: [colorimetry]: EDID with colorimetry detected. Using it
2026-07-21T10:56:52.943678+02:00 HOST-REDACTED-B gamescope-session[2999]: [gamescope] [Info]  drm: [colorimetry]: r 0.698242 0.291992
2026-07-21T10:56:52.943678+02:00 HOST-REDACTED-B gamescope-session[2999]: [gamescope] [Info]  drm: [colorimetry]: g 0.254883 0.699219
2026-07-21T10:56:52.943678+02:00 HOST-REDACTED-B gamescope-session[2999]: [gamescope] [Info]  drm: [colorimetry]: b 0.148438 0.055664
2026-07-21T10:56:52.943731+02:00 HOST-REDACTED-B gamescope-session[2999]: [gamescope] [Info]  drm: [colorimetry]: w 0.312500 0.329102
2026-07-21T10:56:52.964128+02:00 HOST-REDACTED-B systemd[1]: Finished Tell Plymouth To Jump To initramfs.
2026-07-21T10:56:52.983477+02:00 HOST-REDACTED-B python[1405]: done serving at port: 32000
2026-07-21T10:56:52.983477+02:00 HOST-REDACTED-B python[1405]: UnregisterService /org/freedesktop/resolve1/dnssd/HOST-REDACTED-B
2026-07-21T10:56:52.992137+02:00 HOST-REDACTED-B systemd[1]: steamos-devkit-service.service: Deactivated successfully.
2026-07-21T10:56:52.992367+02:00 HOST-REDACTED-B systemd[1]: Stopped "SteamOS Devkit Service".
2026-07-21T10:56:53.881415+02:00 HOST-REDACTED-B systemd[1]: Requested transaction contradicts existing jobs: Transaction for upower.service/start is destructive (tmp.mount has 'stop' job queued, but 'start' is included in transaction).
2026-07-21T10:56:53.883910+02:00 HOST-REDACTED-B systemd[1]: Requested transaction contradicts existing jobs: Transaction for upower.service/start is destructive (systemd-growfs@home.service has 'stop' job queued, but 'start' is included in transaction).
2026-07-21T10:56:54.126734+02:00 HOST-REDACTED-B rigsignal-agent[2691]: 2026-07-21T08:56:54.126714Z  INFO rigsignal_agent::session: No game detected — idle polling
2026-07-21T10:56:54.220789+02:00 HOST-REDACTED-B systemd[1]: rigsignal-ebpf.service: Deactivated successfully.
2026-07-21T10:56:54.220998+02:00 HOST-REDACTED-B systemd[1]: Stopped RigSignal eBPF kernel daemon.
2026-07-21T10:56:54.221169+02:00 HOST-REDACTED-B systemd[1]: rigsignal-ebpf.service: Consumed 1.089s CPU time, 45.8M memory peak.
2026-07-21T10:56:54.221482+02:00 HOST-REDACTED-B systemd[1]: Stopped target Network is Online.
2026-07-21T10:56:54.221559+02:00 HOST-REDACTED-B systemd[1]: NetworkManager-wait-online.service: Deactivated successfully.
2026-07-21T10:56:54.221653+02:00 HOST-REDACTED-B systemd[1]: Stopped Network Manager Wait Online.
2026-07-21T10:56:55.394671+02:00 HOST-REDACTED-B steam[3370]: [2026-07-21 10:56:55] Shutdown
2026-07-21T10:56:55.587796+02:00 HOST-REDACTED-B steam-short-session-tracker[52822]: rm: cannot remove '/tmp/steamos-short-session-tracker': No such file or directory
2026-07-21T10:56:55.588181+02:00 HOST-REDACTED-B systemd[2401]: steam-launcher.service: Killing process 3370 (srt-logger) with signal SIGKILL.
2026-07-21T10:56:55.588245+02:00 HOST-REDACTED-B systemd[2401]: steam-launcher.service: Killing process 4346 (steam-runtime-l) with signal SIGKILL.
2026-07-21T10:56:55.588338+02:00 HOST-REDACTED-B systemd[2401]: steam-launcher.service: Killing process 4349 (gmain) with signal SIGKILL.
2026-07-21T10:56:55.588993+02:00 HOST-REDACTED-B systemd[2401]: Stopped Steam Launcher.
2026-07-21T10:56:55.589109+02:00 HOST-REDACTED-B systemd[2401]: steam-launcher.service: Consumed 6min 13.501s CPU time, 3.6G memory peak.
2026-07-21T10:56:55.589467+02:00 HOST-REDACTED-B systemd[2401]: Stopping Portal service...
2026-07-21T10:56:55.593779+02:00 HOST-REDACTED-B systemd[2401]: Stopped Portal service.
2026-07-21T10:56:55.593905+02:00 HOST-REDACTED-B systemd[2401]: xdg-desktop-portal.service: Consumed 1.103s CPU time, 6.9M memory peak.
2026-07-21T10:56:55.594140+02:00 HOST-REDACTED-B systemd[2401]: Stopped target Current graphical user session.
2026-07-21T10:56:55.594450+02:00 HOST-REDACTED-B systemd[2401]: Stopping Gamescope Session...
2026-07-21T10:56:55.594570+02:00 HOST-REDACTED-B gamescope-session[2999]: [gamescope] [Error] drm: finish_drm: drmModeAtomicCommit failed: Permission denied
2026-07-21T10:56:55.598499+02:00 HOST-REDACTED-B gamescope-session[2999]: [gamescope] [Error] drm: drmModeRmFB failed: Bad file descriptor
2026-07-21T10:56:55.598499+02:00 HOST-REDACTED-B gamescope-session[2999]: [gamescope] [Error] drm: drmModeRmFB failed: Bad file descriptor
2026-07-21T10:56:55.598555+02:00 HOST-REDACTED-B gamescope-session[2999]: [gamescope] [Error] drm: drmModeRmFB failed: Bad file descriptor
2026-07-21T10:56:55.598555+02:00 HOST-REDACTED-B gamescope-session[2999]: [gamescope] [Error] drm: drmModeRmFB failed: Bad file descriptor
2026-07-21T10:56:55.649670+02:00 HOST-REDACTED-B drm_janitor[52832]: open() failed: Permission denied
2026-07-21T10:56:55.650103+02:00 HOST-REDACTED-B systemd[2401]: Stopped Gamescope Session.
2026-07-21T10:56:55.650226+02:00 HOST-REDACTED-B systemd[2401]: gamescope-session.service: Consumed 1min 52.911s CPU time, 340M memory peak.
2026-07-21T10:56:55.650705+02:00 HOST-REDACTED-B systemd[2401]: Stopped target Session services which should run early before the graphical session is brought up.
2026-07-21T10:56:55.653006+02:00 HOST-REDACTED-B USER-REDACTED[52834]: Gamescope Session Ended - Cleanup Complete
2026-07-21T10:56:55.653495+02:00 HOST-REDACTED-B systemd[1]: session-2.scope: Deactivated successfully.
2026-07-21T10:56:55.653702+02:00 HOST-REDACTED-B systemd[1]: Stopped Session 2 of User USER-REDACTED.
2026-07-21T10:56:55.654158+02:00 HOST-REDACTED-B systemd[1]: Stopping User Manager for UID 1000...
2026-07-21T10:56:55.654448+02:00 HOST-REDACTED-B systemd-logind[1427]: Removed session 2.
2026-07-21T10:56:55.654773+02:00 HOST-REDACTED-B systemd[2401]: Activating special unit Exit the Session...
2026-07-21T10:56:55.656752+02:00 HOST-REDACTED-B systemd[2401]: Removed slice Slice /app/dbus-:1.1-org.freedesktop.portal.IBus.
2026-07-21T10:56:55.656838+02:00 HOST-REDACTED-B systemd[2401]: Stopped target Bluetooth.
2026-07-21T10:56:55.656920+02:00 HOST-REDACTED-B systemd[2401]: Stopped target Main User Target.
2026-07-21T10:56:55.657097+02:00 HOST-REDACTED-B systemd[2401]: Closed Socket to launch DrKonqi for a systemd-coredump crash.
2026-07-21T10:56:55.657274+02:00 HOST-REDACTED-B systemd[2401]: Stopping Consumer Electronics Control (CEC) Daemon...
2026-07-21T10:56:55.657384+02:00 HOST-REDACTED-B systemd[2401]: Stopping dbus-:1.41-org.a11y.atspi.Registry@0.service...
2026-07-21T10:56:55.657511+02:00 HOST-REDACTED-B systemd[2401]: Stopping Service for enabling and controlling dmem cgroup limits for boosting foreground games, user-level...
2026-07-21T10:56:55.657844+02:00 HOST-REDACTED-B systemd[2401]: Stopping Elastic Agent (unprivileged)...
2026-07-21T10:56:55.657967+02:00 HOST-REDACTED-B systemd[2401]: Stopping PipeWire filter chain daemon...
2026-07-21T10:56:55.658088+02:00 HOST-REDACTED-B systemd[2401]: Stopping gamemoded...
2026-07-21T10:56:55.658310+02:00 HOST-REDACTED-B systemd[2401]: Stopping PipeWire PulseAudio...
2026-07-21T10:56:55.658504+02:00 HOST-REDACTED-B systemd[2401]: Stopping RigSignal metrics agent (user install)...
2026-07-21T10:56:55.658713+02:00 HOST-REDACTED-B steamos-manager[2880]: 2026-07-21T08:56:55.658555Z  INFO steamos_manager::daemon: Got SIGTERM, shutting down
2026-07-21T10:56:55.658713+02:00 HOST-REDACTED-B steamos-manager[2880]: 2026-07-21T08:56:55.658572Z  INFO steamos_manager::daemon: Shutting down
2026-07-21T10:56:55.658713+02:00 HOST-REDACTED-B steamos-manager[2880]: 2026-07-21T08:56:55.658592Z  INFO steamos_manager: Shutting down udev-monitor
2026-07-21T10:56:55.658713+02:00 HOST-REDACTED-B steamos-manager[2880]: 2026-07-21T08:56:55.658629Z  INFO steamos_manager: Shutting down cecd-listener
2026-07-21T10:56:55.658713+02:00 HOST-REDACTED-B steamos-manager[2880]: 2026-07-21T08:56:55.658645Z  INFO steamos_manager: Shutting down tdp-manager
2026-07-21T10:56:55.658682+02:00 HOST-REDACTED-B systemd[2401]: Stopping SteamOS Manager Daemon...
2026-07-21T10:56:55.659109+02:00 HOST-REDACTED-B steamos-manager[2880]: 2026-07-21T08:56:55.658766Z  INFO steamos_manager: Shutting down session-manager
2026-07-21T10:56:55.659109+02:00 HOST-REDACTED-B steamos-manager[2880]: 2026-07-21T08:56:55.658991Z  INFO steamos_manager: Shutting down job-manager
2026-07-21T10:56:55.659109+02:00 HOST-REDACTED-B steamos-manager[2880]: 2026-07-21T08:56:55.659051Z  INFO steamos_manager: Shutting down signal-relay
2026-07-21T10:56:55.658933+02:00 HOST-REDACTED-B systemd[2401]: Stopping [systemd-run] /<USER-REDACTED>/streammon.sh enp6s0 /<USER-REDACTED>/streammon-ab-slotA.log...
2026-07-21T10:56:55.659261+02:00 HOST-REDACTED-B systemd[2401]: Stopping sandboxed app permission store...
2026-07-21T10:56:55.660189+02:00 HOST-REDACTED-B rigsignal-agent[2691]: 2026-07-21T08:56:55.659344Z  INFO rigsignal_agent: SIGTERM received — shutting down
2026-07-21T10:56:55.660189+02:00 HOST-REDACTED-B rigsignal-agent[2691]: 2026-07-21T08:56:55.659405Z  INFO rigsignal_agent: Shipping session summary (7660s, 7661 ticks)
2026-07-21T10:56:55.660189+02:00 HOST-REDACTED-B rigsignal-agent[2691]: 2026-07-21T08:56:55.660090Z  INFO rigsignal_agent: RigSignal agent stopped after 7661 ticks
2026-07-21T10:56:55.660515+02:00 HOST-REDACTED-B systemd[2401]: Stopped PipeWire filter chain daemon.
2026-07-21T10:56:55.661053+02:00 HOST-REDACTED-B systemd[2401]: Stopped gamemoded.
2026-07-21T10:56:55.661581+02:00 HOST-REDACTED-B systemd[2401]: Stopped RigSignal metrics agent (user install).
2026-07-21T10:56:55.661644+02:00 HOST-REDACTED-B systemd[2401]: rigsignal-agent.service: Consumed 55.001s CPU time, 116.7M memory peak.
2026-07-21T10:56:55.662085+02:00 HOST-REDACTED-B systemd[2401]: Stopped Service for enabling and controlling dmem cgroup limits for boosting foreground games, user-level.
2026-07-21T10:56:55.662574+02:00 HOST-REDACTED-B systemd[2401]: Stopped Consumer Electronics Control (CEC) Daemon.
2026-07-21T10:56:55.663044+02:00 HOST-REDACTED-B systemd[2401]: Stopped PipeWire PulseAudio.
2026-07-21T10:56:55.663105+02:00 HOST-REDACTED-B systemd[2401]: pipewire-pulse.service: Consumed 19.565s CPU time, 18.5M memory peak.
2026-07-21T10:56:55.663494+02:00 HOST-REDACTED-B systemd[2401]: Stopped dbus-:1.41-org.a11y.atspi.Registry@0.service.
2026-07-21T10:56:55.663863+02:00 HOST-REDACTED-B systemd[2401]: Stopped [systemd-run] /<USER-REDACTED>/streammon.sh enp6s0 /<USER-REDACTED>/streammon-ab-slotA.log.
2026-07-21T10:56:55.663907+02:00 HOST-REDACTED-B systemd[2401]: streammon-ab.service: Consumed 1min 10.649s CPU time, 5.3M memory peak.
2026-07-21T10:56:55.664220+02:00 HOST-REDACTED-B systemd[2401]: Stopped sandboxed app permission store.
2026-07-21T10:56:55.664978+02:00 HOST-REDACTED-B systemd[2401]: Removed slice Slice /app/dbus-:1.41-org.a11y.atspi.Registry.
2026-07-21T10:56:55.665101+02:00 HOST-REDACTED-B systemd[2401]: Stopping Multimedia Service Session Manager...
2026-07-21T10:56:55.668306+02:00 HOST-REDACTED-B systemd[2401]: Stopped Multimedia Service Session Manager.
2026-07-21T10:56:55.668433+02:00 HOST-REDACTED-B systemd[2401]: wireplumber.service: Consumed 20.691s CPU time, 98.1M memory peak.
2026-07-21T10:56:55.668711+02:00 HOST-REDACTED-B systemd[2401]: Stopping PipeWire Multimedia Service...
2026-07-21T10:56:55.670001+02:00 HOST-REDACTED-B systemd[2401]: Stopped PipeWire Multimedia Service.
2026-07-21T10:56:55.670063+02:00 HOST-REDACTED-B systemd[2401]: pipewire.service: Consumed 24.755s CPU time, 35M memory peak.
2026-07-21T10:56:55.680329+02:00 HOST-REDACTED-B steamos-manager[2880]: 2026-07-21T08:56:55.680313Z  INFO steamos_manager: Shutting down screenreader-setup
2026-07-21T10:56:55.681973+02:00 HOST-REDACTED-B systemd[2401]: Stopped SteamOS Manager Daemon.
2026-07-21T10:56:55.864996+02:00 HOST-REDACTED-B systemd[2401]: Stopped Elastic Agent (unprivileged).
2026-07-21T10:56:55.865093+02:00 HOST-REDACTED-B systemd[2401]: elastic-agent.service: Consumed 24min 17.191s CPU time, 10G memory peak.
2026-07-21T10:56:55.865302+02:00 HOST-REDACTED-B systemd[2401]: Stopped target Basic System.
2026-07-21T10:56:55.865383+02:00 HOST-REDACTED-B systemd[2401]: Stopped target Paths.
2026-07-21T10:56:55.865486+02:00 HOST-REDACTED-B systemd[2401]: Stopped Submitting pending crash events (file monitor).
2026-07-21T10:56:55.865540+02:00 HOST-REDACTED-B systemd[2401]: Stopped target Sockets.
2026-07-21T10:56:55.865609+02:00 HOST-REDACTED-B systemd[2401]: Stopped target Timers.
2026-07-21T10:56:55.865673+02:00 HOST-REDACTED-B systemd[2401]: Stopped Hourly RigSignal spool retention.
2026-07-21T10:56:55.865799+02:00 HOST-REDACTED-B systemd[2401]: Closed HDMI CEC volume and mute control.
2026-07-21T10:56:55.865927+02:00 HOST-REDACTED-B systemd[2401]: Closed GnuPG network certificate management daemon.
2026-07-21T10:56:55.866053+02:00 HOST-REDACTED-B systemd[2401]: Closed GnuPG cryptographic agent and passphrase cache (access for web browsers).
2026-07-21T10:56:55.866175+02:00 HOST-REDACTED-B systemd[2401]: Closed GnuPG cryptographic agent and passphrase cache (restricted).
2026-07-21T10:56:55.866294+02:00 HOST-REDACTED-B systemd[2401]: Closed GnuPG cryptographic agent (ssh-agent emulation).
2026-07-21T10:56:55.866428+02:00 HOST-REDACTED-B systemd[2401]: Closed GnuPG cryptographic agent and passphrase cache.
2026-07-21T10:56:55.866549+02:00 HOST-REDACTED-B systemd[2401]: Closed GnuPG public key management service.
2026-07-21T10:56:55.866668+02:00 HOST-REDACTED-B systemd[2401]: Closed p11-kit server.
2026-07-21T10:56:55.866787+02:00 HOST-REDACTED-B systemd[2401]: Closed PipeWire PulseAudio.
2026-07-21T10:56:55.866909+02:00 HOST-REDACTED-B systemd[2401]: Closed PipeWire Multimedia System Sockets.
2026-07-21T10:56:55.867040+02:00 HOST-REDACTED-B dbus-broker[2685]: Dispatched 14794 messages @ 3(±4)μs / message.
2026-07-21T10:56:55.867610+02:00 HOST-REDACTED-B systemd[2401]: Stopping D-Bus User Message Bus...
2026-07-21T10:56:55.867983+02:00 HOST-REDACTED-B systemd[2401]: Stopped D-Bus User Message Bus.
2026-07-21T10:56:55.868418+02:00 HOST-REDACTED-B systemd[2401]: Removed slice User Core Session Slice.
2026-07-21T10:56:55.868427+02:00 HOST-REDACTED-B systemd[2401]: session.slice: Consumed 2min 59.951s CPU time, 510.1M memory peak.
2026-07-21T10:56:55.868646+02:00 HOST-REDACTED-B systemd[2401]: Closed D-Bus User Message Bus Socket.
2026-07-21T10:56:55.868812+02:00 HOST-REDACTED-B systemd[2401]: Removed slice User Application Slice.
2026-07-21T10:56:55.868820+02:00 HOST-REDACTED-B systemd[2401]: app.slice: Consumed 39min 26.015s CPU time, 13.5G memory peak.
2026-07-21T10:56:55.868836+02:00 HOST-REDACTED-B systemd[2401]: Reached target Shutdown.
2026-07-21T10:56:55.868947+02:00 HOST-REDACTED-B systemd[2401]: Finished Exit the Session.
2026-07-21T10:56:55.868968+02:00 HOST-REDACTED-B systemd[2401]: Reached target Exit the Session.
2026-07-21T10:56:55.880113+02:00 HOST-REDACTED-B (sd-pam)[2430]: pam_unix(systemd-user:session): session closed for user USER-REDACTED
2026-07-21T10:56:55.880659+02:00 HOST-REDACTED-B systemd-logind[1427]: Removed session 1.
2026-07-21T10:56:55.881169+02:00 HOST-REDACTED-B systemd[1]: user@1000.service: Deactivated successfully.
2026-07-21T10:56:55.881505+02:00 HOST-REDACTED-B systemd[1]: Stopped User Manager for UID 1000.
2026-07-21T10:56:55.881641+02:00 HOST-REDACTED-B systemd[1]: user@1000.service: Consumed 42min 26.316s CPU time, 13.9G memory peak.
2026-07-21T10:56:55.943836+02:00 HOST-REDACTED-B systemd[1]: Stopping Permit User Sessions...
2026-07-21T10:56:55.944462+02:00 HOST-REDACTED-B systemd[1]: Stopping User Runtime Directory /run/user/1000...
2026-07-21T10:56:55.964168+02:00 HOST-REDACTED-B systemd[1]: systemd-user-sessions.service: Deactivated successfully.
2026-07-21T10:56:55.964342+02:00 HOST-REDACTED-B systemd[1]: Stopped Permit User Sessions.
2026-07-21T10:56:55.965721+02:00 HOST-REDACTED-B systemd[1]: run-user-1000.mount: Deactivated successfully.
2026-07-21T10:56:55.965758+02:00 HOST-REDACTED-B systemd[1]: Unmounted /run/user/1000.
2026-07-21T10:56:55.966305+02:00 HOST-REDACTED-B systemd[1]: user-runtime-dir@1000.service: Deactivated successfully.
2026-07-21T10:56:55.966465+02:00 HOST-REDACTED-B systemd[1]: Stopped User Runtime Directory /run/user/1000.
2026-07-21T10:56:55.967423+02:00 HOST-REDACTED-B systemd[1]: Removed slice User Slice of UID 1000.
2026-07-21T10:56:55.967502+02:00 HOST-REDACTED-B systemd[1]: user-1000.slice: Consumed 42min 26.629s CPU time, 13.9G memory peak.
2026-07-21T10:56:55.967546+02:00 HOST-REDACTED-B systemd[1]: Stopped target Network.
2026-07-21T10:56:55.967631+02:00 HOST-REDACTED-B systemd[1]: Stopped target Remote File Systems.
2026-07-21T10:56:55.967745+02:00 HOST-REDACTED-B systemd[1]: Stopping Network Manager...
2026-07-21T10:56:55.967756+02:00 HOST-REDACTED-B NetworkManager[2042]: <info>  [1784624215.9677] caught SIGTERM, shutting down normally.
2026-07-21T10:56:55.967857+02:00 HOST-REDACTED-B systemd[1]: Stopping Wireless service...
2026-07-21T10:56:55.967958+02:00 HOST-REDACTED-B iwd[2209]: Terminate
2026-07-21T10:56:55.967958+02:00 HOST-REDACTED-B iwd[2209]: Removing scan context for wdev 2
2026-07-21T10:56:55.967891+02:00 HOST-REDACTED-B systemd[1]: steamos-create-homedir.service: Deactivated successfully.
2026-07-21T10:56:55.967970+02:00 HOST-REDACTED-B systemd[1]: Stopped Create UID 1000 homedir on first boot/after factory reset.
2026-07-21T10:56:55.968138+02:00 HOST-REDACTED-B systemd[1]: Stopping User Login Management...
2026-07-21T10:56:55.968245+02:00 HOST-REDACTED-B systemd[1]: Stopping Network Name Resolution...
2026-07-21T10:56:55.980526+02:00 HOST-REDACTED-B NetworkManager[2042]: <info>  [1784624215.9805] dhcp4 (enp6s0): canceled DHCP transaction
2026-07-21T10:56:55.980536+02:00 HOST-REDACTED-B NetworkManager[2042]: <info>  [1784624215.9805] dhcp4 (enp6s0): activation: beginning transaction (timeout in 45 seconds)
2026-07-21T10:56:55.980546+02:00 HOST-REDACTED-B NetworkManager[2042]: <info>  [1784624215.9805] dhcp4 (enp6s0): state changed no lease
2026-07-21T10:56:55.980657+02:00 HOST-REDACTED-B NetworkManager[2042]: <info>  [1784624215.9806] manager: NetworkManager state is now CONNECTED_SITE
2026-07-21T10:56:55.980774+02:00 HOST-REDACTED-B NetworkManager[2042]: <info>  [1784624215.9807] device (wlan0): state change: disconnected -> unmanaged (reason 'unmanaged-quitting', managed-type: 'full')
2026-07-21T10:56:55.982686+02:00 HOST-REDACTED-B systemd[1]: Requested transaction contradicts existing jobs: Transaction for NetworkManager-dispatcher.service/start is destructive (systemd-zram-setup@zram0.service has 'stop' job queued, but 'start' is included in transaction).
2026-07-21T10:56:55.984850+02:00 HOST-REDACTED-B NetworkManager[2042]: <info>  [1784624215.9848] exiting (success)
2026-07-21T10:56:55.994947+02:00 HOST-REDACTED-B systemd[1]: systemd-resolved.service: Deactivated successfully.
2026-07-21T10:56:55.995190+02:00 HOST-REDACTED-B systemd[1]: Stopped Network Name Resolution.
2026-07-21T10:56:55.996714+02:00 HOST-REDACTED-B systemd[1]: systemd-sysctl.service: Deactivated successfully.
2026-07-21T10:56:55.996801+02:00 HOST-REDACTED-B systemd[1]: Stopped Apply Kernel Variables.
2026-07-21T10:56:55.996918+02:00 HOST-REDACTED-B systemd[1]: systemd-coredump.socket: Deactivated successfully.
2026-07-21T10:56:55.996988+02:00 HOST-REDACTED-B systemd[1]: Closed Process Core Dump Socket.
2026-07-21T10:56:55.997068+02:00 HOST-REDACTED-B systemd[1]: systemd-modules-load.service: Deactivated successfully.
2026-07-21T10:56:55.997141+02:00 HOST-REDACTED-B systemd[1]: Stopped Load Kernel Modules.
2026-07-21T10:56:55.997436+02:00 HOST-REDACTED-B systemd[1]: systemd-logind.service: Deactivated successfully.
2026-07-21T10:56:55.997603+02:00 HOST-REDACTED-B systemd[1]: Stopped User Login Management.
2026-07-21T10:56:56.006799+02:00 HOST-REDACTED-B systemd[1]: NetworkManager.service: Deactivated successfully.
2026-07-21T10:56:56.007021+02:00 HOST-REDACTED-B systemd[1]: Stopped Network Manager.
2026-07-21T10:56:56.971717+02:00 HOST-REDACTED-B iwd[2209]: D-Bus disconnected, quitting...
2026-07-21T10:56:56.972620+02:00 HOST-REDACTED-B systemd[1]: iwd.service: Deactivated successfully.
2026-07-21T10:56:56.972824+02:00 HOST-REDACTED-B systemd[1]: Stopped Wireless service.
2026-07-21T10:56:56.972985+02:00 HOST-REDACTED-B systemd[1]: iwd.service: Consumed 3.095s CPU time, 2.9M memory peak.
2026-07-21T10:56:56.974204+02:00 HOST-REDACTED-B systemd[1]: Stopped target Preparation for Network.
2026-07-21T10:56:56.974340+02:00 HOST-REDACTED-B systemd[1]: Stopping firewalld - dynamic firewall daemon...
2026-07-21T10:56:56.999623+02:00 HOST-REDACTED-B systemd[1]: firewalld.service: Deactivated successfully.
2026-07-21T10:56:56.999823+02:00 HOST-REDACTED-B systemd[1]: Stopped firewalld - dynamic firewall daemon.
2026-07-21T10:56:56.999929+02:00 HOST-REDACTED-B systemd[1]: firewalld.service: Consumed 450ms CPU time, 72.1M memory peak.
2026-07-21T10:56:57.000151+02:00 HOST-REDACTED-B systemd[1]: Stopping Authorization Manager...
2026-07-21T10:56:57.005658+02:00 HOST-REDACTED-B systemd[1]: polkit.service: Deactivated successfully.
2026-07-21T10:56:57.005818+02:00 HOST-REDACTED-B systemd[1]: Stopped Authorization Manager.
2026-07-21T10:56:57.006856+02:00 HOST-REDACTED-B systemd[1]: Stopped target Basic System.
2026-07-21T10:56:57.006995+02:00 HOST-REDACTED-B systemd[1]: Stopped target Path Units.
2026-07-21T10:56:57.007078+02:00 HOST-REDACTED-B systemd[1]: systemd-ask-password-wall.path: Deactivated successfully.
2026-07-21T10:56:57.010359+02:00 HOST-REDACTED-B systemd[1]: Stopped Forward Password Requests to Wall Directory Watch.
2026-07-21T10:56:57.010498+02:00 HOST-REDACTED-B systemd[1]: Stopped target Slice Units.
2026-07-21T10:56:57.010777+02:00 HOST-REDACTED-B systemd[1]: Removed slice User and Session Slice.
2026-07-21T10:56:57.010863+02:00 HOST-REDACTED-B systemd[1]: user.slice: Consumed 42min 26.629s CPU time, 13.9G memory peak.
2026-07-21T10:56:57.010925+02:00 HOST-REDACTED-B systemd[1]: Stopped target Socket Units.
2026-07-21T10:56:57.011060+02:00 HOST-REDACTED-B systemd[1]: avahi-daemon.socket: Deactivated successfully.
2026-07-21T10:56:57.011140+02:00 HOST-REDACTED-B systemd[1]: Closed Avahi mDNS/DNS-SD Stack Activation Socket.
2026-07-21T10:56:57.011252+02:00 HOST-REDACTED-B systemd[1]: cups.socket: Deactivated successfully.
2026-07-21T10:56:57.011321+02:00 HOST-REDACTED-B systemd[1]: Closed CUPS Scheduler.
2026-07-21T10:56:57.011427+02:00 HOST-REDACTED-B systemd[1]: dirmngr@etc-pacman.d-gnupg.socket: Deactivated successfully.
2026-07-21T10:56:57.011492+02:00 HOST-REDACTED-B systemd[1]: Closed GnuPG network certificate management daemon for /etc/pacman.d/gnupg.
2026-07-21T10:56:57.011751+02:00 HOST-REDACTED-B systemd[1]: Removed slice Slice /system/dirmngr.
2026-07-21T10:56:57.011883+02:00 HOST-REDACTED-B systemd[1]: gpg-agent-browser@etc-pacman.d-gnupg.socket: Deactivated successfully.
2026-07-21T10:56:57.011972+02:00 HOST-REDACTED-B systemd[1]: Closed GnuPG cryptographic agent and passphrase cache (access for web browsers) for /etc/pacman.d/gnupg.
2026-07-21T10:56:57.012256+02:00 HOST-REDACTED-B systemd[1]: Removed slice Slice /system/gpg-agent-browser.
2026-07-21T10:56:57.012387+02:00 HOST-REDACTED-B systemd[1]: gpg-agent-extra@etc-pacman.d-gnupg.socket: Deactivated successfully.
2026-07-21T10:56:57.012463+02:00 HOST-REDACTED-B systemd[1]: Closed GnuPG cryptographic agent and passphrase cache (restricted) for /etc/pacman.d/gnupg.
2026-07-21T10:56:57.012703+02:00 HOST-REDACTED-B systemd[1]: Removed slice Slice /system/gpg-agent-extra.
2026-07-21T10:56:57.012828+02:00 HOST-REDACTED-B systemd[1]: gpg-agent-ssh@etc-pacman.d-gnupg.socket: Deactivated successfully.
2026-07-21T10:56:57.012899+02:00 HOST-REDACTED-B systemd[1]: Closed GnuPG cryptographic agent (ssh-agent emulation) for /etc/pacman.d/gnupg.
2026-07-21T10:56:57.013131+02:00 HOST-REDACTED-B systemd[1]: Removed slice Slice /system/gpg-agent-ssh.
2026-07-21T10:56:57.013226+02:00 HOST-REDACTED-B systemd[1]: gpg-agent@etc-pacman.d-gnupg.socket: Deactivated successfully.
2026-07-21T10:56:57.013291+02:00 HOST-REDACTED-B systemd[1]: Closed GnuPG cryptographic agent and passphrase cache for /etc/pacman.d/gnupg.
2026-07-21T10:56:57.013524+02:00 HOST-REDACTED-B systemd[1]: Removed slice Slice /system/gpg-agent.
2026-07-21T10:56:57.013618+02:00 HOST-REDACTED-B systemd[1]: keyboxd@etc-pacman.d-gnupg.socket: Deactivated successfully.
2026-07-21T10:56:57.013682+02:00 HOST-REDACTED-B systemd[1]: Closed GnuPG public key management service for /etc/pacman.d/gnupg.
2026-07-21T10:56:57.013901+02:00 HOST-REDACTED-B systemd[1]: Removed slice Slice /system/keyboxd.
2026-07-21T10:56:57.013994+02:00 HOST-REDACTED-B systemd[1]: sshd-unix-local.socket: Deactivated successfully.
2026-07-21T10:56:57.014052+02:00 HOST-REDACTED-B systemd[1]: Closed OpenSSH Server Socket (systemd-ssh-generator, AF_UNIX Local).
2026-07-21T10:56:57.014199+02:00 HOST-REDACTED-B systemd[1]: steam-web-debug-portforward.socket: Deactivated successfully.
2026-07-21T10:56:57.014407+02:00 HOST-REDACTED-B systemd[1]: Closed steam-web-debug-portforward.socket.
2026-07-21T10:56:57.014518+02:00 HOST-REDACTED-B systemd[1]: systemd-hostnamed.socket: Deactivated successfully.
2026-07-21T10:56:57.014580+02:00 HOST-REDACTED-B systemd[1]: Closed Hostname Service Socket.
2026-07-21T10:56:57.014678+02:00 HOST-REDACTED-B systemd[1]: systemd-importd.socket: Deactivated successfully.
2026-07-21T10:56:57.014736+02:00 HOST-REDACTED-B systemd[1]: Closed Disk Image Download Service Socket.
2026-07-21T10:56:57.014823+02:00 HOST-REDACTED-B systemd[1]: systemd-tmpfiles-setup.service: Deactivated successfully.
2026-07-21T10:56:57.014898+02:00 HOST-REDACTED-B systemd[1]: Stopped Create System Files and Directories.
2026-07-21T10:56:57.015005+02:00 HOST-REDACTED-B systemd[1]: Stopped target Local File Systems.
2026-07-21T10:56:57.015071+02:00 HOST-REDACTED-B systemd[1]: efi.automount: Deactivated successfully.
2026-07-21T10:56:57.015137+02:00 HOST-REDACTED-B systemd[1]: Unset automount efi.automount.
2026-07-21T10:56:57.015198+02:00 HOST-REDACTED-B systemd[1]: esp.automount: Deactivated successfully.
2026-07-21T10:56:57.015257+02:00 HOST-REDACTED-B systemd[1]: Unset automount esp.automount.
2026-07-21T10:56:57.015750+02:00 HOST-REDACTED-B systemd[1]: Unmounting SteamOS Offload - /nix...
2026-07-21T10:56:57.016145+02:00 HOST-REDACTED-B systemd[1]: Unmounting SteamOS Offload - /opt...
2026-07-21T10:56:57.016589+02:00 HOST-REDACTED-B systemd[1]: Unmounting SteamOS Offload - /root...
2026-07-21T10:56:57.017021+02:00 HOST-REDACTED-B systemd[1]: Unmounting SteamOS Offload - /srv...
2026-07-21T10:56:57.017451+02:00 HOST-REDACTED-B systemd[1]: Unmounting Temporary Directory /tmp...
2026-07-21T10:56:57.017901+02:00 HOST-REDACTED-B systemd[1]: Unmounting SteamOS Offload - /var/cache/pacman...
2026-07-21T10:56:57.018419+02:00 HOST-REDACTED-B systemd[1]: Unmounting SteamOS Offload - /var/lib/docker...
2026-07-21T10:56:57.025676+02:00 HOST-REDACTED-B systemd[1]: Unmounting SteamOS Offload - /var/lib/flatpak...
2026-07-21T10:56:57.026234+02:00 HOST-REDACTED-B systemd[1]: Unmounting SteamOS Offload - /var/lib/steamos-log-submitter...
2026-07-21T10:56:57.026835+02:00 HOST-REDACTED-B systemd[1]: Unmounting SteamOS Offload - /var/lib/systemd/coredump...
2026-07-21T10:56:57.027455+02:00 HOST-REDACTED-B systemd[1]: Unmounting SteamOS Offload - /var/tmp...
2026-07-21T10:56:57.027586+02:00 HOST-REDACTED-B systemd[1]: systemd-growfs@home.service: Deactivated successfully.
2026-07-21T10:56:57.027853+02:00 HOST-REDACTED-B systemd[1]: Stopped Grow File System on /home.
2026-07-21T10:56:57.028369+02:00 HOST-REDACTED-B systemd[1]: Removed slice Slice /system/systemd-growfs.
2026-07-21T10:56:57.029270+02:00 HOST-REDACTED-B systemd[1]: Stopping Flush Journal to Persistent Storage...
2026-07-21T10:56:57.029310+02:00 HOST-REDACTED-B systemd[1]: systemd-repart.service: Deactivated successfully.
2026-07-21T10:56:57.029406+02:00 HOST-REDACTED-B systemd[1]: Stopped Repartition Root Disk.
2026-07-21T10:56:57.033812+02:00 HOST-REDACTED-B systemd[1]: nix.mount: Deactivated successfully.
2026-07-21T10:56:57.033973+02:00 HOST-REDACTED-B systemd[1]: Unmounted SteamOS Offload - /nix.
2026-07-21T10:56:57.034218+02:00 HOST-REDACTED-B systemd[1]: opt.mount: Deactivated successfully.
2026-07-21T10:56:57.034432+02:00 HOST-REDACTED-B systemd[1]: Unmounted SteamOS Offload - /opt.
